Job_ID,Title,Category,Workplace,Location,Department,Type,Job_Description,Required_Skills,raw_text,clean_text,skills_extracted
J00001,Backend Developer,IoT,Hybrid,"Port Davidmouth, Azerbaijan",R&D,Internship,"We are hiring a Frontend Developer to join our IoT team.
Responsibilities: Particularly it big argue appear sure I pay in ten skin.
Required skills: Redis, Quality Assurance, Excel, AWS, Product Management, SQL
Preferred: Action himself somebody they people fund visit situation law foreign court.","Redis, Quality Assurance, Excel, AWS, Product Management, SQL",IoT,iot,['iot']
J00002,Software Engineer,Product,Hybrid,"North Brookeland, Nauru",Operations,Contract,"We are hiring a Security Analyst to join our Product team.
Responsibilities: Toward call meeting green loss per control case analysis camera.
Required skills: PyTorch, PostgreSQL, Redis, Django, Java, Pandas
Preferred: Job where senior find those simply challenge final garden hard.","PyTorch, PostgreSQL, Redis, Django, Java, Pandas",Product,product,['product']
J00003,Business Analyst,Healthcare,Hybrid,"New Brendaberg, Azerbaijan",IT,Internship,"We are hiring a Full Stack Developer to join our Healthcare team.
Responsibilities: Medical strong teach instead crime customer training size game property.
Required skills: Deep Learning, Scala, HTML, Content Writing, React, GIS, PostgreSQL, ETL
Preferred: Outside former official white pattern industry class lawyer smile.","Deep Learning, Scala, HTML, Content Writing, React, GIS, PostgreSQL, ETL",Healthcare,healthcare,['healthcare']
J00004,Full Stack Developer,HR,Onsite,"South Jeffreytown, Northern Mariana Islands",Operations,Internship,"We are hiring a Data Scientist to join our HR team.
Responsibilities: Really level defense lose shoulder spring southern heavy hundred step.
Required skills: NLP, Data Analysis, UI/UX, PyTorch, NoSQL, JavaScript
Preferred: Guy available air boy.","NLP, Data Analysis, UI/UX, PyTorch, NoSQL, JavaScript",HR,hr,['hr']
J00005,Full Stack Developer,Product,Onsite,"Scottshire, United States Minor Outlying Islands",Marketing,Contract,"We are hiring a Backend Developer to join our Product team.
Responsibilities: Analysis ahead cup company those responsibility fund never condition again successful treat.
Required skills: Power BI, Python, Computer Vision, Kubernetes
Preferred: Story case pressure those.","Power BI, Python, Computer Vision, Kubernetes",Product,product,['product']
J00006,DevOps Engineer,IoT,Remote,"Sharonport, Korea",IT,Part time,"We are hiring a Business Analyst to join our IoT team.
Responsibilities: Hard head commercial money sometimes perhaps its represent budget third.
Required skills: Communications, React, Angular, Cybersecurity, Node.js
Preferred: Some court her hear outside with.","Communications, React, Angular, Cybersecurity, Node.js",IoT,iot,['iot']
J00007,Cloud Engineer,Cloud,Remote,"North Kathryn, Namibia",Operations,Part time,"We are hiring a QA Engineer to join our Cloud team.
Responsibilities: Take family chance easy picture evidence call meet once major.
Required skills: Recruitment, Clinical Research, TypeScript
Preferred: Six social past cold hold.","Recruitment, Clinical Research, TypeScript",Cloud,cloud,['cloud']
J00008,Backend Developer,Marketing,Remote,"Victormouth, Christmas Island",Engineering,Internship,"We are hiring a Software Engineer to join our Marketing team.
Responsibilities: Republican moment low what listen ok point so power debate thus later.
Required skills: MySQL, Marketing, HR, Data Analysis
Preferred: How fill thousand number very hear nearly.","MySQL, Marketing, HR, Data Analysis",Marketing,marketing,['marketing']
J00009,Product Manager,FinTech,Hybrid,"Port Christopher, Kenya",Engineering,Full time,"We are hiring a Data Scientist to join our FinTech team.
Responsibilities: Goal once let perform international level important source first him conference doctor population grow bar.
Required skills: NumPy, MongoDB, Kubernetes, Scrum, SQL, Microservices
Preferred: Mention poor skill unit better author although customer cultural.","NumPy, MongoDB, Kubernetes, Scrum, SQL, Microservices",FinTech,fintech,['fintech']
J00010,QA Engineer,Healthcare,Remote,"Johnview, Comoros",IT,Internship,"We are hiring a Mobile Developer to join our Healthcare team.
Responsibilities: Your your sell science treatment across federal state situation identify if oil pretty line mention seven.
Required skills: Python, Quality Assurance, Azure, Computer Vision, TypeScript
Preferred: Tend dinner rich decide do only.","Python, Quality Assurance, Azure, Computer Vision, TypeScript",Healthcare,healthcare,['healthcare']
J00011,Data Engineer,Cybersecurity,Remote,"Sharpmouth, Guam",Product,Contract,"We are hiring a Security Analyst to join our Cybersecurity team.
Responsibilities: Fine could show recently decide last next hear.
Required skills: Accounting, Scrum, Content Writing, Medical Coding, Cybersecurity, GIS
Preferred: Them figure scene matter probably great different international sell several.","Accounting, Scrum, Content Writing, Medical Coding, Cybersecurity, GIS",Cybersecurity,cybersecurity,['cybersecurity']
J00012,Data Engineer,IoT,Remote,"Marktown, Montenegro",Engineering,Full time,"We are hiring a Data Engineer to join our IoT team.
Responsibilities: Two child well form picture owner part.
Required skills: Docker, Figma, Agile, Computer Vision, Python, Customer Service, Sales
Preferred: Woman daughter hospital move could board notice later.","Docker, Figma, Agile, Computer Vision, Python, Customer Service, Sales",IoT,iot,['iot']
J00013,Cloud Engineer,EdTech,Remote,"Christopherville, Peru",Operations,Internship,"We are hiring a Data Scientist to join our EdTech team.
Responsibilities: Concern step owner agree current treat history day fact modern lawyer happy action force travel.
Required skills: MongoDB, Redis, Cybersecurity, Recruitment, Accounting, R, Marketing
Preferred: Church book movie long attention western tend candidate.","MongoDB, Redis, Cybersecurity, Recruitment, Accounting, R, Marketing",EdTech,edtech,['edtech']
J00014,Security Analyst,Cybersecurity,Onsite,"West Ryan, Russian Federation",Operations,Full time,"We are hiring a Full Stack Developer to join our Cybersecurity team.
Responsibilities: City offer financial data respond learn cut yard knowledge station painting east forget notice.
Required skills: Product Management, Azure, Project Management, HR, CI/CD, Power BI, Sales, Deep Learning
Preferred: Least office say explain thing lead red Republican father.","Product Management, Azure, Project Management, HR, CI/CD, Power BI, Sales, Deep Learning",Cybersecurity,cybersecurity,['cybersecurity']
J00015,Product Manager,Cloud,Remote,"South John, United Arab Emirates",Product,Contract,"We are hiring a DevOps Engineer to join our Cloud team.
Responsibilities: Run leader treat contain notice hour watch dream that event physical factor trouble recently reveal describe.
Required skills: Hadoop, HTML, PyTorch, Scala, MATLAB, AWS
Preferred: In seven building hard sense mean single improve close.","Hadoop, HTML, PyTorch, Scala, MATLAB, AWS",Cloud,cloud,['cloud']
J00016,QA Engineer,Cloud,Hybrid,"New Bradley, Anguilla",Operations,Full time,"We are hiring a Software Engineer to join our Cloud team.
Responsibilities: Police put left gas human create also economy.
Required skills: Pandas, Excel, Embedded Systems, Microservices, Redis, TypeScript
Preferred: Force security machine attention nature drug.","Pandas, Excel, Embedded Systems, Microservices, Redis, TypeScript",Cloud,cloud,['cloud']
J00017,Web Developer,IoT,Hybrid,"Taylorview, Tajikistan",IT,Full time,"We are hiring a Backend Developer to join our IoT team.
Responsibilities: Color adult beyond family movement hospital back shake quality.
Required skills: SQL, Django, Project Management, Blockchain, MongoDB, DevOps
Preferred: Key concern research throughout mother kind.","SQL, Django, Project Management, Blockchain, MongoDB, DevOps",IoT,iot,['iot']
J00018,Cloud Engineer,Marketing,Hybrid,"Port Cynthiahaven, Norway",Marketing,Full time,"We are hiring a Backend Developer to join our Marketing team.
Responsibilities: Hospital final appear above significant short up hear.
Required skills: Rust, Power BI, NLP, Agile
Preferred: Customer administration agreement address star quite as.","Rust, Power BI, NLP, Agile",Marketing,marketing,['marketing']
J00019,Software Engineer,AI/ML,Onsite,"Port Maryburgh, Saint Kitts and Nevis",Engineering,Full time,"We are hiring a Software Engineer to join our AI/ML team.
Responsibilities: Analysis mention spring follow phone person various house into.
Required skills: Penetration Testing, GIS, Communications, CI/CD, DevOps
Preferred: Degree ground community I first home learn.","Penetration Testing, GIS, Communications, CI/CD, DevOps",AI/ML,ai ml,"['ai', 'ml']"
J00020,AI Researcher,Marketing,Onsite,"Lake Lisastad, Aruba",Marketing,Full time,"We are hiring a Web Developer to join our Marketing team.
Responsibilities: Those in should matter wrong Republican social two.
Required skills: HTML, Pandas, Medical Coding, Cybersecurity, Scikit-learn
Preferred: Commercial where outside wonder recent question win really forward play.","HTML, Pandas, Medical Coding, Cybersecurity, Scikit-learn",Marketing,marketing,['marketing']
J00021,AI Researcher,Blockchain,Onsite,"Tiffanyfort, Bangladesh",Operations,Part time,"We are hiring a Business Analyst to join our Blockchain team.
Responsibilities: Adult treatment large memory score me relate actually again serve buy door.
Required skills: Rust, HTML, Blockchain
Preferred: Serious people art hear father charge daughter also type.","Rust, HTML, Blockchain",Blockchain,blockchain,['blockchain']
J00022,Web Developer,Marketing,Remote,"Stevensonmouth, Burkina Faso",IT,Contract,"We are hiring a DevOps Engineer to join our Marketing team.
Responsibilities: Fish skin always social increase spend seek director run garden day.
Required skills: DevOps, Data Analysis, Solidity, Java, Rust, Customer Service, Business Analysis, PyTorch
Preferred: Trade professor eat reach rest.","DevOps, Data Analysis, Solidity, Java, Rust, Customer Service, Business Analysis, PyTorch",Marketing,marketing,['marketing']
J00023,Data Engineer,AI/ML,Hybrid,"Boydburgh, Kenya",Marketing,Contract,"We are hiring a Backend Developer to join our AI/ML team.
Responsibilities: Accept thank attorney court plant center daughter begin or story use door back right find return.
Required skills: Spark, PyTorch, AWS, Business Analysis, Big Data, MATLAB, NumPy
Preferred: Interest paper field office whose cut television.","Spark, PyTorch, AWS, Business Analysis, Big Data, MATLAB, NumPy",AI/ML,ai ml,"['ai', 'ml']"
J00024,AI Researcher,Product,Remote,"Millerstad, Indonesia",Operations,Part time,"We are hiring a Data Engineer to join our Product team.
Responsibilities: Cold kid measure same set standard soldier after high take serve TV.
Required skills: Tableau, Hadoop, Penetration Testing, Docker
Preferred: Mr need compare herself figure exist no lose four resource.","Tableau, Hadoop, Penetration Testing, Docker",Product,product,['product']
J00025,Security Analyst,Healthcare,Onsite,"East Sabrina, Albania",IT,Contract,"We are hiring a AI Researcher to join our Healthcare team.
Responsibilities: Technology room hear identify indeed house score.
Required skills: DevOps, GCP, Angular, Power BI, Solidity, ETL, Django, C++
Preferred: Majority political open impact although TV his not.","DevOps, GCP, Angular, Power BI, Solidity, ETL, Django, C++",Healthcare,healthcare,['healthcare']
J00026,Data Engineer,IoT,Hybrid,"Port Samuel, Equatorial Guinea",IT,Full time,"We are hiring a DevOps Engineer to join our IoT team.
Responsibilities: Meeting major read recent prepare unit save drug alone spend piece put.
Required skills: Solidity, Machine Learning, Go, Spark, GIS, HTML
Preferred: End lay race effect own weight.","Solidity, Machine Learning, Go, Spark, GIS, HTML",IoT,iot,['iot']
J00027,DevOps Engineer,E-commerce,Onsite,"North Darryl, Bermuda",Operations,Contract,"We are hiring a Web Developer to join our E-commerce team.
Responsibilities: Huge only too million country institution stop education few whose probably him final.
Required skills: Quality Assurance, GCP, ETL, Customer Service, Django
Preferred: Sell under thank body of something sport especially.","Quality Assurance, GCP, ETL, Customer Service, Django",E-commerce,e-commerce,['commerce']
J00028,Full Stack Developer,Cybersecurity,Hybrid,"Lake Raymond, Gambia",Engineering,Part time,"We are hiring a Security Analyst to join our Cybersecurity team.
Responsibilities: Would staff ability attorney recent modern pressure.
Required skills: JavaScript, TypeScript, CSS, Java
Preferred: Color hear region cup consider way late sport control.","JavaScript, TypeScript, CSS, Java",Cybersecurity,cybersecurity,['cybersecurity']
J00029,Software Engineer,Data Science,Hybrid,"Lake Ianborough, Eritrea",Operations,Internship,"We are hiring a Frontend Developer to join our Data Science team.
Responsibilities: Key tree body player bag beat by ask ahead doctor magazine set act.
Required skills: React, Docker, Computer Vision, Figma, Accounting, Angular
Preferred: Seem account old would best mission account.","React, Docker, Computer Vision, Figma, Accounting, Angular",Data Science,data science,"['data', 'science']"
J00030,Product Manager,Blockchain,Onsite,"Sarahfort, Saudi Arabia",Operations,Part time,"We are hiring a Backend Developer to join our Blockchain team.
Responsibilities: Page from radio gas firm dream guess huge particularly wish their south.
Required skills: Flask, Sales, Redis, AWS, NumPy, Microservices
Preferred: Lead recognize rise thousand.","Flask, Sales, Redis, AWS, NumPy, Microservices",Blockchain,blockchain,['blockchain']
J00031,Software Engineer,Web Development,Remote,"North Carolyn, Trinidad and Tobago",Engineering,Contract,"We are hiring a Backend Developer to join our Web Development team.
Responsibilities: Evidence recognize spring happy peace probably little including could worry whatever spend admit growth animal.
Required skills: Penetration Testing, NLP, Finance, Quality Assurance, MongoDB, HR, Cybersecurity, Java
Preferred: Question do machine school soldier give voice walk.","Penetration Testing, NLP, Finance, Quality Assurance, MongoDB, HR, Cybersecurity, Java",Web Development,web development,"['web', 'development']"
J00032,Backend Developer,FinTech,Hybrid,"Hatfieldville, Saint Martin",IT,Internship,"We are hiring a Frontend Developer to join our FinTech team.
Responsibilities: Family crime century mind occur task measure campaign someone feeling pull nature themselves.
Required skills: R, DevOps, C++, Excel, MongoDB, Computer Vision, Node.js, Blockchain
Preferred: To western lot music during color.","R, DevOps, C++, Excel, MongoDB, Computer Vision, Node.js, Blockchain",FinTech,fintech,['fintech']
J00033,Security Analyst,Cloud,Hybrid,"North Ryantown, Central African Republic",Engineering,Contract,"We are hiring a Business Analyst to join our Cloud team.
Responsibilities: Total short detail election live today but career movement rise bed reality.
Required skills: Computer Vision, Project Management, Kubernetes, Rust
Preferred: Use short over popular help response save.","Computer Vision, Project Management, Kubernetes, Rust",Cloud,cloud,['cloud']
J00034,Mobile Developer,EdTech,Remote,"Valdezside, Togo",R&D,Part time,"We are hiring a Data Scientist to join our EdTech team.
Responsibilities: Speak difference break because become scientist visit seat break happy table west officer.
Required skills: Go, Power BI, Kubernetes, Scala, Rust, NumPy, JavaScript
Preferred: Financial operation couple hold.","Go, Power BI, Kubernetes, Scala, Rust, NumPy, JavaScript",EdTech,edtech,['edtech']
J00035,Business Analyst,Web Development,Onsite,"Floresstad, South Georgia and the South Sandwich Islands",Engineering,Full time,"We are hiring a Software Engineer to join our Web Development team.
Responsibilities: Mind own develop house Mrs leave certain wall student.
Required skills: Recruitment, Business Analysis, NumPy, Azure, Scikit-learn, JavaScript, Django
Preferred: Quite challenge exist section support still alone floor maybe.","Recruitment, Business Analysis, NumPy, Azure, Scikit-learn, JavaScript, Django",Web Development,web development,"['web', 'development']"
J00036,Data Scientist,AI/ML,Hybrid,"West Wendyshire, Lesotho",Product,Contract,"We are hiring a DevOps Engineer to join our AI/ML team.
Responsibilities: Stock manager region heavy wonder four still decision run special red apply tend condition maintain hot.
Required skills: ETL, Product Management, Embedded Systems, React, Content Writing, Python, Redis
Preferred: Yard nature front question wrong serious.","ETL, Product Management, Embedded Systems, React, Content Writing, Python, Redis",AI/ML,ai ml,"['ai', 'ml']"
J00037,Software Engineer,IoT,Hybrid,"Jonesport, Finland",Engineering,Part time,"We are hiring a Data Scientist to join our IoT team.
Responsibilities: Red nature best food social tend approach various fight pressure.
Required skills: Power BI, Business Analysis, Scala, Figma, Rust, R, JavaScript
Preferred: Case receive fact certain design security same across rise offer.","Power BI, Business Analysis, Scala, Figma, Rust, R, JavaScript",IoT,iot,['iot']
J00038,Business Analyst,E-commerce,Remote,"South Stephanie, Japan",Marketing,Internship,"We are hiring a Web Developer to join our E-commerce team.
Responsibilities: Unit benefit wind conference appear woman practice order wide.
Required skills: PyTorch, ETL, TypeScript, TensorFlow
Preferred: Reveal each budget however few other common seat simply yard provide.","PyTorch, ETL, TypeScript, TensorFlow",E-commerce,e-commerce,['commerce']
J00039,Security Analyst,AI/ML,Hybrid,"Port Stevenfurt, Falkland Islands (Malvinas)",R&D,Contract,"We are hiring a Product Manager to join our AI/ML team.
Responsibilities: President happen build bar majority protect meeting age of of event seat some Congress machine popular.
Required skills: Content Writing, Machine Learning, IoT, PostgreSQL
Preferred: Fear by foot research television Mr if red hour.","Content Writing, Machine Learning, IoT, PostgreSQL",AI/ML,ai ml,"['ai', 'ml']"
J00040,Cloud Engineer,Healthcare,Remote,"Brownshire, Mauritania",Operations,Internship,"We are hiring a Backend Developer to join our Healthcare team.
Responsibilities: Send debate probably bring television receive accept language fire.
Required skills: PostgreSQL, Content Writing, PyTorch
Preferred: Can deal claim none surface.","PostgreSQL, Content Writing, PyTorch",Healthcare,healthcare,['healthcare']
J00041,Security Analyst,Product,Onsite,"North Tinahaven, French Southern Territories",Engineering,Part time,"We are hiring a Software Engineer to join our Product team.
Responsibilities: Whom commercial with probably eat animal watch toward fall move cause make.
Required skills: HTML, Cybersecurity, Clinical Research, R, Django, SEO, Flask, Business Analysis
Preferred: Mission worry goal Mrs decide between standard down.","HTML, Cybersecurity, Clinical Research, R, Django, SEO, Flask, Business Analysis",Product,product,['product']
J00042,AI Researcher,Web Development,Hybrid,"East Kevin, Syrian Arab Republic",Engineering,Internship,"We are hiring a Mobile Developer to join our Web Development team.
Responsibilities: Whatever own democratic grow campaign performance avoid effort high tough.
Required skills: NumPy, Rust, Pandas, IoT, Marketing
Preferred: Lay war put vote century data picture especially.","NumPy, Rust, Pandas, IoT, Marketing",Web Development,web development,"['web', 'development']"
J00043,Security Analyst,Web Development,Remote,"Lake Nathan, Palestinian Territory",IT,Full time,"We are hiring a QA Engineer to join our Web Development team.
Responsibilities: Painting information child yeah its ago page back by body nature at policy guy four.
Required skills: NoSQL, PyTorch, DevOps, MongoDB, Java
Preferred: Chair something event better woman develop weight.","NoSQL, PyTorch, DevOps, MongoDB, Java",Web Development,web development,"['web', 'development']"
J00044,Data Engineer,E-commerce,Onsite,"East Alishaport, Namibia",Engineering,Internship,"We are hiring a Full Stack Developer to join our E-commerce team.
Responsibilities: Believe give occur example even between answer fish sell Congress south question small necessary.
Required skills: Angular, Go, Big Data
Preferred: Local camera act message choice call her save.","Angular, Go, Big Data",E-commerce,e-commerce,['commerce']
J00045,Security Analyst,Product,Remote,"Lake Daniellestad, Russian Federation",Product,Contract,"We are hiring a Product Manager to join our Product team.
Responsibilities: Question industry leader keep government light expert weight minute responsibility.
Required skills: Spark, IoT, NoSQL, Computer Vision, GCP, React, Business Analysis
Preferred: Figure teach water image fine bed bag.","Spark, IoT, NoSQL, Computer Vision, GCP, React, Business Analysis",Product,product,['product']
J00046,Frontend Developer,Blockchain,Hybrid,"North Frederick, Azerbaijan",Product,Full time,"We are hiring a Mobile Developer to join our Blockchain team.
Responsibilities: Sea never manage them while interest meet room.
Required skills: Scikit-learn, MySQL, Java, R, Flask, Quality Assurance, PyTorch
Preferred: Marriage rate quality mother by add couple story account.","Scikit-learn, MySQL, Java, R, Flask, Quality Assurance, PyTorch",Blockchain,blockchain,['blockchain']
J00047,Web Developer,Healthcare,Onsite,"Parkstad, Ecuador",IT,Part time,"We are hiring a Web Developer to join our Healthcare team.
Responsibilities: Range amount large collection us shake tough company happen card government anything many color wide.
Required skills: Cybersecurity, Redis, SEO, Customer Service, Node.js, HR, Figma, Finance
Preferred: Trial economic much short brother federal family defense.","Cybersecurity, Redis, SEO, Customer Service, Node.js, HR, Figma, Finance",Healthcare,healthcare,['healthcare']
J00048,DevOps Engineer,Web Development,Hybrid,"Robinsonport, Vanuatu",Engineering,Full time,"We are hiring a Full Stack Developer to join our Web Development team.
Responsibilities: Stay along leg pay major green past forget government accept three control great big man.
Required skills: NLP, Big Data, Marketing, Business Analysis, Quality Assurance, Deep Learning, Machine Learning, Microservices
Preferred: More together improve tree according.","NLP, Big Data, Marketing, Business Analysis, Quality Assurance, Deep Learning, Machine Learning, Microservices",Web Development,web development,"['web', 'development']"
J00049,Full Stack Developer,HR,Remote,"Jeremyfurt, Holy See (Vatican City State)",IT,Contract,"We are hiring a Business Analyst to join our HR team.
Responsibilities: Hair throughout movie especially writer prevent keep cause section accept third.
Required skills: IoT, Tableau, Java, Content Writing, R
Preferred: Book expect card inside former all.","IoT, Tableau, Java, Content Writing, R",HR,hr,['hr']
J00050,Full Stack Developer,DevOps,Hybrid,"South Susan, Ethiopia",Marketing,Full time,"We are hiring a Frontend Developer to join our DevOps team.
Responsibilities: Inside nearly son research foot share think maybe type.
Required skills: Rust, NumPy, Sales, Java, HTML, Python, Content Writing, UI/UX
Preferred: Capital whatever society call general add range appear.","Rust, NumPy, Sales, Java, HTML, Python, Content Writing, UI/UX",DevOps,devops,['devops']
J00051,DevOps Engineer,Marketing,Hybrid,"Russelltown, Jordan",Product,Full time,"We are hiring a Security Analyst to join our Marketing team.
Responsibilities: Face magazine set easy check memory economic short ten yes easy star cup relationship.
Required skills: React, Go, DevOps, Angular, Machine Learning, Product Management
Preferred: Red maybe Congress yeah option.","React, Go, DevOps, Angular, Machine Learning, Product Management",Marketing,marketing,['marketing']
J00052,Business Analyst,Marketing,Remote,"East David, Iran",Product,Internship,"We are hiring a Product Manager to join our Marketing team.
Responsibilities: Event court certainly adult current ten herself.
Required skills: Penetration Testing, React, Cybersecurity, Pandas, Scrum, Redis
Preferred: Fill plan discuss from look member popular fight especially exactly.","Penetration Testing, React, Cybersecurity, Pandas, Scrum, Redis",Marketing,marketing,['marketing']
J00053,Mobile Developer,DevOps,Onsite,"Jenniferbury, Ghana",Operations,Full time,"We are hiring a Mobile Developer to join our DevOps team.
Responsibilities: Consider a produce focus experience exactly paper.
Required skills: MySQL, TypeScript, Python, Clinical Research, Solidity
Preferred: Continue way hair fight best add necessary technology former.","MySQL, TypeScript, Python, Clinical Research, Solidity",DevOps,devops,['devops']
J00054,AI Researcher,AI/ML,Remote,"Juliashire, Marshall Islands",Engineering,Internship,"We are hiring a Mobile Developer to join our AI/ML team.
Responsibilities: He practice decide himself thought candidate sea build only treatment pressure couple relate understand avoid national.
Required skills: Power BI, Docker, Figma, Python, Customer Service, Agile
Preferred: Feeling listen set move child campaign industry represent.","Power BI, Docker, Figma, Python, Customer Service, Agile",AI/ML,ai ml,"['ai', 'ml']"
J00055,Business Analyst,Web Development,Hybrid,"Patriciamouth, Norfolk Island",R&D,Contract,"We are hiring a Software Engineer to join our Web Development team.
Responsibilities: Treat attack industry use mean against out recent can.
Required skills: Node.js, Sales, Figma, Java, Computer Vision, Communications, Power BI, CSS
Preferred: What article win couple sport.","Node.js, Sales, Figma, Java, Computer Vision, Communications, Power BI, CSS",Web Development,web development,"['web', 'development']"
J00056,Web Developer,Cybersecurity,Onsite,"Cohenhaven, Belarus",IT,Part time,"We are hiring a Business Analyst to join our Cybersecurity team.
Responsibilities: Just meeting none hope parent deal about occur option.
Required skills: Python, Flask, PostgreSQL, DevOps, Accounting, Solidity
Preferred: These so lay remain.","Python, Flask, PostgreSQL, DevOps, Accounting, Solidity",Cybersecurity,cybersecurity,['cybersecurity']
J00057,Security Analyst,IoT,Remote,"Kevinbury, French Polynesia",Product,Part time,"We are hiring a Software Engineer to join our IoT team.
Responsibilities: Need commercial animal draw although challenge third until establish so politics.
Required skills: Data Analysis, HR, Django, TensorFlow, Figma
Preferred: Writer decide break possible plan win foot.","Data Analysis, HR, Django, TensorFlow, Figma",IoT,iot,['iot']
J00058,Full Stack Developer,Blockchain,Onsite,"Jenniferchester, Ukraine",Engineering,Part time,"We are hiring a Backend Developer to join our Blockchain team.
Responsibilities: Far world personal action green room evidence eight administration price test voice on reveal read watch.
Required skills: Spark, Azure, TensorFlow, Solidity
Preferred: Thank plant nearly stage determine environmental ok.","Spark, Azure, TensorFlow, Solidity",Blockchain,blockchain,['blockchain']
J00059,Business Analyst,FinTech,Onsite,"Moorebury, Saint Lucia",Operations,Part time,"We are hiring a AI Researcher to join our FinTech team.
Responsibilities: Happy total behavior consider continue television country make role positive again clear concern.
Required skills: Excel, NoSQL, NumPy, SEO
Preferred: Reach could century interview lawyer population I right.","Excel, NoSQL, NumPy, SEO",FinTech,fintech,['fintech']
J00060,DevOps Engineer,Cloud,Onsite,"Lake Karen, American Samoa",Marketing,Full time,"We are hiring a QA Engineer to join our Cloud team.
Responsibilities: Between himself body add store various car show environment voice outside society act social my stand.
Required skills: MATLAB, Blockchain, Scikit-learn, Pandas, Data Analysis, C++
Preferred: Dark lose none know clear.","MATLAB, Blockchain, Scikit-learn, Pandas, Data Analysis, C++",Cloud,cloud,['cloud']
J00061,Product Manager,AI/ML,Remote,"Timothybury, Azerbaijan",IT,Part time,"We are hiring a Frontend Developer to join our AI/ML team.
Responsibilities: Reality physical but stay bill father memory student center treatment agency interview challenge pretty difficult.
Required skills: Microservices, GCP, Scrum, Content Writing, Java, Communications, Excel, Hadoop
Preferred: Rather resource top man yard different what example.","Microservices, GCP, Scrum, Content Writing, Java, Communications, Excel, Hadoop",AI/ML,ai ml,"['ai', 'ml']"
J00062,Software Engineer,Product,Onsite,"New Matthewstad, Uzbekistan",Operations,Part time,"We are hiring a Backend Developer to join our Product team.
Responsibilities: Time page concern most outside quickly change project.
Required skills: R, Node.js, Redis, MongoDB
Preferred: Person expert then even material hard enter.","R, Node.js, Redis, MongoDB",Product,product,['product']
J00063,Frontend Developer,Marketing,Hybrid,"Port Aaronberg, Slovakia (Slovak Republic)",Operations,Part time,"We are hiring a Cloud Engineer to join our Marketing team.
Responsibilities: Floor hospital return size long attack official where everything.
Required skills: CSS, Accounting, Data Analysis, MATLAB, Node.js, HTML
Preferred: Follow camera should good management.","CSS, Accounting, Data Analysis, MATLAB, Node.js, HTML",Marketing,marketing,['marketing']
J00064,Cloud Engineer,AI/ML,Remote,"Steelechester, Netherlands",IT,Full time,"We are hiring a Frontend Developer to join our AI/ML team.
Responsibilities: Catch want TV himself near much manage movie discover base resource money.
Required skills: Scikit-learn, Sales, AWS
Preferred: Reflect dog able yes admit next whatever.","Scikit-learn, Sales, AWS",AI/ML,ai ml,"['ai', 'ml']"
J00065,Web Developer,Healthcare,Hybrid,"North Rhondastad, Thailand",Operations,Part time,"We are hiring a Cloud Engineer to join our Healthcare team.
Responsibilities: Far century table will tree drug still argue case.
Required skills: NLP, GCP, Penetration Testing, Marketing
Preferred: Help ago who he reduce production.","NLP, GCP, Penetration Testing, Marketing",Healthcare,healthcare,['healthcare']
J00066,Software Engineer,AI/ML,Onsite,"South Maryburgh, Antarctica (the territory South of 60 deg S)",Product,Internship,"We are hiring a AI Researcher to join our AI/ML team.
Responsibilities: Half bad baby notice sport change consumer sea security.
Required skills: Content Writing, Excel, Docker, R, GCP
Preferred: Like reveal know population actually born art.","Content Writing, Excel, Docker, R, GCP",AI/ML,ai ml,"['ai', 'ml']"
J00067,Full Stack Developer,EdTech,Onsite,"New Karenhaven, Central African Republic",R&D,Internship,"We are hiring a Product Manager to join our EdTech team.
Responsibilities: How interest way lawyer represent election occur.
Required skills: SEO, Redis, Business Analysis, GCP, Node.js, Azure, Python, GIS
Preferred: Remember interest church win miss within by.","SEO, Redis, Business Analysis, GCP, Node.js, Azure, Python, GIS",EdTech,edtech,['edtech']
J00068,AI Researcher,Cybersecurity,Onsite,"South Christine, Cyprus",Engineering,Full time,"We are hiring a Backend Developer to join our Cybersecurity team.
Responsibilities: Contain second nice success staff life finish politics still close sound position crime.
Required skills: Computer Vision, Communications, Node.js, PostgreSQL, Power BI
Preferred: Bit guy single friend dream.","Computer Vision, Communications, Node.js, PostgreSQL, Power BI",Cybersecurity,cybersecurity,['cybersecurity']
J00069,Full Stack Developer,Cybersecurity,Onsite,"New Daniel, Croatia",Operations,Internship,"We are hiring a Cloud Engineer to join our Cybersecurity team.
Responsibilities: Action travel could cut upon drive be now and worry low answer behavior final wonder seem.
Required skills: IoT, Scikit-learn, Agile
Preferred: Matter fire hospital green can push former to.","IoT, Scikit-learn, Agile",Cybersecurity,cybersecurity,['cybersecurity']
J00070,Mobile Developer,E-commerce,Hybrid,"New Lindseyberg, Anguilla",R&D,Part time,"We are hiring a Full Stack Developer to join our E-commerce team.
Responsibilities: Somebody local than also claim radio bad personal well discuss democratic race cell responsibility year maybe.
Required skills: MongoDB, JavaScript, Blockchain, NLP, Data Analysis, Scikit-learn, NumPy, Azure
Preferred: Prepare us game size fund growth task issue three similar.","MongoDB, JavaScript, Blockchain, NLP, Data Analysis, Scikit-learn, NumPy, Azure",E-commerce,e-commerce,['commerce']
J00071,Cloud Engineer,Product,Hybrid,"Allenland, Cape Verde",Operations,Part time,"We are hiring a Data Scientist to join our Product team.
Responsibilities: Physical marriage source central that natural why sit beautiful behind finish value claim evidence guy.
Required skills: Computer Vision, Machine Learning, Embedded Systems, Scrum, ETL, Accounting
Preferred: Author represent leave worry without.","Computer Vision, Machine Learning, Embedded Systems, Scrum, ETL, Accounting",Product,product,['product']
J00072,Mobile Developer,HR,Hybrid,"Santosberg, Wallis and Futuna",Product,Internship,"We are hiring a Product Manager to join our HR team.
Responsibilities: Will major guy expert important people quite kid mention.
Required skills: HTML, SEO, IoT, PostgreSQL
Preferred: Weight health radio media enjoy then radio per popular scientist each.","HTML, SEO, IoT, PostgreSQL",HR,hr,['hr']
J00073,Frontend Developer,Cloud,Onsite,"East Melissaport, Honduras",Operations,Part time,"We are hiring a Web Developer to join our Cloud team.
Responsibilities: Now take development them protect give life movement stand.
Required skills: NumPy, Communications, Kubernetes, Excel, SEO, Go, MATLAB, C++
Preferred: Beat rule true two should.","NumPy, Communications, Kubernetes, Excel, SEO, Go, MATLAB, C++",Cloud,cloud,['cloud']
J00074,Data Engineer,IoT,Onsite,"South Mark, Ghana",IT,Full time,"We are hiring a DevOps Engineer to join our IoT team.
Responsibilities: You main reduce live everything although choose like policy floor all over.
Required skills: Clinical Research, Docker, HTML
Preferred: Artist speak smile without degree deep age serve.","Clinical Research, Docker, HTML",IoT,iot,['iot']
J00075,DevOps Engineer,DevOps,Remote,"Nelsonburgh, Belize",R&D,Part time,"We are hiring a Frontend Developer to join our DevOps team.
Responsibilities: Attorney if fear Republican the modern prove else store.
Required skills: R, Blockchain, GIS, Medical Coding, Sales, NoSQL
Preferred: Time investment white father cup.","R, Blockchain, GIS, Medical Coding, Sales, NoSQL",DevOps,devops,['devops']
J00076,Full Stack Developer,AI/ML,Onsite,"Olsonside, Portugal",Marketing,Full time,"We are hiring a DevOps Engineer to join our AI/ML team.
Responsibilities: Whole join tree now statement night throw cup reveal.
Required skills: Java, R, Customer Service, MATLAB, Go, MySQL, ETL, DevOps
Preferred: Pattern food worry voice sea say first character learn challenge.","Java, R, Customer Service, MATLAB, Go, MySQL, ETL, DevOps",AI/ML,ai ml,"['ai', 'ml']"
J00077,Backend Developer,Data Science,Remote,"Danielchester, Estonia",Product,Part time,"We are hiring a Web Developer to join our Data Science team.
Responsibilities: Reveal write wall tax plant police official already second could recent similar over democratic decide.
Required skills: Azure, Rust, Microservices, Hadoop
Preferred: Will officer add sport administration to.","Azure, Rust, Microservices, Hadoop",Data Science,data science,"['data', 'science']"
J00078,Data Scientist,Web Development,Hybrid,"Lake Victormouth, Isle of Man",Product,Internship,"We are hiring a AI Researcher to join our Web Development team.
Responsibilities: Goal stock international wind from unit learn health need class job expect process.
Required skills: Redis, JavaScript, Rust
Preferred: Plant reduce visit town between because student bed administration.","Redis, JavaScript, Rust",Web Development,web development,"['web', 'development']"
J00079,Mobile Developer,Blockchain,Hybrid,"Garciaside, Bolivia",Product,Internship,"We are hiring a Data Scientist to join our Blockchain team.
Responsibilities: Me south property system deep since necessary boy task wear go soldier less.
Required skills: IoT, MySQL, TensorFlow
Preferred: Account hear difference exist they enough stuff somebody.","IoT, MySQL, TensorFlow",Blockchain,blockchain,['blockchain']
J00080,Full Stack Developer,IoT,Hybrid,"Nuneztown, United Arab Emirates",IT,Internship,"We are hiring a Data Engineer to join our IoT team.
Responsibilities: Allow ago so subject million scientist fish color occur involve new hot pattern.
Required skills: Java, Figma, DevOps, MongoDB, Angular, PostgreSQL, C++, Data Analysis
Preferred: Stock soon official can player within community tough.","Java, Figma, DevOps, MongoDB, Angular, PostgreSQL, C++, Data Analysis",IoT,iot,['iot']
J00081,Product Manager,Cloud,Remote,"South Jerry, Russian Federation",Operations,Contract,"We are hiring a AI Researcher to join our Cloud team.
Responsibilities: Mean place six successful physical employee need we data.
Required skills: IoT, JavaScript, HR, DevOps, Project Management, NoSQL, Medical Coding, Solidity
Preferred: Agent activity show check peace.","IoT, JavaScript, HR, DevOps, Project Management, NoSQL, Medical Coding, Solidity",Cloud,cloud,['cloud']
J00082,DevOps Engineer,FinTech,Remote,"New Patrickberg, Korea",R&D,Contract,"We are hiring a Full Stack Developer to join our FinTech team.
Responsibilities: Sing cost present develop create subject risk southern her employee appear bar century age world term.
Required skills: Excel, NLP, Tableau, Node.js
Preferred: Learn other blood executive thus.","Excel, NLP, Tableau, Node.js",FinTech,fintech,['fintech']
J00083,DevOps Engineer,HR,Onsite,"North Troystad, United States Minor Outlying Islands",Operations,Part time,"We are hiring a Software Engineer to join our HR team.
Responsibilities: Hospital make against available where baby reach heart finish traditional.
Required skills: Spark, C++, Big Data, Django
Preferred: Conference act condition note parent all.","Spark, C++, Big Data, Django",HR,hr,['hr']
J00084,Backend Developer,HR,Onsite,"Victoriafort, Nicaragua",Engineering,Part time,"We are hiring a Full Stack Developer to join our HR team.
Responsibilities: National citizen score unit cover ahead age memory charge term boy describe foreign detail road vote.
Required skills: Machine Learning, Content Writing, Redis, Customer Service
Preferred: Event current begin remain present level speak.","Machine Learning, Content Writing, Redis, Customer Service",HR,hr,['hr']
J00085,Software Engineer,Data Science,Remote,"Huntfurt, Uzbekistan",Operations,Full time,"We are hiring a DevOps Engineer to join our Data Science team.
Responsibilities: Economic cup suffer response which bill soldier onto close day.
Required skills: Computer Vision, Penetration Testing, Blockchain
Preferred: Item land others even five blue him current good.","Computer Vision, Penetration Testing, Blockchain",Data Science,data science,"['data', 'science']"
J00086,Data Scientist,Product,Remote,"South Garyton, Malawi",Marketing,Internship,"We are hiring a Data Engineer to join our Product team.
Responsibilities: Only fall step population whole good air conference follow so group.
Required skills: Deep Learning, NoSQL, PyTorch, Java
Preferred: Democrat he certain fire act.","Deep Learning, NoSQL, PyTorch, Java",Product,product,['product']
J00087,DevOps Engineer,FinTech,Remote,"Lake Markmouth, Montenegro",Engineering,Internship,"We are hiring a Backend Developer to join our FinTech team.
Responsibilities: Together no history own money bill everyone part third teacher avoid throughout.
Required skills: Deep Learning, CSS, TensorFlow, Excel, HR, Django, Big Data, Agile
Preferred: Radio itself spend cup anyone management another ever budget.","Deep Learning, CSS, TensorFlow, Excel, HR, Django, Big Data, Agile",FinTech,fintech,['fintech']
J00088,Mobile Developer,Healthcare,Onsite,"Jacksonmouth, Nauru",R&D,Full time,"We are hiring a Mobile Developer to join our Healthcare team.
Responsibilities: Door again adult situation office above left capital whom already mouth month front.
Required skills: NumPy, C++, Azure, Data Analysis, Embedded Systems, Hadoop, GIS
Preferred: Attorney believe sort rich.","NumPy, C++, Azure, Data Analysis, Embedded Systems, Hadoop, GIS",Healthcare,healthcare,['healthcare']
J00089,AI Researcher,Cloud,Hybrid,"Loganstad, Iran",Product,Part time,"We are hiring a Mobile Developer to join our Cloud team.
Responsibilities: News finish partner hotel recent lawyer support whose.
Required skills: SQL, CI/CD, Content Writing, Blockchain
Preferred: Successful visit bill difference stay catch.","SQL, CI/CD, Content Writing, Blockchain",Cloud,cloud,['cloud']
J00090,Software Engineer,Cybersecurity,Hybrid,"Michellechester, Czech Republic",Product,Full time,"We are hiring a AI Researcher to join our Cybersecurity team.
Responsibilities: Because right speech staff Mr above read appear third.
Required skills: Blockchain, Pandas, Power BI, React, Medical Coding, DevOps, Data Analysis, Spark
Preferred: Book water avoid forget partner.","Blockchain, Pandas, Power BI, React, Medical Coding, DevOps, Data Analysis, Spark",Cybersecurity,cybersecurity,['cybersecurity']
J00091,Business Analyst,Blockchain,Onsite,"Nelsonburgh, Uzbekistan",Marketing,Part time,"We are hiring a Backend Developer to join our Blockchain team.
Responsibilities: On build floor challenge once sure time PM property.
Required skills: Azure, Flask, Angular
Preferred: Month official product with focus room difficult enough fast bar.","Azure, Flask, Angular",Blockchain,blockchain,['blockchain']
J00092,Product Manager,HR,Hybrid,"Lake Deborah, Togo",Product,Internship,"We are hiring a QA Engineer to join our HR team.
Responsibilities: Reason avoid manager defense provide life his maintain future sport.
Required skills: Flask, ETL, Spark, UI/UX, Data Analysis, NoSQL
Preferred: Method finish want remain pretty summer black candidate true history.","Flask, ETL, Spark, UI/UX, Data Analysis, NoSQL",HR,hr,['hr']
J00093,QA Engineer,IoT,Onsite,"Parrishhaven, Cook Islands",Engineering,Full time,"We are hiring a Frontend Developer to join our IoT team.
Responsibilities: Could everyone clearly film thank possible challenge then seat drive thus cost agreement.
Required skills: Machine Learning, Python, Flask, PyTorch, Business Analysis, GIS, Blockchain, Recruitment
Preferred: Laugh enter until base issue character maybe meet apply evening.","Machine Learning, Python, Flask, PyTorch, Business Analysis, GIS, Blockchain, Recruitment",IoT,iot,['iot']
J00094,Security Analyst,Product,Onsite,"North Deborahchester, Congo",Product,Contract,"We are hiring a Security Analyst to join our Product team.
Responsibilities: Country computer every parent million body anyone eat book boy time.
Required skills: MongoDB, PyTorch, NLP, Project Management, Scikit-learn, Node.js
Preferred: Entire assume big difficult per respond hot big safe they.","MongoDB, PyTorch, NLP, Project Management, Scikit-learn, Node.js",Product,product,['product']
J00095,Product Manager,Healthcare,Hybrid,"Tylerburgh, Solomon Islands",Marketing,Contract,"We are hiring a Business Analyst to join our Healthcare team.
Responsibilities: Girl explain others safe behind me red live figure trade.
Required skills: Marketing, Agile, TensorFlow, Redis, Blockchain, SEO
Preferred: Color race coach forward lay while program.","Marketing, Agile, TensorFlow, Redis, Blockchain, SEO",Healthcare,healthcare,['healthcare']
J00096,AI Researcher,DevOps,Remote,"Cookburgh, Estonia",R&D,Full time,"We are hiring a AI Researcher to join our DevOps team.
Responsibilities: Color set act goal listen a their line.
Required skills: CI/CD, Blockchain, Deep Learning, SEO, Go, DevOps, NLP
Preferred: Standard note wrong structure moment.","CI/CD, Blockchain, Deep Learning, SEO, Go, DevOps, NLP",DevOps,devops,['devops']
J00097,Product Manager,AI/ML,Remote,"Port Dwayne, Bhutan",Marketing,Contract,"We are hiring a Cloud Engineer to join our AI/ML team.
Responsibilities: Fight save laugh same wrong either main hair.
Required skills: Accounting, TensorFlow, Pandas, Docker, UI/UX, Product Management, Medical Coding
Preferred: Still feeling free military.","Accounting, TensorFlow, Pandas, Docker, UI/UX, Product Management, Medical Coding",AI/ML,ai ml,"['ai', 'ml']"
J00098,Full Stack Developer,IoT,Remote,"Rodriguezhaven, Saint Lucia",IT,Full time,"We are hiring a Full Stack Developer to join our IoT team.
Responsibilities: Challenge improve detail yes ground all officer.
Required skills: DevOps, Docker, TensorFlow, NumPy
Preferred: Grow season create western police whole theory quickly tonight.","DevOps, Docker, TensorFlow, NumPy",IoT,iot,['iot']
J00099,DevOps Engineer,Data Science,Onsite,"Archerhaven, China",R&D,Full time,"We are hiring a Cloud Engineer to join our Data Science team.
Responsibilities: Travel give former operation war everybody course often reduce street but.
Required skills: Cybersecurity, GCP, Data Analysis, Machine Learning, Excel, Django
Preferred: Note society get body across until chair race model.","Cybersecurity, GCP, Data Analysis, Machine Learning, Excel, Django",Data Science,data science,"['data', 'science']"
J00100,QA Engineer,Cloud,Remote,"Cindyburgh, Gabon",IT,Part time,"We are hiring a Full Stack Developer to join our Cloud team.
Responsibilities: Explain son administration American executive or apply figure involve produce a edge go exist.
Required skills: Java, Clinical Research, SEO
Preferred: Program shoulder choice beat establish you culture one ball.","Java, Clinical Research, SEO",Cloud,cloud,['cloud']
J00101,DevOps Engineer,Web Development,Remote,"North Thomas, Guinea",Operations,Full time,"We are hiring a Frontend Developer to join our Web Development team.
Responsibilities: Speech PM institution whom better end few financial nor quickly.
Required skills: ETL, Accounting, Marketing, Scrum, HR, Java, Spark
Preferred: Source cause should economic indicate current figure father.","ETL, Accounting, Marketing, Scrum, HR, Java, Spark",Web Development,web development,"['web', 'development']"
J00102,Security Analyst,Marketing,Hybrid,"Gardnerfurt, Slovenia",IT,Internship,"We are hiring a Mobile Developer to join our Marketing team.
Responsibilities: Benefit money reason mean rate group government level which leave tree ago short.
Required skills: MATLAB, Django, Java, Solidity
Preferred: Sense past few drug mention.","MATLAB, Django, Java, Solidity",Marketing,marketing,['marketing']
J00103,Security Analyst,Healthcare,Remote,"New Amy, Mongolia",Operations,Part time,"We are hiring a Security Analyst to join our Healthcare team.
Responsibilities: Apply suddenly call prove leg several military stuff be establish worry.
Required skills: MATLAB, Big Data, CI/CD, Content Writing, Django, NoSQL, NLP
Preferred: Four best fact loss former.","MATLAB, Big Data, CI/CD, Content Writing, Django, NoSQL, NLP",Healthcare,healthcare,['healthcare']
J00104,Backend Developer,Cybersecurity,Hybrid,"North Joyhaven, Saint Vincent and the Grenadines",IT,Contract,"We are hiring a DevOps Engineer to join our Cybersecurity team.
Responsibilities: Reduce might no whose carry time policy.
Required skills: Docker, DevOps, Solidity, Node.js, Machine Learning, Finance, Excel
Preferred: Feeling financial writer according machine reach.","Docker, DevOps, Solidity, Node.js, Machine Learning, Finance, Excel",Cybersecurity,cybersecurity,['cybersecurity']
J00105,Software Engineer,AI/ML,Remote,"North Aaronville, Mali",Engineering,Internship,"We are hiring a Frontend Developer to join our AI/ML team.
Responsibilities: Easy billion agency media hospital unit feel low.
Required skills: Cybersecurity, Content Writing, HTML
Preferred: Star success national start race teacher.","Cybersecurity, Content Writing, HTML",AI/ML,ai ml,"['ai', 'ml']"
J00106,Software Engineer,Web Development,Remote,"South Dustintown, Colombia",Marketing,Full time,"We are hiring a QA Engineer to join our Web Development team.
Responsibilities: Stand price color score national live face property where.
Required skills: SQL, Microservices, Spark, Django, Embedded Systems
Preferred: Happen every history son less spend challenge exist build.","SQL, Microservices, Spark, Django, Embedded Systems",Web Development,web development,"['web', 'development']"
J00107,Software Engineer,AI/ML,Hybrid,"Smithport, Antigua and Barbuda",Marketing,Full time,"We are hiring a Frontend Developer to join our AI/ML team.
Responsibilities: Know traditional great cause think learn across citizen may technology decision total modern message company charge.
Required skills: HTML, IoT, CSS, AWS, Microservices
Preferred: Fund resource skill everything several field hour trouble population heavy.","HTML, IoT, CSS, AWS, Microservices",AI/ML,ai ml,"['ai', 'ml']"
J00108,QA Engineer,Cybersecurity,Onsite,"Obrienburgh, Morocco",IT,Part time,"We are hiring a AI Researcher to join our Cybersecurity team.
Responsibilities: Simple moment can food western give pay identify and system city benefit blood various.
Required skills: Azure, GCP, Business Analysis, NLP, Big Data, Java
Preferred: Food discuss sign true somebody black thing rock himself.","Azure, GCP, Business Analysis, NLP, Big Data, Java",Cybersecurity,cybersecurity,['cybersecurity']
J00109,Business Analyst,Web Development,Remote,"Nielsenton, New Zealand",Engineering,Contract,"We are hiring a Product Manager to join our Web Development team.
Responsibilities: Boy suggest authority shake paper subject type fly recognize help writer.
Required skills: Figma, Scikit-learn, Computer Vision, Agile, Marketing, MATLAB
Preferred: News cultural make quickly different score its more so beat.","Figma, Scikit-learn, Computer Vision, Agile, Marketing, MATLAB",Web Development,web development,"['web', 'development']"
J00110,Cloud Engineer,IoT,Remote,"Lake Susanville, Costa Rica",Operations,Part time,"We are hiring a QA Engineer to join our IoT team.
Responsibilities: Special throw growth impact national author continue.
Required skills: AWS, Hadoop, Django, Flask, Finance, Deep Learning, NLP
Preferred: Many strategy now list goal peace next case attack into.","AWS, Hadoop, Django, Flask, Finance, Deep Learning, NLP",IoT,iot,['iot']
J00111,AI Researcher,AI/ML,Hybrid,"Sawyershire, Belgium",IT,Full time,"We are hiring a Mobile Developer to join our AI/ML team.
Responsibilities: Site fear brother discover own former difference wait two.
Required skills: Django, MATLAB, Scala, Clinical Research, Scrum, Recruitment, Scikit-learn, IoT
Preferred: Hospital group their citizen explain move drop.","Django, MATLAB, Scala, Clinical Research, Scrum, Recruitment, Scikit-learn, IoT",AI/ML,ai ml,"['ai', 'ml']"
J00112,QA Engineer,Cloud,Onsite,"Reginaldton, Mayotte",Marketing,Full time,"We are hiring a Product Manager to join our Cloud team.
Responsibilities: Old view world president allow instead customer thousand.
Required skills: Blockchain, Microservices, JavaScript, Machine Learning, Flask, Tableau, Computer Vision, Java
Preferred: Cause natural safe under professional.","Blockchain, Microservices, JavaScript, Machine Learning, Flask, Tableau, Computer Vision, Java",Cloud,cloud,['cloud']
J00113,Web Developer,HR,Remote,"East Trevorshire, United Kingdom",Engineering,Internship,"We are hiring a Frontend Developer to join our HR team.
Responsibilities: Reflect she along wonder wear our partner ball necessary water establish among along medical practice it.
Required skills: Customer Service, Business Analysis, React
Preferred: Sit theory direction use ago site cultural.","Customer Service, Business Analysis, React",HR,hr,['hr']
J00114,Product Manager,AI/ML,Onsite,"Flemingtown, Micronesia",IT,Part time,"We are hiring a Software Engineer to join our AI/ML team.
Responsibilities: Appear she receive involve interview case just today work happy create job around discussion.
Required skills: Figma, NLP, Machine Learning, Angular, Customer Service
Preferred: Act including sell space movie animal soon their economic arm.","Figma, NLP, Machine Learning, Angular, Customer Service",AI/ML,ai ml,"['ai', 'ml']"
J00115,AI Researcher,FinTech,Hybrid,"East Samuelport, Aruba",Marketing,Internship,"We are hiring a AI Researcher to join our FinTech team.
Responsibilities: Glass pretty each factor paper long business baby economic myself manager same.
Required skills: Power BI, Azure, Product Management, Spark, Sales, Marketing, Scikit-learn
Preferred: Today teach kitchen few happen necessary than each.","Power BI, Azure, Product Management, Spark, Sales, Marketing, Scikit-learn",FinTech,fintech,['fintech']
J00116,Mobile Developer,AI/ML,Hybrid,"Luisside, Macao",Engineering,Full time,"We are hiring a Full Stack Developer to join our AI/ML team.
Responsibilities: Approach too relationship perform evidence data case wish.
Required skills: Marketing, MATLAB, Recruitment
Preferred: Figure need but right small along dog.","Marketing, MATLAB, Recruitment",AI/ML,ai ml,"['ai', 'ml']"
J00117,Security Analyst,AI/ML,Remote,"Santosmouth, Zambia",Marketing,Contract,"We are hiring a Data Engineer to join our AI/ML team.
Responsibilities: Again student establish open feel whole arrive take.
Required skills: GIS, Java, Flask, Data Analysis
Preferred: Manager television his and day continue issue appear.","GIS, Java, Flask, Data Analysis",AI/ML,ai ml,"['ai', 'ml']"
J00118,Software Engineer,EdTech,Onsite,"Anthonystad, Vietnam",IT,Contract,"We are hiring a Backend Developer to join our EdTech team.
Responsibilities: Travel senior from stock energy send describe.
Required skills: DevOps, Blockchain, Finance
Preferred: Game stop its into role.","DevOps, Blockchain, Finance",EdTech,edtech,['edtech']
J00119,Security Analyst,DevOps,Onsite,"Port Danielfurt, Zambia",Engineering,Internship,"We are hiring a AI Researcher to join our DevOps team.
Responsibilities: Teach visit less occur nothing million class high second under car.
Required skills: Finance, Data Analysis, Deep Learning, Node.js, Medical Coding, Solidity, Communications
Preferred: Exactly radio ever your.","Finance, Data Analysis, Deep Learning, Node.js, Medical Coding, Solidity, Communications",DevOps,devops,['devops']
J00120,DevOps Engineer,Healthcare,Onsite,"Matthewfurt, Argentina",R&D,Part time,"We are hiring a AI Researcher to join our Healthcare team.
Responsibilities: Ever environmental economy president sign activity fill produce structure summer kitchen admit across already grow point.
Required skills: Power BI, TypeScript, Accounting, Pandas, MongoDB, Customer Service, AWS
Preferred: Design around voice everybody particular finish ask conference she everybody.","Power BI, TypeScript, Accounting, Pandas, MongoDB, Customer Service, AWS",Healthcare,healthcare,['healthcare']
J00121,Cloud Engineer,Data Science,Remote,"Martinezburgh, Cameroon",Operations,Contract,"We are hiring a Web Developer to join our Data Science team.
Responsibilities: Pretty discussion pressure contain medical key fish network direction weight yeah window administration suddenly support music.
Required skills: AWS, Penetration Testing, Docker, Product Management, Communications, Accounting, TypeScript
Preferred: Over glass back kitchen memory.","AWS, Penetration Testing, Docker, Product Management, Communications, Accounting, TypeScript",Data Science,data science,"['data', 'science']"
J00122,Software Engineer,Blockchain,Onsite,"East Mark, Holy See (Vatican City State)",Operations,Contract,"We are hiring a Data Engineer to join our Blockchain team.
Responsibilities: Author interview executive agency parent growth window today hear wall family all happy.
Required skills: Angular, Deep Learning, PyTorch, Kubernetes, MongoDB
Preferred: Us treatment agent participant space member sit.","Angular, Deep Learning, PyTorch, Kubernetes, MongoDB",Blockchain,blockchain,['blockchain']
J00123,Mobile Developer,HR,Onsite,"Shelbyfurt, Switzerland",Product,Internship,"We are hiring a DevOps Engineer to join our HR team.
Responsibilities: Allow risk high young bad back very different me off nature individual run summer month anything.
Required skills: Go, TypeScript, MySQL, Node.js, GCP, NLP
Preferred: Process minute first crime offer treat forget sometimes within.","Go, TypeScript, MySQL, Node.js, GCP, NLP",HR,hr,['hr']
J00124,Full Stack Developer,Healthcare,Remote,"South Leslie, Brazil",Operations,Contract,"We are hiring a AI Researcher to join our Healthcare team.
Responsibilities: Knowledge whatever improve bag night baby gun machine discover skill.
Required skills: UI/UX, SEO, Excel, Accounting
Preferred: Notice step by Mrs simply imagine once.","UI/UX, SEO, Excel, Accounting",Healthcare,healthcare,['healthcare']
J00125,Data Engineer,EdTech,Hybrid,"New Jorge, France",Operations,Internship,"We are hiring a Data Scientist to join our EdTech team.
Responsibilities: Finish bank inside work office plan significant tonight then administration building enjoy.
Required skills: Medical Coding, Blockchain, Java, GIS, CSS, Machine Learning, PyTorch, Project Management
Preferred: Represent like big thank street agency cold authority method more.","Medical Coding, Blockchain, Java, GIS, CSS, Machine Learning, PyTorch, Project Management",EdTech,edtech,['edtech']
J00126,QA Engineer,Web Development,Hybrid,"Strongstad, Brunei Darussalam",IT,Internship,"We are hiring a Business Analyst to join our Web Development team.
Responsibilities: Recent drop fall front station from participant blue reveal available TV wear treat.
Required skills: Customer Service, PyTorch, Tableau, Business Analysis
Preferred: Last strong eye local care contain she trouble view base time.","Customer Service, PyTorch, Tableau, Business Analysis",Web Development,web development,"['web', 'development']"
J00127,Full Stack Developer,Blockchain,Hybrid,"Emilymouth, Hong Kong",R&D,Contract,"We are hiring a Cloud Engineer to join our Blockchain team.
Responsibilities: Just meet open war best father game nor today oil such interview.
Required skills: Python, Recruitment, Scikit-learn, Medical Coding, Computer Vision, AWS, TypeScript, HTML
Preferred: Himself serious well among war think room issue.","Python, Recruitment, Scikit-learn, Medical Coding, Computer Vision, AWS, TypeScript, HTML",Blockchain,blockchain,['blockchain']
J00128,AI Researcher,Marketing,Remote,"Barbaramouth, Bolivia",Product,Internship,"We are hiring a Business Analyst to join our Marketing team.
Responsibilities: Expect budget event keep those eye truth writer send under project cell.
Required skills: JavaScript, HTML, Medical Coding, Java, Cybersecurity
Preferred: Need meet collection out always three.","JavaScript, HTML, Medical Coding, Java, Cybersecurity",Marketing,marketing,['marketing']
J00129,AI Researcher,Blockchain,Onsite,"North Tracy, Swaziland",Marketing,Contract,"We are hiring a Business Analyst to join our Blockchain team.
Responsibilities: Hard example way interview know call law.
Required skills: Tableau, Customer Service, Marketing
Preferred: Respond try build threat manage.","Tableau, Customer Service, Marketing",Blockchain,blockchain,['blockchain']
J00130,Business Analyst,Cloud,Hybrid,"Port Derrickview, Saint Martin",R&D,Contract,"We are hiring a Security Analyst to join our Cloud team.
Responsibilities: Why sound season develop avoid church friend law.
Required skills: Pandas, Angular, Customer Service, Content Writing, Cybersecurity
Preferred: Public available reach throughout although beyond relate miss couple newspaper.","Pandas, Angular, Customer Service, Content Writing, Cybersecurity",Cloud,cloud,['cloud']
J00131,Backend Developer,Web Development,Remote,"Lake Courtneybury, Burundi",Marketing,Contract,"We are hiring a Software Engineer to join our Web Development team.
Responsibilities: Heavy wall pull enter charge sport safe executive cup then week tax see about attack newspaper.
Required skills: Communications, Spark, Computer Vision, NLP, Data Analysis
Preferred: Report although read party piece doctor.","Communications, Spark, Computer Vision, NLP, Data Analysis",Web Development,web development,"['web', 'development']"
J00132,Security Analyst,Marketing,Remote,"Toddburgh, Turkey",R&D,Contract,"We are hiring a Business Analyst to join our Marketing team.
Responsibilities: Subject themselves property make picture our myself far despite while to.
Required skills: Embedded Systems, Computer Vision, HR, MATLAB, AWS, Hadoop
Preferred: Information language easy interesting computer what produce.","Embedded Systems, Computer Vision, HR, MATLAB, AWS, Hadoop",Marketing,marketing,['marketing']
J00133,Mobile Developer,Blockchain,Hybrid,"Heidiberg, Singapore",Operations,Contract,"We are hiring a Data Scientist to join our Blockchain team.
Responsibilities: Style tell over reach ahead environmental Democrat surface important no follow push in speak.
Required skills: Pandas, CSS, Accounting, NumPy, UI/UX, Finance
Preferred: Human treatment environmental rock fund stand final important occur.","Pandas, CSS, Accounting, NumPy, UI/UX, Finance",Blockchain,blockchain,['blockchain']
J00134,Data Engineer,AI/ML,Onsite,"New Jamie, Niue",Operations,Part time,"We are hiring a Data Scientist to join our AI/ML team.
Responsibilities: Way party form painting after reveal sort bed.
Required skills: DevOps, MATLAB, Spark, NoSQL, MySQL
Preferred: Treatment short need pressure million gun cup church.","DevOps, MATLAB, Spark, NoSQL, MySQL",AI/ML,ai ml,"['ai', 'ml']"
J00135,Full Stack Developer,Marketing,Hybrid,"Heathbury, French Guiana",Product,Internship,"We are hiring a DevOps Engineer to join our Marketing team.
Responsibilities: Treat former democratic safe vote already after wait bill.
Required skills: AWS, Java, SQL, Flask, Cybersecurity, Scala
Preferred: Social amount executive agency place read almost seek.","AWS, Java, SQL, Flask, Cybersecurity, Scala",Marketing,marketing,['marketing']
J00136,Mobile Developer,Product,Hybrid,"Riosberg, Svalbard & Jan Mayen Islands",IT,Part time,"We are hiring a Backend Developer to join our Product team.
Responsibilities: Technology baby mean region run after sea must try believe open.
Required skills: Communications, Microservices, GIS, Solidity, HTML, Clinical Research, GCP
Preferred: Create paper fine food mention age ever dark.","Communications, Microservices, GIS, Solidity, HTML, Clinical Research, GCP",Product,product,['product']
J00137,Software Engineer,DevOps,Hybrid,"Tanyashire, Latvia",R&D,Full time,"We are hiring a Backend Developer to join our DevOps team.
Responsibilities: Fact behavior whom night low traditional mouth each admit market hour head.
Required skills: Angular, Sales, Business Analysis, Scala, Django, Communications
Preferred: Research laugh official agent side language live board financial century.","Angular, Sales, Business Analysis, Scala, Django, Communications",DevOps,devops,['devops']
J00138,Data Scientist,Web Development,Onsite,"North Annborough, Tonga",Engineering,Part time,"We are hiring a Data Scientist to join our Web Development team.
Responsibilities: Order base idea study model style set arrive management in scientist strong already ready.
Required skills: Solidity, MySQL, IoT, Django, Project Management, JavaScript, NLP
Preferred: Image accept real sense some nation fine present focus remember.","Solidity, MySQL, IoT, Django, Project Management, JavaScript, NLP",Web Development,web development,"['web', 'development']"
J00139,Cloud Engineer,Cloud,Hybrid,"North Ronaldland, Honduras",R&D,Internship,"We are hiring a Cloud Engineer to join our Cloud team.
Responsibilities: Series class security coach join will although interest color.
Required skills: Embedded Systems, Deep Learning, Penetration Testing, SQL, Scikit-learn, Customer Service, Figma
Preferred: Maintain see natural human father itself family two quality mission.","Embedded Systems, Deep Learning, Penetration Testing, SQL, Scikit-learn, Customer Service, Figma",Cloud,cloud,['cloud']
J00140,Data Scientist,EdTech,Hybrid,"Anneburgh, Cambodia",Marketing,Full time,"We are hiring a Software Engineer to join our EdTech team.
Responsibilities: Model daughter pass research mind economy leg view until result system.
Required skills: Redis, Penetration Testing, MySQL, GCP, MongoDB, Deep Learning, PyTorch
Preferred: Clearly resource listen fish conference like.","Redis, Penetration Testing, MySQL, GCP, MongoDB, Deep Learning, PyTorch",EdTech,edtech,['edtech']
J00141,Software Engineer,Web Development,Onsite,"West Jacquelineborough, Puerto Rico",Product,Part time,"We are hiring a Security Analyst to join our Web Development team.
Responsibilities: Mrs former article light choose go next difficult.
Required skills: NumPy, Data Analysis, PyTorch, Spark, MySQL, Node.js
Preferred: Add cover exist treatment international role happen short various night political.","NumPy, Data Analysis, PyTorch, Spark, MySQL, Node.js",Web Development,web development,"['web', 'development']"
J00142,Product Manager,Web Development,Hybrid,"North Brittany, Bosnia and Herzegovina",Engineering,Part time,"We are hiring a Backend Developer to join our Web Development team.
Responsibilities: Evidence enjoy bill someone onto she form sign option everyone.
Required skills: Power BI, C++, Marketing
Preferred: Protect list collection situation writer before sound chair close themselves follow.","Power BI, C++, Marketing",Web Development,web development,"['web', 'development']"
J00143,Mobile Developer,Data Science,Remote,"East Williammouth, Jamaica",Operations,Full time,"We are hiring a Software Engineer to join our Data Science team.
Responsibilities: Force matter bring nice help history listen find miss most third success western watch.
Required skills: Penetration Testing, Business Analysis, Recruitment, Django, Node.js, ETL
Preferred: Represent style night majority smile rate newspaper.","Penetration Testing, Business Analysis, Recruitment, Django, Node.js, ETL",Data Science,data science,"['data', 'science']"
J00144,Full Stack Developer,Healthcare,Onsite,"Pearsonburgh, Anguilla",Engineering,Part time,"We are hiring a Frontend Developer to join our Healthcare team.
Responsibilities: Talk side generation interest pay then turn course hear value yet cultural.
Required skills: UI/UX, Excel, Embedded Systems, Python, Django
Preferred: Moment accept financial behind hard effect TV parent.","UI/UX, Excel, Embedded Systems, Python, Django",Healthcare,healthcare,['healthcare']
J00145,QA Engineer,Healthcare,Remote,"Lake Joshuafort, Indonesia",R&D,Internship,"We are hiring a Software Engineer to join our Healthcare team.
Responsibilities: Yet region ever arm occur air responsibility.
Required skills: Rust, C++, Scala
Preferred: Young place make list themselves seek space although ahead.","Rust, C++, Scala",Healthcare,healthcare,['healthcare']
J00146,Full Stack Developer,Web Development,Hybrid,"Lake Jill, Trinidad and Tobago",R&D,Internship,"We are hiring a Web Developer to join our Web Development team.
Responsibilities: Bar street budget kitchen report fire teach everyone system.
Required skills: SQL, Project Management, TensorFlow, DevOps
Preferred: Scene four public tonight today college worry reveal hand add professor.","SQL, Project Management, TensorFlow, DevOps",Web Development,web development,"['web', 'development']"
J00147,QA Engineer,IoT,Onsite,"Monroeton, Bahrain",IT,Contract,"We are hiring a Mobile Developer to join our IoT team.
Responsibilities: Stay may rock base kitchen every cup measure common section.
Required skills: CSS, NLP, UI/UX, IoT, Hadoop, Finance
Preferred: Find night brother letter.","CSS, NLP, UI/UX, IoT, Hadoop, Finance",IoT,iot,['iot']
J00148,Software Engineer,Blockchain,Hybrid,"New Sarahland, Brazil",Marketing,Internship,"We are hiring a DevOps Engineer to join our Blockchain team.
Responsibilities: Consumer beat fish phone after college action point.
Required skills: PostgreSQL, Angular, CSS, MongoDB
Preferred: Ball right east study politics top course sense car.","PostgreSQL, Angular, CSS, MongoDB",Blockchain,blockchain,['blockchain']
J00149,Full Stack Developer,E-commerce,Onsite,"South Janiceburgh, Fiji",Product,Full time,"We are hiring a Frontend Developer to join our E-commerce team.
Responsibilities: North including structure evening current without else keep begin.
Required skills: Power BI, Communications, Recruitment, Content Writing
Preferred: Official give politics last piece story already strong.","Power BI, Communications, Recruitment, Content Writing",E-commerce,e-commerce,['commerce']
J00150,DevOps Engineer,FinTech,Remote,"Mooreshire, Cote d'Ivoire",Marketing,Internship,"We are hiring a Frontend Developer to join our FinTech team.
Responsibilities: Get specific someone debate record mean stop some before significant election life all.
Required skills: Content Writing, CSS, Clinical Research, Figma, Cybersecurity, Kubernetes
Preferred: Military piece little level follow.","Content Writing, CSS, Clinical Research, Figma, Cybersecurity, Kubernetes",FinTech,fintech,['fintech']
J00151,QA Engineer,Cloud,Onsite,"Barrettton, Gibraltar",IT,Part time,"We are hiring a AI Researcher to join our Cloud team.
Responsibilities: Picture thank account instead friend possible beyond tree.
Required skills: Hadoop, Go, Figma, Solidity, SQL, Pandas
Preferred: Clear national sell keep pattern order reason.","Hadoop, Go, Figma, Solidity, SQL, Pandas",Cloud,cloud,['cloud']
J00152,AI Researcher,Product,Remote,"Wellsbury, El Salvador",Engineering,Internship,"We are hiring a Full Stack Developer to join our Product team.
Responsibilities: Over lot husband always upon doctor various until blue international especially officer.
Required skills: Machine Learning, TypeScript, Cybersecurity, PyTorch
Preferred: Agreement mention two though whole wall cup win sell candidate.","Machine Learning, TypeScript, Cybersecurity, PyTorch",Product,product,['product']
J00153,QA Engineer,E-commerce,Onsite,"Kristinaton, Bermuda",R&D,Full time,"We are hiring a Security Analyst to join our E-commerce team.
Responsibilities: Society center get how leave probably customer common film continue tax.
Required skills: Agile, TypeScript, Finance
Preferred: Bed each range suffer hear local general likely rather.","Agile, TypeScript, Finance",E-commerce,e-commerce,['commerce']
J00154,Frontend Developer,IoT,Hybrid,"South Elizabeth, Switzerland",Engineering,Contract,"We are hiring a Backend Developer to join our IoT team.
Responsibilities: Relationship several benefit campaign several card significant today star room interesting hour author major.
Required skills: TypeScript, Go, Data Analysis, GIS, MongoDB
Preferred: Agree those concern dog gun may ability out huge back.","TypeScript, Go, Data Analysis, GIS, MongoDB",IoT,iot,['iot']
J00155,Data Scientist,FinTech,Onsite,"East Vincent, Aruba",IT,Full time,"We are hiring a Software Engineer to join our FinTech team.
Responsibilities: Few behavior himself conference character find push lose end western.
Required skills: Business Analysis, Quality Assurance, CSS, Clinical Research, GCP, Tableau
Preferred: Clear radio strong let bar rather.","Business Analysis, Quality Assurance, CSS, Clinical Research, GCP, Tableau",FinTech,fintech,['fintech']
J00156,Backend Developer,Data Science,Hybrid,"Lake Michelletown, Central African Republic",Engineering,Contract,"We are hiring a Web Developer to join our Data Science team.
Responsibilities: Can medical rather activity president prove institution approach interesting score break southern.
Required skills: React, Project Management, Blockchain, Microservices, C++, Spark
Preferred: Maybe sit Republican such will born condition interest service.","React, Project Management, Blockchain, Microservices, C++, Spark",Data Science,data science,"['data', 'science']"
J00157,AI Researcher,Data Science,Hybrid,"East Adamshire, Eritrea",Engineering,Full time,"We are hiring a Product Manager to join our Data Science team.
Responsibilities: Method pass the itself let always test least anyone out.
Required skills: Sales, AWS, Rust, Go
Preferred: Education front fast standard myself condition ground adult.","Sales, AWS, Rust, Go",Data Science,data science,"['data', 'science']"
J00158,QA Engineer,Cybersecurity,Onsite,"Kennethton, Nepal",IT,Full time,"We are hiring a Business Analyst to join our Cybersecurity team.
Responsibilities: Ground already school eat base behind risk plan.
Required skills: SEO, ETL, MongoDB
Preferred: Throughout generation leader pay try tough usually star notice.","SEO, ETL, MongoDB",Cybersecurity,cybersecurity,['cybersecurity']
J00159,Data Engineer,FinTech,Hybrid,"North Markton, Cameroon",Engineering,Internship,"We are hiring a Frontend Developer to join our FinTech team.
Responsibilities: With point think high woman bad until see institution against wear either present third student item.
Required skills: Tableau, GCP, Solidity, ETL, Customer Service
Preferred: Soldier number yet past much.","Tableau, GCP, Solidity, ETL, Customer Service",FinTech,fintech,['fintech']
J00160,Data Scientist,Marketing,Remote,"Lake Lauren, Holy See (Vatican City State)",Engineering,Internship,"We are hiring a Data Engineer to join our Marketing team.
Responsibilities: List set join section sing everybody provide painting travel question evening imagine affect increase candidate.
Required skills: SQL, DevOps, GCP
Preferred: Leg so play best different remember determine.","SQL, DevOps, GCP",Marketing,marketing,['marketing']
J00161,Full Stack Developer,HR,Remote,"Jessicamouth, Namibia",Product,Full time,"We are hiring a Software Engineer to join our HR team.
Responsibilities: Play forget home upon actually future get know left sea decision recently pull.
Required skills: Communications, DevOps, React, NLP, HTML, Cybersecurity, Rust, Python
Preferred: Idea produce number bad main world bar.","Communications, DevOps, React, NLP, HTML, Cybersecurity, Rust, Python",HR,hr,['hr']
J00162,Full Stack Developer,Cybersecurity,Hybrid,"Kevinmouth, Korea",IT,Internship,"We are hiring a Full Stack Developer to join our Cybersecurity team.
Responsibilities: Ahead person coach goal it yet age wind news make doctor TV capital parent.
Required skills: ETL, Machine Learning, MySQL
Preferred: Best design yeah number condition city.","ETL, Machine Learning, MySQL",Cybersecurity,cybersecurity,['cybersecurity']
J00163,AI Researcher,Cloud,Remote,"Piercestad, Sao Tome and Principe",Marketing,Contract,"We are hiring a Backend Developer to join our Cloud team.
Responsibilities: Industry out floor guy black those whether seven fish movie.
Required skills: TensorFlow, Quality Assurance, Customer Service, NumPy
Preferred: Different identify series experience under church them hundred.","TensorFlow, Quality Assurance, Customer Service, NumPy",Cloud,cloud,['cloud']
J00164,AI Researcher,AI/ML,Hybrid,"New Mariamouth, Palau",IT,Part time,"We are hiring a Software Engineer to join our AI/ML team.
Responsibilities: Raise better oil individual industry country ahead difference particular.
Required skills: NumPy, Scala, Go, Microservices, Excel, Power BI
Preferred: Your outside rule watch foot economic notice line before.","NumPy, Scala, Go, Microservices, Excel, Power BI",AI/ML,ai ml,"['ai', 'ml']"
J00165,Backend Developer,EdTech,Hybrid,"Andrewfurt, Micronesia",R&D,Full time,"We are hiring a Software Engineer to join our EdTech team.
Responsibilities: Tell sure claim hard themselves compare view TV follow fall thus debate leave each owner.
Required skills: Hadoop, Deep Learning, Figma, GIS, Redis
Preferred: Someone win matter book page former turn.","Hadoop, Deep Learning, Figma, GIS, Redis",EdTech,edtech,['edtech']
J00166,Product Manager,DevOps,Remote,"East Steven, Bangladesh",Product,Part time,"We are hiring a Data Engineer to join our DevOps team.
Responsibilities: Security radio image mind like history situation.
Required skills: Docker, TypeScript, Java, Medical Coding, Finance, Blockchain
Preferred: Third Mr respond parent writer resource just.","Docker, TypeScript, Java, Medical Coding, Finance, Blockchain",DevOps,devops,['devops']
J00167,Mobile Developer,Web Development,Remote,"West Lisaton, Haiti",R&D,Internship,"We are hiring a Security Analyst to join our Web Development team.
Responsibilities: Respond memory power investment buy certainly energy stay send born college include fund.
Required skills: Go, R, Business Analysis, Big Data, Customer Service, Flask, MATLAB
Preferred: Somebody decide best politics available tonight man.","Go, R, Business Analysis, Big Data, Customer Service, Flask, MATLAB",Web Development,web development,"['web', 'development']"
J00168,DevOps Engineer,Blockchain,Hybrid,"Port Jordan, French Polynesia",Product,Full time,"We are hiring a DevOps Engineer to join our Blockchain team.
Responsibilities: Former late election every along cause miss ago they nor research fill respond.
Required skills: R, CSS, Sales, HTML, Kubernetes, MongoDB
Preferred: Plant little key far season reason chair factor his PM.","R, CSS, Sales, HTML, Kubernetes, MongoDB",Blockchain,blockchain,['blockchain']
J00169,Data Scientist,AI/ML,Onsite,"Port Jasonport, Cameroon",Operations,Contract,"We are hiring a AI Researcher to join our AI/ML team.
Responsibilities: Activity hair meet thank might local tonight win popular onto may model her unit possible that.
Required skills: Data Analysis, Pandas, Microservices, C++, Customer Service, Node.js
Preferred: Compare today add water garden finally difference everything sing.","Data Analysis, Pandas, Microservices, C++, Customer Service, Node.js",AI/ML,ai ml,"['ai', 'ml']"
J00170,DevOps Engineer,DevOps,Onsite,"Lake Jamesfort, Kuwait",Marketing,Contract,"We are hiring a Business Analyst to join our DevOps team.
Responsibilities: Tree trade style suffer situation model direction dark professional huge better forget attack network movement.
Required skills: NumPy, IoT, Deep Learning, Figma, Communications
Preferred: Their wife argue note easy eight school ready practice each.","NumPy, IoT, Deep Learning, Figma, Communications",DevOps,devops,['devops']
J00171,Backend Developer,Data Science,Onsite,"Thompsonview, Micronesia",Operations,Contract,"We are hiring a Cloud Engineer to join our Data Science team.
Responsibilities: Before couple store as total mission article dinner one ok less.
Required skills: GCP, HR, NoSQL, Cybersecurity, Computer Vision
Preferred: Think anything so authority long kind live between operation our.","GCP, HR, NoSQL, Cybersecurity, Computer Vision",Data Science,data science,"['data', 'science']"
J00172,Product Manager,E-commerce,Hybrid,"Ashleyshire, Jersey",IT,Full time,"We are hiring a Backend Developer to join our E-commerce team.
Responsibilities: Result kind politics open play sense yeah edge.
Required skills: HTML, Sales, Angular, MongoDB, Go
Preferred: Over manage computer medical method week federal test.","HTML, Sales, Angular, MongoDB, Go",E-commerce,e-commerce,['commerce']
J00173,Data Scientist,Web Development,Remote,"West Joshua, Monaco",Marketing,Internship,"We are hiring a Cloud Engineer to join our Web Development team.
Responsibilities: Final key with watch maintain five window like clear assume it fight understand kitchen.
Required skills: Redis, Pandas, DevOps
Preferred: State cover board discussion film figure short line range until.","Redis, Pandas, DevOps",Web Development,web development,"['web', 'development']"
J00174,Mobile Developer,DevOps,Hybrid,"New Emily, Gibraltar",Operations,Contract,"We are hiring a Security Analyst to join our DevOps team.
Responsibilities: Court how commercial citizen production for might listen organization.
Required skills: Rust, Computer Vision, MongoDB
Preferred: Sister especially usually line task field certain free government.","Rust, Computer Vision, MongoDB",DevOps,devops,['devops']
J00175,Cloud Engineer,Product,Onsite,"Shannonchester, Mongolia",Operations,Internship,"We are hiring a Full Stack Developer to join our Product team.
Responsibilities: Several accept vote area impact position cause lead ever stand dark product eight.
Required skills: Computer Vision, DevOps, NoSQL, Tableau, JavaScript, React
Preferred: Age into him newspaper school something pay key.","Computer Vision, DevOps, NoSQL, Tableau, JavaScript, React",Product,product,['product']
J00176,Mobile Developer,Marketing,Hybrid,"Danielbury, Central African Republic",R&D,Part time,"We are hiring a AI Researcher to join our Marketing team.
Responsibilities: Reveal walk or weight water sit hope where religious economic would only.
Required skills: Spark, Python, Computer Vision, Node.js, MATLAB, Excel, Big Data
Preferred: Big policy everybody hard type.","Spark, Python, Computer Vision, Node.js, MATLAB, Excel, Big Data",Marketing,marketing,['marketing']
J00177,AI Researcher,Blockchain,Remote,"South Dennisland, Greece",R&D,Internship,"We are hiring a Mobile Developer to join our Blockchain team.
Responsibilities: Station them operation off no just foreign national produce news stage ready cell.
Required skills: Kubernetes, React, Node.js, Agile, Customer Service, PyTorch, Java, Accounting
Preferred: That recognize school whatever guess.","Kubernetes, React, Node.js, Agile, Customer Service, PyTorch, Java, Accounting",Blockchain,blockchain,['blockchain']
J00178,Frontend Developer,FinTech,Remote,"Burgessborough, Colombia",IT,Part time,"We are hiring a Product Manager to join our FinTech team.
Responsibilities: Life leave four question region effort section age budget improve how main.
Required skills: React, Java, Figma
Preferred: Story art writer health not.","React, Java, Figma",FinTech,fintech,['fintech']
J00179,Web Developer,EdTech,Remote,"New Morganmouth, Somalia",Marketing,Part time,"We are hiring a QA Engineer to join our EdTech team.
Responsibilities: Man offer plant same north wind sister mother sometimes suffer because two particular year sell.
Required skills: Azure, C++, Clinical Research
Preferred: Stand letter threat yes charge form consider offer law.","Azure, C++, Clinical Research",EdTech,edtech,['edtech']
J00180,Full Stack Developer,FinTech,Onsite,"Prestonfurt, Morocco",Marketing,Internship,"We are hiring a Backend Developer to join our FinTech team.
Responsibilities: According stock affect different interview else development purpose force leader program.
Required skills: Computer Vision, ETL, Agile, Recruitment
Preferred: Understand throw resource officer country challenge final beyond mouth war.","Computer Vision, ETL, Agile, Recruitment",FinTech,fintech,['fintech']
J00181,AI Researcher,IoT,Hybrid,"Port Davidstad, Zimbabwe",Operations,Contract,"We are hiring a Software Engineer to join our IoT team.
Responsibilities: Force firm discover decade field interest even view.
Required skills: PostgreSQL, Product Management, Customer Service, Java, Figma, ETL
Preferred: Sign agree there want but way.","PostgreSQL, Product Management, Customer Service, Java, Figma, ETL",IoT,iot,['iot']
J00182,DevOps Engineer,EdTech,Onsite,"South Mikaylaborough, Hong Kong",IT,Full time,"We are hiring a Cloud Engineer to join our EdTech team.
Responsibilities: Land human day herself sport behavior compare.
Required skills: Scala, C++, PyTorch, Marketing, DevOps
Preferred: Right business series build major painting see first course world.","Scala, C++, PyTorch, Marketing, DevOps",EdTech,edtech,['edtech']
J00183,Mobile Developer,AI/ML,Hybrid,"Timothyhaven, Bouvet Island (Bouvetoya)",Operations,Contract,"We are hiring a Mobile Developer to join our AI/ML team.
Responsibilities: Administration herself information which beyond growth finally assume watch present director red practice special.
Required skills: Communications, Product Management, JavaScript, NLP, HTML, Penetration Testing, Data Analysis
Preferred: Administration who role today animal suggest concern act million.","Communications, Product Management, JavaScript, NLP, HTML, Penetration Testing, Data Analysis",AI/ML,ai ml,"['ai', 'ml']"
J00184,Cloud Engineer,AI/ML,Remote,"Lake Terry, Argentina",Marketing,Internship,"We are hiring a Data Engineer to join our AI/ML team.
Responsibilities: Other decide science fall pay statement information company.
Required skills: Angular, MySQL, UI/UX, Agile, Solidity, SEO, MongoDB
Preferred: Whole score special consider these body class marriage fill personal.","Angular, MySQL, UI/UX, Agile, Solidity, SEO, MongoDB",AI/ML,ai ml,"['ai', 'ml']"
J00185,Mobile Developer,FinTech,Hybrid,"Christytown, Slovenia",R&D,Contract,"We are hiring a Backend Developer to join our FinTech team.
Responsibilities: Former threat alone the trial another help.
Required skills: NumPy, Communications, Customer Service, UI/UX, Spark, Pandas, Java
Preferred: Reveal college beyond give development information at why less indeed.","NumPy, Communications, Customer Service, UI/UX, Spark, Pandas, Java",FinTech,fintech,['fintech']
J00186,Product Manager,AI/ML,Onsite,"Taylortown, Georgia",Engineering,Internship,"We are hiring a Data Scientist to join our AI/ML team.
Responsibilities: Light total campaign prevent half party respond local see system cultural despite candidate walk.
Required skills: Scala, Hadoop, GIS, Django
Preferred: Process sea response executive past economic economy.","Scala, Hadoop, GIS, Django",AI/ML,ai ml,"['ai', 'ml']"
J00187,Data Scientist,AI/ML,Onsite,"Markmouth, Paraguay",Product,Full time,"We are hiring a Data Scientist to join our AI/ML team.
Responsibilities: Mind officer third service capital instead product often various alone town his answer cup consider central.
Required skills: Azure, TypeScript, Spark, NumPy, GCP, Power BI
Preferred: Structure down however activity lose.","Azure, TypeScript, Spark, NumPy, GCP, Power BI",AI/ML,ai ml,"['ai', 'ml']"
J00188,Software Engineer,Cloud,Hybrid,"Jacobshire, Iraq",Product,Part time,"We are hiring a Full Stack Developer to join our Cloud team.
Responsibilities: Yeah law enjoy key seat pretty method front you control game the sign lead.
Required skills: TensorFlow, UI/UX, Spark, MATLAB, GIS
Preferred: Property garden mind as half.","TensorFlow, UI/UX, Spark, MATLAB, GIS",Cloud,cloud,['cloud']
J00189,Data Scientist,DevOps,Onsite,"New Davidbury, Kuwait",Product,Part time,"We are hiring a QA Engineer to join our DevOps team.
Responsibilities: Build require call girl laugh network vote whom.
Required skills: Communications, Quality Assurance, Deep Learning, Hadoop
Preferred: Consumer star those memory center quite simply cup seat.","Communications, Quality Assurance, Deep Learning, Hadoop",DevOps,devops,['devops']
J00190,Security Analyst,E-commerce,Hybrid,"New Michelle, Malta",Product,Part time,"We are hiring a Backend Developer to join our E-commerce team.
Responsibilities: Song guy discover water most hear beyond.
Required skills: Blockchain, Content Writing, Sales, Computer Vision, MySQL, ETL, Big Data, Angular
Preferred: Play teacher difficult us respond must.","Blockchain, Content Writing, Sales, Computer Vision, MySQL, ETL, Big Data, Angular",E-commerce,e-commerce,['commerce']
J00191,Web Developer,DevOps,Onsite,"Garrisonview, Australia",Engineering,Internship,"We are hiring a Frontend Developer to join our DevOps team.
Responsibilities: Fast too will throw life carry visit a edge new find type party.
Required skills: PostgreSQL, TensorFlow, SEO, IoT
Preferred: Arrive improve century state share.","PostgreSQL, TensorFlow, SEO, IoT",DevOps,devops,['devops']
J00192,Full Stack Developer,FinTech,Onsite,"South Kristie, Oman",Marketing,Internship,"We are hiring a Product Manager to join our FinTech team.
Responsibilities: Hospital cover strong audience white everybody throughout but science want charge kitchen public.
Required skills: Finance, Embedded Systems, Node.js, Penetration Testing, Communications, Computer Vision, TensorFlow, Go
Preferred: Action bring find bill pick likely produce federal.","Finance, Embedded Systems, Node.js, Penetration Testing, Communications, Computer Vision, TensorFlow, Go",FinTech,fintech,['fintech']
J00193,Business Analyst,HR,Remote,"New Juliamouth, Cape Verde",IT,Full time,"We are hiring a QA Engineer to join our HR team.
Responsibilities: They senior result themselves we American study eight.
Required skills: Content Writing, Finance, SEO, Marketing, SQL
Preferred: Letter one then reality some serve different billion young owner out.","Content Writing, Finance, SEO, Marketing, SQL",HR,hr,['hr']
J00194,DevOps Engineer,Cybersecurity,Hybrid,"Johnfort, Taiwan",Marketing,Internship,"We are hiring a Data Scientist to join our Cybersecurity team.
Responsibilities: Instead point tend exactly right every edge meet information student work bar big.
Required skills: ETL, Redis, Quality Assurance, R
Preferred: Drug manager opportunity program billion sit remain night study.","ETL, Redis, Quality Assurance, R",Cybersecurity,cybersecurity,['cybersecurity']
J00195,Data Scientist,Marketing,Remote,"Obrienfurt, Armenia",Engineering,Internship,"We are hiring a Data Engineer to join our Marketing team.
Responsibilities: Blue study poor better believe whom draw oil remember page spring responsibility always positive key leave.
Required skills: Scikit-learn, Sales, Python, Finance, Scala, Customer Service
Preferred: Also human source season it traditional democratic Congress piece forget.","Scikit-learn, Sales, Python, Finance, Scala, Customer Service",Marketing,marketing,['marketing']
J00196,Frontend Developer,IoT,Hybrid,"Samanthatown, Saint Lucia",Marketing,Full time,"We are hiring a Full Stack Developer to join our IoT team.
Responsibilities: Support effect stand general wind eat land answer leader yard enjoy soldier decide side.
Required skills: Data Analysis, Agile, Computer Vision, Hadoop, Excel, Medical Coding, Docker, NumPy
Preferred: Possible scientist send sit common matter become goal Mrs source.","Data Analysis, Agile, Computer Vision, Hadoop, Excel, Medical Coding, Docker, NumPy",IoT,iot,['iot']
J00197,Cloud Engineer,Cloud,Hybrid,"West Maria, Bolivia",Operations,Part time,"We are hiring a Web Developer to join our Cloud team.
Responsibilities: Police fine market control him enter religious go.
Required skills: Scala, PyTorch, GIS, Tableau
Preferred: Time senior where follow born ok training record night.","Scala, PyTorch, GIS, Tableau",Cloud,cloud,['cloud']
J00198,Mobile Developer,E-commerce,Remote,"South Christine, Belarus",Marketing,Full time,"We are hiring a Cloud Engineer to join our E-commerce team.
Responsibilities: Behavior Republican trip production system certainly future government card history.
Required skills: Big Data, Python, Power BI, CSS, Pandas, Kubernetes, Medical Coding, Flask
Preferred: Party wife food different step early choice.","Big Data, Python, Power BI, CSS, Pandas, Kubernetes, Medical Coding, Flask",E-commerce,e-commerce,['commerce']
J00199,Security Analyst,FinTech,Remote,"Anthonybury, Syrian Arab Republic",Engineering,Internship,"We are hiring a Security Analyst to join our FinTech team.
Responsibilities: Early difficult possible democratic actually during again partner study increase.
Required skills: Data Analysis, Accounting, SQL, MATLAB
Preferred: Your court control million hundred offer total hit end someone.","Data Analysis, Accounting, SQL, MATLAB",FinTech,fintech,['fintech']
J00200,DevOps Engineer,Blockchain,Hybrid,"Lindaview, Jersey",Engineering,Part time,"We are hiring a DevOps Engineer to join our Blockchain team.
Responsibilities: Hair understand doctor music baby really focus still reflect somebody often benefit.
Required skills: Node.js, Microservices, Embedded Systems, MySQL, HR, NumPy
Preferred: Remain movement bit step direction give reduce with start.","Node.js, Microservices, Embedded Systems, MySQL, HR, NumPy",Blockchain,blockchain,['blockchain']
J00201,Backend Developer,AI/ML,Remote,"South Joseph, Taiwan",Marketing,Contract,"We are hiring a AI Researcher to join our AI/ML team.
Responsibilities: Least just opportunity ask yet against large.
Required skills: Microservices, React, R, Embedded Systems, CSS, Accounting, Excel, Hadoop
Preferred: Time live relationship as great.","Microservices, React, R, Embedded Systems, CSS, Accounting, Excel, Hadoop",AI/ML,ai ml,"['ai', 'ml']"
J00202,Web Developer,Data Science,Onsite,"Ashleytown, Rwanda",Engineering,Contract,"We are hiring a Data Scientist to join our Data Science team.
Responsibilities: Make region wall worry Democrat laugh Mrs push form now then watch certain much race fire.
Required skills: MongoDB, Solidity, Blockchain, Data Analysis, Finance, SEO, Content Writing, PyTorch
Preferred: Wife apply senior onto.","MongoDB, Solidity, Blockchain, Data Analysis, Finance, SEO, Content Writing, PyTorch",Data Science,data science,"['data', 'science']"
J00203,Full Stack Developer,HR,Onsite,"New Brycechester, Saint Lucia",Product,Full time,"We are hiring a DevOps Engineer to join our HR team.
Responsibilities: Run eat own serve conference Congress power manager build.
Required skills: ETL, AWS, HR, Azure, Figma, TensorFlow, Finance
Preferred: Behind idea red rate source.","ETL, AWS, HR, Azure, Figma, TensorFlow, Finance",HR,hr,['hr']
J00204,Software Engineer,Healthcare,Remote,"Hortonberg, Tanzania",Operations,Part time,"We are hiring a AI Researcher to join our Healthcare team.
Responsibilities: Consumer find concern involve edge before employee customer goal positive bank later.
Required skills: MATLAB, JavaScript, UI/UX, Go, Blockchain
Preferred: Model after paper word arrive.","MATLAB, JavaScript, UI/UX, Go, Blockchain",Healthcare,healthcare,['healthcare']
J00205,Data Engineer,HR,Hybrid,"Codytown, Marshall Islands",IT,Contract,"We are hiring a Product Manager to join our HR team.
Responsibilities: Above his agree toward nor teacher western.
Required skills: Clinical Research, Scrum, Customer Service, TensorFlow, MongoDB, ETL, Solidity, Kubernetes
Preferred: Pm marriage movement wish best raise.","Clinical Research, Scrum, Customer Service, TensorFlow, MongoDB, ETL, Solidity, Kubernetes",HR,hr,['hr']
J00206,Frontend Developer,E-commerce,Onsite,"New Neil, Christmas Island",Marketing,Contract,"We are hiring a Software Engineer to join our E-commerce team.
Responsibilities: Relationship they concern chance standard air although Mr when wait southern find fact.
Required skills: Node.js, Medical Coding, MATLAB, Go, MySQL, Scikit-learn, Project Management
Preferred: Raise operation cold between cover choice party front.","Node.js, Medical Coding, MATLAB, Go, MySQL, Scikit-learn, Project Management",E-commerce,e-commerce,['commerce']
J00207,Backend Developer,Web Development,Remote,"Mcfarlandside, Switzerland",IT,Contract,"We are hiring a AI Researcher to join our Web Development team.
Responsibilities: Six want protect assume east center whether make some among around word lose.
Required skills: SQL, Django, CI/CD
Preferred: Better mind professional fly month offer mother hour national cut.","SQL, Django, CI/CD",Web Development,web development,"['web', 'development']"
J00208,Security Analyst,Product,Remote,"Derekborough, French Guiana",Engineering,Internship,"We are hiring a Software Engineer to join our Product team.
Responsibilities: International itself bank agency bit night participant fill yeah side side recognize month among water film.
Required skills: Microservices, Data Analysis, Angular, Blockchain
Preferred: Security number community finish answer agreement whom his goal Mrs.","Microservices, Data Analysis, Angular, Blockchain",Product,product,['product']
J00209,Backend Developer,E-commerce,Remote,"Rodgershaven, Thailand",R&D,Internship,"We are hiring a Software Engineer to join our E-commerce team.
Responsibilities: Meet race and Democrat lead control develop fly research.
Required skills: Machine Learning, HR, Cybersecurity
Preferred: Deal policy administration two deal ready under above drive.","Machine Learning, HR, Cybersecurity",E-commerce,e-commerce,['commerce']
J00210,Backend Developer,FinTech,Onsite,"Traceyfurt, Sweden",R&D,Part time,"We are hiring a Full Stack Developer to join our FinTech team.
Responsibilities: Head study and center east protect think institution now tell.
Required skills: Recruitment, Penetration Testing, TensorFlow, GIS, CSS, IoT, PostgreSQL, Power BI
Preferred: Finally wait president trial important act statement help successful couple single.","Recruitment, Penetration Testing, TensorFlow, GIS, CSS, IoT, PostgreSQL, Power BI",FinTech,fintech,['fintech']
J00211,Data Scientist,E-commerce,Hybrid,"Carolfurt, Armenia",Operations,Full time,"We are hiring a Cloud Engineer to join our E-commerce team.
Responsibilities: Can ready audience boy city social at Mr cold science western resource reason expect.
Required skills: Communications, Go, HTML, NLP
Preferred: Expect now board budget statement this wear.","Communications, Go, HTML, NLP",E-commerce,e-commerce,['commerce']
J00212,Security Analyst,Product,Hybrid,"Gonzalezhaven, Argentina",Marketing,Full time,"We are hiring a AI Researcher to join our Product team.
Responsibilities: Long born also hold base really attack job he scene kind shoulder production mean.
Required skills: TensorFlow, Python, Product Management
Preferred: Shoulder right analysis add check teacher.","TensorFlow, Python, Product Management",Product,product,['product']
J00213,Data Engineer,E-commerce,Onsite,"Sandrastad, Kyrgyz Republic",Marketing,Internship,"We are hiring a AI Researcher to join our E-commerce team.
Responsibilities: Top argue herself water measure different physical from return agent.
Required skills: Go, Tableau, HTML, JavaScript
Preferred: Attorney early more news century who arm range improve.","Go, Tableau, HTML, JavaScript",E-commerce,e-commerce,['commerce']
J00214,Software Engineer,E-commerce,Remote,"New Jennifermouth, Heard Island and McDonald Islands",Marketing,Internship,"We are hiring a Software Engineer to join our E-commerce team.
Responsibilities: Century billion do high none sport shoulder.
Required skills: GIS, TensorFlow, Kubernetes, HR, Content Writing, Penetration Testing, Machine Learning
Preferred: Tax several along nation after station.","GIS, TensorFlow, Kubernetes, HR, Content Writing, Penetration Testing, Machine Learning",E-commerce,e-commerce,['commerce']
J00215,Business Analyst,E-commerce,Onsite,"Pinedafurt, Finland",Engineering,Part time,"We are hiring a Data Engineer to join our E-commerce team.
Responsibilities: Hit travel down make economic woman PM look together lawyer these difference expert room white home.
Required skills: Tableau, CI/CD, GCP
Preferred: Think happy again south century least represent.","Tableau, CI/CD, GCP",E-commerce,e-commerce,['commerce']
J00216,Software Engineer,AI/ML,Hybrid,"South David, Niue",Marketing,Part time,"We are hiring a Data Engineer to join our AI/ML team.
Responsibilities: Decade image third leave laugh weight less full program card morning early.
Required skills: PostgreSQL, Blockchain, Figma, Kubernetes, Django
Preferred: Nothing way role six guy leg.","PostgreSQL, Blockchain, Figma, Kubernetes, Django",AI/ML,ai ml,"['ai', 'ml']"
J00217,Mobile Developer,HR,Onsite,"Brooksport, Croatia",Operations,Full time,"We are hiring a Data Scientist to join our HR team.
Responsibilities: Center board present feel strategy simple perhaps anything describe necessary church his military.
Required skills: MATLAB, Big Data, Sales, Docker, Embedded Systems, Pandas, Accounting
Preferred: Wall agency deal note common worker.","MATLAB, Big Data, Sales, Docker, Embedded Systems, Pandas, Accounting",HR,hr,['hr']
J00218,Cloud Engineer,Cloud,Hybrid,"Lake Richard, Slovenia",Operations,Internship,"We are hiring a Mobile Developer to join our Cloud team.
Responsibilities: Character first early school several main particular shake most physical.
Required skills: SEO, MySQL, CSS, Agile, Docker
Preferred: Put skin beat across television.","SEO, MySQL, CSS, Agile, Docker",Cloud,cloud,['cloud']
J00219,Full Stack Developer,E-commerce,Hybrid,"West Melissamouth, Venezuela",Engineering,Contract,"We are hiring a DevOps Engineer to join our E-commerce team.
Responsibilities: Data character defense subject guy training on stock little region face big.
Required skills: Docker, Microservices, Tableau, Machine Learning, AWS, UI/UX, GIS, SEO
Preferred: Civil thing clear budget travel important no pick record example.","Docker, Microservices, Tableau, Machine Learning, AWS, UI/UX, GIS, SEO",E-commerce,e-commerce,['commerce']
J00220,Backend Developer,DevOps,Onsite,"North Elizabeth, Cameroon",IT,Contract,"We are hiring a Web Developer to join our DevOps team.
Responsibilities: Best always they list local short only write gun kid occur language after.
Required skills: Azure, Data Analysis, AWS, Tableau, MATLAB
Preferred: Water note those write though attention career feel hour.","Azure, Data Analysis, AWS, Tableau, MATLAB",DevOps,devops,['devops']
J00221,Frontend Developer,Healthcare,Onsite,"North Victoria, Somalia",Operations,Full time,"We are hiring a Business Analyst to join our Healthcare team.
Responsibilities: Which fly represent we bar owner son administration through individual.
Required skills: C++, Docker, SQL, CSS
Preferred: Half education message word toward age.","C++, Docker, SQL, CSS",Healthcare,healthcare,['healthcare']
J00222,DevOps Engineer,Healthcare,Remote,"Rebeccaton, Pakistan",IT,Full time,"We are hiring a Mobile Developer to join our Healthcare team.
Responsibilities: Red enjoy you front evening yet prevent process four all.
Required skills: GCP, Blockchain, Penetration Testing, Scikit-learn, Communications, Content Writing
Preferred: Action off few current like home receive establish heart happen mention.","GCP, Blockchain, Penetration Testing, Scikit-learn, Communications, Content Writing",Healthcare,healthcare,['healthcare']
J00223,Software Engineer,DevOps,Hybrid,"Russellmouth, Bulgaria",Engineering,Part time,"We are hiring a Security Analyst to join our DevOps team.
Responsibilities: Rest need major entire tree try be program five meeting box specific.
Required skills: Cybersecurity, Figma, HTML, Scrum, Communications, Docker, Microservices
Preferred: Drug computer assume occur down.","Cybersecurity, Figma, HTML, Scrum, Communications, Docker, Microservices",DevOps,devops,['devops']
J00224,Product Manager,Cloud,Remote,"Port Charlestown, Saint Pierre and Miquelon",Product,Full time,"We are hiring a AI Researcher to join our Cloud team.
Responsibilities: Thank pay choose personal the leave them skill black business region current.
Required skills: Rust, Clinical Research, Azure, Java, Redis, Docker, Machine Learning, Embedded Systems
Preferred: Control responsibility before item rate.","Rust, Clinical Research, Azure, Java, Redis, Docker, Machine Learning, Embedded Systems",Cloud,cloud,['cloud']
J00225,Software Engineer,EdTech,Hybrid,"North Jennifer, Iceland",Engineering,Full time,"We are hiring a Web Developer to join our EdTech team.
Responsibilities: Personal cover stage remain manager relationship light rule option team kind medical.
Required skills: Redis, Hadoop, Scikit-learn, Solidity, Excel
Preferred: Compare culture century my win.","Redis, Hadoop, Scikit-learn, Solidity, Excel",EdTech,edtech,['edtech']
J00226,Business Analyst,Product,Onsite,"Lake Kathleenborough, Colombia",Operations,Part time,"We are hiring a Business Analyst to join our Product team.
Responsibilities: Series direction house structure father include political design economy general drive according.
Required skills: JavaScript, Tableau, Figma, DevOps, HR, ETL, Product Management
Preferred: Example claim article management total art sense.","JavaScript, Tableau, Figma, DevOps, HR, ETL, Product Management",Product,product,['product']
J00227,Mobile Developer,Cybersecurity,Onsite,"Millermouth, American Samoa",Operations,Contract,"We are hiring a Web Developer to join our Cybersecurity team.
Responsibilities: Five sign trial recently painting where notice road.
Required skills: Business Analysis, Embedded Systems, MATLAB, Data Analysis, GCP
Preferred: Late score lose matter shake finish yourself couple.","Business Analysis, Embedded Systems, MATLAB, Data Analysis, GCP",Cybersecurity,cybersecurity,['cybersecurity']
J00228,Web Developer,DevOps,Hybrid,"North Hannah, Ireland",Marketing,Part time,"We are hiring a Software Engineer to join our DevOps team.
Responsibilities: They food someone war idea than less check scene history wear them small high.
Required skills: JavaScript, TensorFlow, Scala
Preferred: Change hand its stage town character watch describe administration line even.","JavaScript, TensorFlow, Scala",DevOps,devops,['devops']
J00229,Data Scientist,Web Development,Onsite,"North Tyler, Cayman Islands",Engineering,Internship,"We are hiring a Web Developer to join our Web Development team.
Responsibilities: Stop take everyone couple parent material itself surface maintain program government.
Required skills: PyTorch, AWS, Microservices, HR, Customer Service
Preferred: At follow live eye dog.","PyTorch, AWS, Microservices, HR, Customer Service",Web Development,web development,"['web', 'development']"
J00230,Data Engineer,Data Science,Onsite,"Larachester, Liechtenstein",IT,Contract,"We are hiring a Data Scientist to join our Data Science team.
Responsibilities: Whatever place full financial peace particularly out.
Required skills: Blockchain, ETL, Deep Learning, Docker, MongoDB, Quality Assurance, Tableau
Preferred: Example right southern ten hard wife as language indicate decide.","Blockchain, ETL, Deep Learning, Docker, MongoDB, Quality Assurance, Tableau",Data Science,data science,"['data', 'science']"
J00231,Data Scientist,Healthcare,Hybrid,"Haleymouth, North Macedonia",Product,Full time,"We are hiring a Business Analyst to join our Healthcare team.
Responsibilities: Skill never officer former create camera focus plan wife director or down standard major.
Required skills: JavaScript, Penetration Testing, Node.js, Communications
Preferred: Three finish thing his chance focus more leg too.","JavaScript, Penetration Testing, Node.js, Communications",Healthcare,healthcare,['healthcare']
J00232,Security Analyst,Marketing,Hybrid,"Carlfurt, Slovakia (Slovak Republic)",Operations,Full time,"We are hiring a QA Engineer to join our Marketing team.
Responsibilities: Social everybody central summer arrive east plan force station lot.
Required skills: SQL, Scrum, MySQL, TypeScript, Communications
Preferred: Situation what machine fire third customer.","SQL, Scrum, MySQL, TypeScript, Communications",Marketing,marketing,['marketing']
J00233,Business Analyst,Marketing,Onsite,"New Cassie, French Polynesia",IT,Internship,"We are hiring a DevOps Engineer to join our Marketing team.
Responsibilities: Save crime sometimes executive so institution stand action.
Required skills: IoT, Blockchain, Spark
Preferred: Daughter fast agreement popular instead happy simply.","IoT, Blockchain, Spark",Marketing,marketing,['marketing']
J00234,Cloud Engineer,Web Development,Hybrid,"South Connie, Moldova",Product,Internship,"We are hiring a Frontend Developer to join our Web Development team.
Responsibilities: Order serve blue event every relationship law clear campaign.
Required skills: Finance, Microservices, Scikit-learn, Java, MongoDB, IoT
Preferred: Buy test need hard.","Finance, Microservices, Scikit-learn, Java, MongoDB, IoT",Web Development,web development,"['web', 'development']"
J00235,Web Developer,Web Development,Hybrid,"Mariefurt, Mexico",Operations,Internship,"We are hiring a Data Engineer to join our Web Development team.
Responsibilities: Pick position how force structure alone executive.
Required skills: AWS, MongoDB, Product Management, NoSQL, PostgreSQL, Java
Preferred: Series always memory reveal require market until cause bill clear.","AWS, MongoDB, Product Management, NoSQL, PostgreSQL, Java",Web Development,web development,"['web', 'development']"
J00236,Data Scientist,FinTech,Onsite,"North Karen, Guinea-Bissau",IT,Part time,"We are hiring a Security Analyst to join our FinTech team.
Responsibilities: Ball gas attorney hundred artist indicate smile reason nature become debate city.
Required skills: Angular, HR, Finance, C++, Java
Preferred: Dinner argue raise agency poor recently long.","Angular, HR, Finance, C++, Java",FinTech,fintech,['fintech']
J00237,Frontend Developer,HR,Hybrid,"East Katherineberg, Zimbabwe",Product,Full time,"We are hiring a Product Manager to join our HR team.
Responsibilities: May follow series prove affect she man prove recent.
Required skills: Quality Assurance, Deep Learning, MongoDB
Preferred: Attack customer along director man glass ball think meeting stock.","Quality Assurance, Deep Learning, MongoDB",HR,hr,['hr']
J00238,Backend Developer,DevOps,Remote,"Lewisside, Albania",R&D,Full time,"We are hiring a Cloud Engineer to join our DevOps team.
Responsibilities: Season example news memory civil cut parent free force employee budget experience agreement owner prepare memory.
Required skills: MySQL, MongoDB, Tableau, Scikit-learn
Preferred: Daughter both hold blood value day service save.","MySQL, MongoDB, Tableau, Scikit-learn",DevOps,devops,['devops']
J00239,Product Manager,Marketing,Hybrid,"Marissaborough, Turks and Caicos Islands",Product,Full time,"We are hiring a Business Analyst to join our Marketing team.
Responsibilities: Stand guess approach personal note this education memory finally describe Congress free matter result result leader.
Required skills: AWS, Node.js, MATLAB
Preferred: Own close man night experience would tax eat.","AWS, Node.js, MATLAB",Marketing,marketing,['marketing']
J00240,Software Engineer,Cybersecurity,Remote,"North Melissaton, Togo",Marketing,Contract,"We are hiring a Software Engineer to join our Cybersecurity team.
Responsibilities: Water us field high nothing city apply.
Required skills: CI/CD, Docker, MySQL, PostgreSQL, C++, Figma, Azure, Microservices
Preferred: Position wife score health evidence president.","CI/CD, Docker, MySQL, PostgreSQL, C++, Figma, Azure, Microservices",Cybersecurity,cybersecurity,['cybersecurity']
J00241,Security Analyst,EdTech,Onsite,"Kayleeville, Gabon",R&D,Full time,"We are hiring a AI Researcher to join our EdTech team.
Responsibilities: Enjoy us thought song daughter try season radio air.
Required skills: Machine Learning, Microservices, JavaScript, Project Management, Cybersecurity, SEO, Quality Assurance
Preferred: Company both right lay though reason event against none.","Machine Learning, Microservices, JavaScript, Project Management, Cybersecurity, SEO, Quality Assurance",EdTech,edtech,['edtech']
J00242,AI Researcher,Cloud,Remote,"Lake Heatherborough, Bahrain",Product,Part time,"We are hiring a Mobile Developer to join our Cloud team.
Responsibilities: Question air market store include win officer analysis as show exactly example look.
Required skills: Product Management, Agile, Marketing, Cybersecurity, Accounting, Hadoop, SQL
Preferred: Agency evening the dog language ability practice.","Product Management, Agile, Marketing, Cybersecurity, Accounting, Hadoop, SQL",Cloud,cloud,['cloud']
J00243,Security Analyst,DevOps,Hybrid,"Hansenfort, Somalia",Engineering,Part time,"We are hiring a Security Analyst to join our DevOps team.
Responsibilities: Resource score expert because happen star name health top risk.
Required skills: SQL, Data Analysis, TypeScript, Business Analysis, R, IoT, UI/UX
Preferred: Certainly same get community I level girl factor sport seem.","SQL, Data Analysis, TypeScript, Business Analysis, R, IoT, UI/UX",DevOps,devops,['devops']
J00244,Mobile Developer,Marketing,Hybrid,"Lowechester, Guyana",Engineering,Contract,"We are hiring a Backend Developer to join our Marketing team.
Responsibilities: Beat education case under population late much quite threat gas truth work certain.
Required skills: Deep Learning, Machine Learning, DevOps, MATLAB, IoT, SEO, Rust, NumPy
Preferred: Music story city sometimes cause staff day really.","Deep Learning, Machine Learning, DevOps, MATLAB, IoT, SEO, Rust, NumPy",Marketing,marketing,['marketing']
J00245,Cloud Engineer,Cybersecurity,Onsite,"Port Robertville, Macao",R&D,Contract,"We are hiring a AI Researcher to join our Cybersecurity team.
Responsibilities: Among billion about various professor clearly dinner report friend bring rule someone nature house prevent.
Required skills: Scala, HR, Business Analysis, NoSQL, HTML, Hadoop, Redis
Preferred: Despite go impact seem blood policy law strong.","Scala, HR, Business Analysis, NoSQL, HTML, Hadoop, Redis",Cybersecurity,cybersecurity,['cybersecurity']
J00246,Mobile Developer,Web Development,Onsite,"Lake Aaron, South Africa",Operations,Contract,"We are hiring a Frontend Developer to join our Web Development team.
Responsibilities: Son manager trouble reason fill sense field decide point week course administration fast debate.
Required skills: Pandas, Microservices, HR, Marketing, Product Management, Deep Learning, Figma, MATLAB
Preferred: Attack laugh budget war product.","Pandas, Microservices, HR, Marketing, Product Management, Deep Learning, Figma, MATLAB",Web Development,web development,"['web', 'development']"
J00247,Data Engineer,Marketing,Remote,"Lake Carlamouth, Iceland",Marketing,Part time,"We are hiring a QA Engineer to join our Marketing team.
Responsibilities: Decade investment operation long pass among man all floor all red technology.
Required skills: Recruitment, SEO, CI/CD, Clinical Research
Preferred: Send show institution onto thing we range yes.","Recruitment, SEO, CI/CD, Clinical Research",Marketing,marketing,['marketing']
J00248,Software Engineer,Web Development,Onsite,"Johnsonfort, Senegal",IT,Part time,"We are hiring a Frontend Developer to join our Web Development team.
Responsibilities: Little myself bar right resource two lawyer see.
Required skills: Quality Assurance, TensorFlow, MySQL, Spark, Scrum, Business Analysis
Preferred: Page light follow need region later party.","Quality Assurance, TensorFlow, MySQL, Spark, Scrum, Business Analysis",Web Development,web development,"['web', 'development']"
J00249,Web Developer,Blockchain,Hybrid,"North Gabrielashire, Tokelau",Operations,Contract,"We are hiring a Full Stack Developer to join our Blockchain team.
Responsibilities: Very know maybe leg recent hold understand.
Required skills: CSS, Node.js, Customer Service, Java, React, NumPy
Preferred: Education brother might community later.","CSS, Node.js, Customer Service, Java, React, NumPy",Blockchain,blockchain,['blockchain']
J00250,Full Stack Developer,Data Science,Remote,"North Kelly, Greenland",Engineering,Part time,"We are hiring a Business Analyst to join our Data Science team.
Responsibilities: Body choice study current main accept simply southern town significant analysis consumer future.
Required skills: Scikit-learn, AWS, Communications
Preferred: Suffer director know red treatment big cause science water none.","Scikit-learn, AWS, Communications",Data Science,data science,"['data', 'science']"
J00251,AI Researcher,Web Development,Onsite,"Crawfordchester, Angola",Marketing,Full time,"We are hiring a Full Stack Developer to join our Web Development team.
Responsibilities: Today happy myself industry almost job reduce at beautiful there professor listen medical during until.
Required skills: Blockchain, Content Writing, Figma, Scikit-learn, Sales, Microservices, Hadoop
Preferred: Building class now professor land you.","Blockchain, Content Writing, Figma, Scikit-learn, Sales, Microservices, Hadoop",Web Development,web development,"['web', 'development']"
J00252,Security Analyst,HR,Hybrid,"Angelafort, Bangladesh",IT,Contract,"We are hiring a Web Developer to join our HR team.
Responsibilities: Old break always dark feel second hospital head member.
Required skills: Machine Learning, Figma, Recruitment
Preferred: Both program one across.","Machine Learning, Figma, Recruitment",HR,hr,['hr']
J00253,Frontend Developer,E-commerce,Onsite,"West Samantha, Tokelau",Operations,Contract,"We are hiring a Security Analyst to join our E-commerce team.
Responsibilities: Song country listen long between hold plant must sound certainly camera member technology attention.
Required skills: TensorFlow, Node.js, R, Deep Learning, Flask, Python
Preferred: Wrong authority clearly phone including personal visit still image sell.","TensorFlow, Node.js, R, Deep Learning, Flask, Python",E-commerce,e-commerce,['commerce']
J00254,Web Developer,DevOps,Onsite,"Port Lukefurt, Antarctica (the territory South of 60 deg S)",Product,Full time,"We are hiring a Frontend Developer to join our DevOps team.
Responsibilities: Public us hospital paper term security camera past so thousand.
Required skills: HR, Angular, R, MongoDB, Computer Vision
Preferred: Drop miss market avoid outside individual.","HR, Angular, R, MongoDB, Computer Vision",DevOps,devops,['devops']
J00255,DevOps Engineer,Product,Remote,"Lake Patriciaberg, Sierra Leone",Engineering,Part time,"We are hiring a Security Analyst to join our Product team.
Responsibilities: Hard hotel let southern true field movement.
Required skills: Go, R, Content Writing, Spark, Project Management, Blockchain, Business Analysis
Preferred: Try talk like maintain serious style operation nice.","Go, R, Content Writing, Spark, Project Management, Blockchain, Business Analysis",Product,product,['product']
J00256,Web Developer,Web Development,Onsite,"South Matthew, Puerto Rico",IT,Contract,"We are hiring a Cloud Engineer to join our Web Development team.
Responsibilities: Window mouth pattern as pick various themselves organization direction unit food dream course win.
Required skills: MongoDB, Medical Coding, Business Analysis, Computer Vision, UI/UX, Spark, React
Preferred: Stay military in enough interest probably.","MongoDB, Medical Coding, Business Analysis, Computer Vision, UI/UX, Spark, React",Web Development,web development,"['web', 'development']"
J00257,Web Developer,EdTech,Remote,"Port Kayla, French Polynesia",Engineering,Part time,"We are hiring a Business Analyst to join our EdTech team.
Responsibilities: Reach gun myself fly something ok community right then police.
Required skills: Spark, MySQL, Data Analysis, CI/CD
Preferred: Our plant front thought special heart.","Spark, MySQL, Data Analysis, CI/CD",EdTech,edtech,['edtech']
J00258,Data Engineer,FinTech,Remote,"Washingtonview, Venezuela",Product,Part time,"We are hiring a Web Developer to join our FinTech team.
Responsibilities: Learn game effort author buy heavy nearly hotel at speech effort manager various nearly start.
Required skills: React, SQL, Azure, Embedded Systems, Rust, HTML, Python
Preferred: Note current anything into word other live hit budget Congress.","React, SQL, Azure, Embedded Systems, Rust, HTML, Python",FinTech,fintech,['fintech']
J00259,Full Stack Developer,IoT,Remote,"Kathleenton, Armenia",IT,Contract,"We are hiring a Product Manager to join our IoT team.
Responsibilities: Everyone nature environmental six understand rather daughter through.
Required skills: Content Writing, HR, Scala, Scikit-learn, Customer Service, Hadoop, Pandas
Preferred: Art born with rest exist drive determine page seem until.","Content Writing, HR, Scala, Scikit-learn, Customer Service, Hadoop, Pandas",IoT,iot,['iot']
J00260,Software Engineer,Product,Hybrid,"Maryberg, Angola",R&D,Full time,"We are hiring a AI Researcher to join our Product team.
Responsibilities: Once several commercial whom himself my admit civil number pass wind special buy east image.
Required skills: NLP, TensorFlow, MongoDB, Pandas, Figma
Preferred: Least close community detail blue draw final.","NLP, TensorFlow, MongoDB, Pandas, Figma",Product,product,['product']
J00261,Full Stack Developer,EdTech,Hybrid,"Griffinbury, Bolivia",Operations,Full time,"We are hiring a Full Stack Developer to join our EdTech team.
Responsibilities: Impact know character thousand sure seek age share.
Required skills: MATLAB, Agile, MongoDB, Customer Service
Preferred: Think man smile model focus material.","MATLAB, Agile, MongoDB, Customer Service",EdTech,edtech,['edtech']
J00262,Backend Developer,EdTech,Remote,"Masseyborough, Holy See (Vatican City State)",R&D,Part time,"We are hiring a Frontend Developer to join our EdTech team.
Responsibilities: Region over recognize help small debate fire if eat.
Required skills: Business Analysis, AWS, Communications, Computer Vision, Scala, Quality Assurance, HTML, Medical Coding
Preferred: Together here there whether rather none population.","Business Analysis, AWS, Communications, Computer Vision, Scala, Quality Assurance, HTML, Medical Coding",EdTech,edtech,['edtech']
J00263,DevOps Engineer,Marketing,Hybrid,"South Jennifertown, Iceland",IT,Internship,"We are hiring a DevOps Engineer to join our Marketing team.
Responsibilities: Generation herself make right training become effort direction hand young long collection table population out.
Required skills: DevOps, CSS, MySQL, Accounting, Flask, Power BI
Preferred: Suffer without hair set bed trouble.","DevOps, CSS, MySQL, Accounting, Flask, Power BI",Marketing,marketing,['marketing']
J00264,Software Engineer,Blockchain,Onsite,"New Heatherton, El Salvador",Marketing,Part time,"We are hiring a Full Stack Developer to join our Blockchain team.
Responsibilities: Moment effort chance center job that control important.
Required skills: NLP, Scala, TypeScript, Python
Preferred: Minute discussion begin appear pressure six.","NLP, Scala, TypeScript, Python",Blockchain,blockchain,['blockchain']
J00265,Frontend Developer,EdTech,Remote,"West Amy, Western Sahara",Operations,Internship,"We are hiring a Product Manager to join our EdTech team.
Responsibilities: Thus door space crime Republican attack big stage condition buy leg set rich.
Required skills: AWS, SEO, MySQL, Penetration Testing
Preferred: Move cost skin for commercial evening.","AWS, SEO, MySQL, Penetration Testing",EdTech,edtech,['edtech']
J00266,AI Researcher,E-commerce,Hybrid,"New Williamton, India",IT,Internship,"We are hiring a Software Engineer to join our E-commerce team.
Responsibilities: Cold light suffer drop participant happen situation left lawyer.
Required skills: Node.js, ETL, CI/CD, Hadoop, Power BI, IoT, Solidity
Preferred: Require class paper amount work.","Node.js, ETL, CI/CD, Hadoop, Power BI, IoT, Solidity",E-commerce,e-commerce,['commerce']
J00267,Cloud Engineer,Cybersecurity,Hybrid,"North Justin, Marshall Islands",IT,Full time,"We are hiring a DevOps Engineer to join our Cybersecurity team.
Responsibilities: Quality house must identify modern while wall government painting responsibility see seem model imagine.
Required skills: Pandas, Spark, SEO, Recruitment
Preferred: Teach call already available yes success break tough him.","Pandas, Spark, SEO, Recruitment",Cybersecurity,cybersecurity,['cybersecurity']
J00268,QA Engineer,Marketing,Onsite,"Nathanielmouth, Libyan Arab Jamahiriya",Marketing,Contract,"We are hiring a Backend Developer to join our Marketing team.
Responsibilities: Seek democratic simple seek last opportunity serve cause soldier how.
Required skills: Business Analysis, Pandas, UI/UX, Solidity, Scikit-learn, Excel
Preferred: Administration dinner keep main letter let.","Business Analysis, Pandas, UI/UX, Solidity, Scikit-learn, Excel",Marketing,marketing,['marketing']
J00269,Mobile Developer,DevOps,Onsite,"South David, Austria",Engineering,Internship,"We are hiring a Web Developer to join our DevOps team.
Responsibilities: Way today two far apply let hit president item our.
Required skills: SQL, Hadoop, NoSQL, MATLAB
Preferred: Start necessary American wonder suggest attack former financial.","SQL, Hadoop, NoSQL, MATLAB",DevOps,devops,['devops']
J00270,Product Manager,AI/ML,Hybrid,"North Victoria, Cameroon",R&D,Internship,"We are hiring a Backend Developer to join our AI/ML team.
Responsibilities: Especially agency despite minute agency idea sometimes least perform expect anything military but just maintain.
Required skills: Business Analysis, Marketing, Solidity, HR, Content Writing, Sales, MySQL, GCP
Preferred: Already single rock not attack why usually help produce key.","Business Analysis, Marketing, Solidity, HR, Content Writing, Sales, MySQL, GCP",AI/ML,ai ml,"['ai', 'ml']"
J00271,Frontend Developer,DevOps,Remote,"Douglasborough, Bermuda",Marketing,Part time,"We are hiring a QA Engineer to join our DevOps team.
Responsibilities: Himself hour among field well create notice individual stay charge natural effort trouble a at teach.
Required skills: Big Data, Recruitment, Marketing
Preferred: Road skin despite trip close pull box.","Big Data, Recruitment, Marketing",DevOps,devops,['devops']
J00272,Full Stack Developer,Product,Onsite,"Cainmouth, Nicaragua",Product,Full time,"We are hiring a Backend Developer to join our Product team.
Responsibilities: Sure western election next threat sport former professor money property structure operation.
Required skills: Pandas, Agile, Scikit-learn, Embedded Systems, C++, IoT, Penetration Testing, NLP
Preferred: South sing early spring its evening vote.","Pandas, Agile, Scikit-learn, Embedded Systems, C++, IoT, Penetration Testing, NLP",Product,product,['product']
J00273,Cloud Engineer,Healthcare,Remote,"Victorfurt, Austria",Marketing,Contract,"We are hiring a Data Engineer to join our Healthcare team.
Responsibilities: Feel tell blood challenge difference situation thing eat toward unit recently media include hundred note federal.
Required skills: Scala, JavaScript, Product Management
Preferred: Class loss up at finish threat itself.","Scala, JavaScript, Product Management",Healthcare,healthcare,['healthcare']
J00274,Data Scientist,Data Science,Remote,"Moorefort, Antarctica (the territory South of 60 deg S)",Marketing,Full time,"We are hiring a Business Analyst to join our Data Science team.
Responsibilities: Visit brother dog these man when open if support expert particular close.
Required skills: CI/CD, Hadoop, Django, Cybersecurity, Agile, Marketing, TypeScript, Redis
Preferred: Our order table beyond bank scene.","CI/CD, Hadoop, Django, Cybersecurity, Agile, Marketing, TypeScript, Redis",Data Science,data science,"['data', 'science']"
J00275,Backend Developer,DevOps,Hybrid,"New Roy, Ukraine",R&D,Full time,"We are hiring a Web Developer to join our DevOps team.
Responsibilities: Various soldier recently charge anything likely allow fact.
Required skills: Power BI, Azure, Django, Spark, ETL, SQL
Preferred: Quickly truth record program beautiful close finally beyond.","Power BI, Azure, Django, Spark, ETL, SQL",DevOps,devops,['devops']
J00276,Full Stack Developer,Healthcare,Hybrid,"North Christinaborough, Somalia",Operations,Contract,"We are hiring a Data Scientist to join our Healthcare team.
Responsibilities: Today station make environment fact student author partner catch.
Required skills: NumPy, Penetration Testing, Sales, Scikit-learn, NoSQL, Deep Learning, Machine Learning, Rust
Preferred: Paper employee poor record benefit paper ready allow system.","NumPy, Penetration Testing, Sales, Scikit-learn, NoSQL, Deep Learning, Machine Learning, Rust",Healthcare,healthcare,['healthcare']
J00277,Frontend Developer,IoT,Onsite,"Lake Thomas, Korea",R&D,Internship,"We are hiring a QA Engineer to join our IoT team.
Responsibilities: Weight fill president spring individual us some suggest program decision leave reflect.
Required skills: Embedded Systems, Flask, Computer Vision
Preferred: Bag onto brother blue large.","Embedded Systems, Flask, Computer Vision",IoT,iot,['iot']
J00278,Cloud Engineer,FinTech,Remote,"Lake Charles, Sierra Leone",Product,Contract,"We are hiring a Security Analyst to join our FinTech team.
Responsibilities: Reach often responsibility itself but popular wall need onto visit decide list.
Required skills: Content Writing, R, C++, ETL, MongoDB
Preferred: Hair hospital generation any subject.","Content Writing, R, C++, ETL, MongoDB",FinTech,fintech,['fintech']
J00279,Product Manager,AI/ML,Onsite,"Perryfort, Kyrgyz Republic",Operations,Part time,"We are hiring a Security Analyst to join our AI/ML team.
Responsibilities: Situation television last staff seat religious probably when seem test contain than clearly.
Required skills: Content Writing, NLP, DevOps, Marketing, GIS
Preferred: Indeed main write challenge this drive page.","Content Writing, NLP, DevOps, Marketing, GIS",AI/ML,ai ml,"['ai', 'ml']"
J00280,Business Analyst,Product,Hybrid,"Rebeccaburgh, Israel",Engineering,Contract,"We are hiring a Cloud Engineer to join our Product team.
Responsibilities: Side place represent song health able lot.
Required skills: Tableau, Solidity, Cybersecurity
Preferred: Cut challenge quite tax season event hospital more opportunity.","Tableau, Solidity, Cybersecurity",Product,product,['product']
J00281,Web Developer,EdTech,Onsite,"South Kayla, Saint Martin",R&D,Full time,"We are hiring a Software Engineer to join our EdTech team.
Responsibilities: Lawyer rest natural much sense and forward.
Required skills: SQL, Solidity, CI/CD, Recruitment, Cybersecurity, Excel, Data Analysis
Preferred: Operation whole artist stop individual less this occur.","SQL, Solidity, CI/CD, Recruitment, Cybersecurity, Excel, Data Analysis",EdTech,edtech,['edtech']
J00282,Data Engineer,E-commerce,Onsite,"Marybury, Korea",Marketing,Part time,"We are hiring a Data Scientist to join our E-commerce team.
Responsibilities: Feel present although director toward effect enter most American weight last.
Required skills: React, JavaScript, Power BI, Redis, Deep Learning, PyTorch, Sales
Preferred: Able answer away sort movement tonight vote administration.","React, JavaScript, Power BI, Redis, Deep Learning, PyTorch, Sales",E-commerce,e-commerce,['commerce']
J00283,Full Stack Developer,Cybersecurity,Hybrid,"Kaylaton, Luxembourg",Marketing,Contract,"We are hiring a Data Engineer to join our Cybersecurity team.
Responsibilities: Degree product explain break dog writer night forget nation customer rate bag positive water again candidate.
Required skills: PostgreSQL, Marketing, Big Data, Scrum, Flask, AWS
Preferred: College factor either class interview role guess.","PostgreSQL, Marketing, Big Data, Scrum, Flask, AWS",Cybersecurity,cybersecurity,['cybersecurity']
J00284,Product Manager,Product,Hybrid,"Kyleside, Puerto Rico",IT,Internship,"We are hiring a Backend Developer to join our Product team.
Responsibilities: Police baby choose building view well at show serve establish condition share front matter strong.
Required skills: NoSQL, JavaScript, GIS
Preferred: Let business property everything bar smile good hold country war.","NoSQL, JavaScript, GIS",Product,product,['product']
J00285,Data Engineer,Healthcare,Hybrid,"New Lindaland, Bahrain",Operations,Full time,"We are hiring a Mobile Developer to join our Healthcare team.
Responsibilities: Certainly civil spring movement long under place ahead table.
Required skills: Project Management, Finance, Excel, R
Preferred: Billion mention speech defense couple point similar security at.","Project Management, Finance, Excel, R",Healthcare,healthcare,['healthcare']
J00286,QA Engineer,Cloud,Remote,"Port Diane, United States Minor Outlying Islands",R&D,Full time,"We are hiring a DevOps Engineer to join our Cloud team.
Responsibilities: Newspaper leader focus hard tonight already could number admit professor head full see account.
Required skills: Content Writing, Machine Learning, Penetration Testing
Preferred: Television be successful organization no bring career manager.","Content Writing, Machine Learning, Penetration Testing",Cloud,cloud,['cloud']
J00287,DevOps Engineer,FinTech,Hybrid,"Davidton, Solomon Islands",Marketing,Contract,"We are hiring a DevOps Engineer to join our FinTech team.
Responsibilities: Early Mr international although blood voice professor your receive staff yourself exactly.
Required skills: HR, Pandas, AWS, Content Writing
Preferred: Wonder window hair marriage school imagine ago expect.","HR, Pandas, AWS, Content Writing",FinTech,fintech,['fintech']
J00288,Mobile Developer,IoT,Hybrid,"Lake Christopher, Burundi",Product,Internship,"We are hiring a Frontend Developer to join our IoT team.
Responsibilities: Owner surface guy believe enough free thousand consumer defense song discuss everybody success nearly must.
Required skills: IoT, SEO, Sales, Java, Hadoop, NumPy, Communications, Quality Assurance
Preferred: Speech near officer real father.","IoT, SEO, Sales, Java, Hadoop, NumPy, Communications, Quality Assurance",IoT,iot,['iot']
J00289,Cloud Engineer,EdTech,Hybrid,"Craigfurt, Sao Tome and Principe",Operations,Internship,"We are hiring a Business Analyst to join our EdTech team.
Responsibilities: Find there behavior four scientist carry behind.
Required skills: Clinical Research, React, PyTorch, Hadoop, Scala
Preferred: About through amount special image blood city vote time easy.","Clinical Research, React, PyTorch, Hadoop, Scala",EdTech,edtech,['edtech']
J00290,Full Stack Developer,Healthcare,Onsite,"Garyshire, Reunion",Engineering,Internship,"We are hiring a Security Analyst to join our Healthcare team.
Responsibilities: Piece admit despite remain college whatever tell meeting.
Required skills: PostgreSQL, Accounting, Finance, JavaScript, Agile, TensorFlow, React
Preferred: Accept mission event some simply could natural arrive.","PostgreSQL, Accounting, Finance, JavaScript, Agile, TensorFlow, React",Healthcare,healthcare,['healthcare']
J00291,Full Stack Developer,AI/ML,Remote,"New Elizabeth, Congo",R&D,Full time,"We are hiring a Business Analyst to join our AI/ML team.
Responsibilities: Fall carry wind in official especially pattern threat religious effort painting ability boy opportunity section.
Required skills: Flask, Accounting, Kubernetes, Python
Preferred: Office sport oil whose eat represent.","Flask, Accounting, Kubernetes, Python",AI/ML,ai ml,"['ai', 'ml']"
J00292,Backend Developer,Cybersecurity,Hybrid,"East Julie, Saint Martin",R&D,Internship,"We are hiring a Backend Developer to join our Cybersecurity team.
Responsibilities: Range card design where off prepare response stop.
Required skills: Agile, Computer Vision, Docker, Finance, Django, Kubernetes
Preferred: Including game language chair.","Agile, Computer Vision, Docker, Finance, Django, Kubernetes",Cybersecurity,cybersecurity,['cybersecurity']
J00293,Mobile Developer,Marketing,Onsite,"Port Miguelchester, Honduras",Marketing,Internship,"We are hiring a AI Researcher to join our Marketing team.
Responsibilities: Quite kitchen cut play deal good thank teach production majority we join edge item city.
Required skills: HTML, MongoDB, Spark
Preferred: Security modern data book expert.","HTML, MongoDB, Spark",Marketing,marketing,['marketing']
J00294,Full Stack Developer,Web Development,Remote,"Joshuachester, Seychelles",Product,Part time,"We are hiring a Web Developer to join our Web Development team.
Responsibilities: List several assume lawyer field difference cut.
Required skills: Sales, PostgreSQL, GIS, Embedded Systems, CSS, Machine Learning, Flask
Preferred: Style white especially lose just card sit.","Sales, PostgreSQL, GIS, Embedded Systems, CSS, Machine Learning, Flask",Web Development,web development,"['web', 'development']"
J00295,DevOps Engineer,DevOps,Remote,"Cruzside, Malawi",R&D,Part time,"We are hiring a Software Engineer to join our DevOps team.
Responsibilities: Body return miss ready even probably son second after.
Required skills: Data Analysis, Scikit-learn, Scala, Blockchain, Agile, MongoDB, Accounting
Preferred: Whatever blue together edge each whatever use task off under.","Data Analysis, Scikit-learn, Scala, Blockchain, Agile, MongoDB, Accounting",DevOps,devops,['devops']
J00296,Data Scientist,HR,Remote,"Lake Tyler, Marshall Islands",Marketing,Contract,"We are hiring a Security Analyst to join our HR team.
Responsibilities: Chance after shoulder show information game loss.
Required skills: PyTorch, Quality Assurance, React, Accounting, Python, Project Management, Machine Learning
Preferred: Board fill share economy source only.","PyTorch, Quality Assurance, React, Accounting, Python, Project Management, Machine Learning",HR,hr,['hr']
J00297,Security Analyst,Product,Hybrid,"Santiagoshire, Mongolia",IT,Internship,"We are hiring a Web Developer to join our Product team.
Responsibilities: Benefit line cultural each animal from likely drop four dinner whatever administration.
Required skills: Accounting, Project Management, ETL, MATLAB, NumPy, Microservices, Solidity, Penetration Testing
Preferred: Billion time discuss term day.","Accounting, Project Management, ETL, MATLAB, NumPy, Microservices, Solidity, Penetration Testing",Product,product,['product']
J00298,Security Analyst,Marketing,Hybrid,"Nicholsland, Bosnia and Herzegovina",IT,Contract,"We are hiring a Full Stack Developer to join our Marketing team.
Responsibilities: Kid career scene despite best either truth important yard poor threat throw behavior type partner.
Required skills: Business Analysis, Go, Deep Learning, TypeScript, React, MongoDB, PyTorch
Preferred: South social Mr pick set.","Business Analysis, Go, Deep Learning, TypeScript, React, MongoDB, PyTorch",Marketing,marketing,['marketing']
J00299,Data Engineer,Data Science,Onsite,"South Hannahside, Chad",IT,Internship,"We are hiring a Full Stack Developer to join our Data Science team.
Responsibilities: Unit majority yeah somebody thought beyond mean.
Required skills: NumPy, GIS, Communications, UI/UX, Angular
Preferred: Under everyone interview give ground laugh receive.","NumPy, GIS, Communications, UI/UX, Angular",Data Science,data science,"['data', 'science']"
J00300,Full Stack Developer,HR,Remote,"Lake Connorshire, Angola",R&D,Contract,"We are hiring a AI Researcher to join our HR team.
Responsibilities: Court state doctor and conference still culture far article last peace.
Required skills: TypeScript, GIS, HTML, Penetration Testing, Cybersecurity, Angular
Preferred: Brother treatment daughter phone they.","TypeScript, GIS, HTML, Penetration Testing, Cybersecurity, Angular",HR,hr,['hr']
J00301,Mobile Developer,Healthcare,Remote,"Marychester, Cape Verde",Marketing,Internship,"We are hiring a Data Scientist to join our Healthcare team.
Responsibilities: Street city her commercial along compare successful inside.
Required skills: HTML, Python, Big Data, Agile, Computer Vision, Cybersecurity, PostgreSQL
Preferred: Share deep child board director.","HTML, Python, Big Data, Agile, Computer Vision, Cybersecurity, PostgreSQL",Healthcare,healthcare,['healthcare']
J00302,Full Stack Developer,Marketing,Onsite,"West Jennifer, Rwanda",Marketing,Contract,"We are hiring a Product Manager to join our Marketing team.
Responsibilities: This most too option which one form laugh stock organization produce democratic last common student.
Required skills: MongoDB, Excel, Solidity, Azure, PostgreSQL, Quality Assurance, Docker, SQL
Preferred: Evidence employee degree safe sign after image heart movement.","MongoDB, Excel, Solidity, Azure, PostgreSQL, Quality Assurance, Docker, SQL",Marketing,marketing,['marketing']
J00303,Data Scientist,Cybersecurity,Hybrid,"Port Bonnieberg, United Arab Emirates",Operations,Part time,"We are hiring a Full Stack Developer to join our Cybersecurity team.
Responsibilities: Discover record wear both look training oil.
Required skills: Accounting, Embedded Systems, Data Analysis, AWS
Preferred: Apply conference then sometimes drive anything.","Accounting, Embedded Systems, Data Analysis, AWS",Cybersecurity,cybersecurity,['cybersecurity']
J00304,Software Engineer,Cybersecurity,Hybrid,"East Amberland, Guadeloupe",Product,Part time,"We are hiring a Backend Developer to join our Cybersecurity team.
Responsibilities: Mr employee forward carry condition into sure day sort determine player military person author return.
Required skills: Angular, Scikit-learn, Deep Learning, SEO, NumPy, Docker, HR, Embedded Systems
Preferred: Bag set leave race yeah front almost activity agree professor.","Angular, Scikit-learn, Deep Learning, SEO, NumPy, Docker, HR, Embedded Systems",Cybersecurity,cybersecurity,['cybersecurity']
J00305,Security Analyst,EdTech,Onsite,"Port Lisatown, Belize",Operations,Full time,"We are hiring a Software Engineer to join our EdTech team.
Responsibilities: Close score PM ball read lose south keep thus positive arm piece.
Required skills: C++, Agile, Business Analysis, React, Product Management, Scala, Java
Preferred: Ago change government here boy trial population sell end be.","C++, Agile, Business Analysis, React, Product Management, Scala, Java",EdTech,edtech,['edtech']
J00306,Product Manager,Cloud,Remote,"New Elizabeth, Mauritius",Product,Part time,"We are hiring a Full Stack Developer to join our Cloud team.
Responsibilities: Expert mission should character station eye perform amount here American itself ago out able.
Required skills: MATLAB, PyTorch, NoSQL, Deep Learning
Preferred: Though help PM become rich every change.","MATLAB, PyTorch, NoSQL, Deep Learning",Cloud,cloud,['cloud']
J00307,Product Manager,Cybersecurity,Hybrid,"Hartbury, Isle of Man",Operations,Full time,"We are hiring a Frontend Developer to join our Cybersecurity team.
Responsibilities: Something memory wrong hard any financial color officer role.
Required skills: Marketing, Angular, Python, Big Data, MongoDB, UI/UX, NumPy
Preferred: Research person apply debate improve task next peace skill admit.","Marketing, Angular, Python, Big Data, MongoDB, UI/UX, NumPy",Cybersecurity,cybersecurity,['cybersecurity']
J00308,Frontend Developer,Cybersecurity,Hybrid,"East Caleb, Ethiopia",Engineering,Part time,"We are hiring a QA Engineer to join our Cybersecurity team.
Responsibilities: Up tend education more three trip school.
Required skills: NLP, Pandas, Quality Assurance, Node.js, Clinical Research, GIS
Preferred: Personal else tax concern way marriage us.","NLP, Pandas, Quality Assurance, Node.js, Clinical Research, GIS",Cybersecurity,cybersecurity,['cybersecurity']
J00309,Mobile Developer,Web Development,Hybrid,"South Jennifer, Comoros",R&D,Internship,"We are hiring a Data Engineer to join our Web Development team.
Responsibilities: Positive hundred drug pull center hundred question rise miss population project film father again these.
Required skills: TypeScript, Cybersecurity, Customer Service
Preferred: Happy rise month degree finally sing.","TypeScript, Cybersecurity, Customer Service",Web Development,web development,"['web', 'development']"
J00310,Frontend Developer,Cloud,Onsite,"South Morganfurt, French Guiana",IT,Part time,"We are hiring a Data Engineer to join our Cloud team.
Responsibilities: Hope great seek serious term amount idea director put future raise family where treatment age be.
Required skills: HTML, Scikit-learn, Big Data, GCP, Penetration Testing, Spark, Angular, MongoDB
Preferred: Film society tell message whether morning trouble against.","HTML, Scikit-learn, Big Data, GCP, Penetration Testing, Spark, Angular, MongoDB",Cloud,cloud,['cloud']
J00311,Full Stack Developer,AI/ML,Onsite,"Lake Daniel, Dominican Republic",Product,Full time,"We are hiring a Product Manager to join our AI/ML team.
Responsibilities: Recently million store every rise care particular recent purpose future face police year fact daughter.
Required skills: NoSQL, CSS, Angular, Hadoop
Preferred: Decade share great stock election fire.","NoSQL, CSS, Angular, Hadoop",AI/ML,ai ml,"['ai', 'ml']"
J00312,Backend Developer,Marketing,Hybrid,"South Jessicaberg, Sri Lanka",R&D,Full time,"We are hiring a Data Engineer to join our Marketing team.
Responsibilities: Bed represent lawyer letter these buy answer wish.
Required skills: Quality Assurance, Product Management, UI/UX, Scala, Recruitment
Preferred: Order piece cup describe if follow difficult.","Quality Assurance, Product Management, UI/UX, Scala, Recruitment",Marketing,marketing,['marketing']
J00313,AI Researcher,DevOps,Hybrid,"Bondland, Zimbabwe",Marketing,Internship,"We are hiring a Software Engineer to join our DevOps team.
Responsibilities: Truth partner measure serve force hope left may.
Required skills: Blockchain, Flask, Rust, JavaScript, Communications, UI/UX, Spark
Preferred: Single result modern across treatment decade ago specific.","Blockchain, Flask, Rust, JavaScript, Communications, UI/UX, Spark",DevOps,devops,['devops']
J00314,Backend Developer,Healthcare,Hybrid,"West Kimberlyville, Mexico",R&D,Contract,"We are hiring a DevOps Engineer to join our Healthcare team.
Responsibilities: Study model actually read free PM market role statement.
Required skills: JavaScript, MySQL, TypeScript, Finance, Medical Coding, AWS, Pandas
Preferred: Build right indeed able perform degree happy society care around.","JavaScript, MySQL, TypeScript, Finance, Medical Coding, AWS, Pandas",Healthcare,healthcare,['healthcare']
J00315,Software Engineer,IoT,Hybrid,"Cassandraville, Trinidad and Tobago",Product,Full time,"We are hiring a DevOps Engineer to join our IoT team.
Responsibilities: Police offer board factor discuss morning gas ago cause young crime spring citizen democratic own.
Required skills: Project Management, Cybersecurity, Clinical Research, Penetration Testing, AWS, Quality Assurance
Preferred: Available later friend industry begin value.","Project Management, Cybersecurity, Clinical Research, Penetration Testing, AWS, Quality Assurance",IoT,iot,['iot']
J00316,DevOps Engineer,AI/ML,Onsite,"Davidside, Ireland",Marketing,Part time,"We are hiring a QA Engineer to join our AI/ML team.
Responsibilities: Stop piece sing front manage how itself.
Required skills: Accounting, Agile, Scrum, Computer Vision, Node.js, Figma
Preferred: Mind benefit second interview suffer.","Accounting, Agile, Scrum, Computer Vision, Node.js, Figma",AI/ML,ai ml,"['ai', 'ml']"
J00317,Security Analyst,IoT,Hybrid,"East Nancyton, Mali",IT,Contract,"We are hiring a Data Engineer to join our IoT team.
Responsibilities: Guess huge parent stand several hit rate authority wait defense.
Required skills: HR, Customer Service, Medical Coding
Preferred: Should effect future appear involve nearly.","HR, Customer Service, Medical Coding",IoT,iot,['iot']
J00318,Security Analyst,EdTech,Onsite,"Armstrongfort, Niue",Engineering,Part time,"We are hiring a QA Engineer to join our EdTech team.
Responsibilities: Interesting no total perform worker story face white break fight never soldier world sister.
Required skills: PostgreSQL, Cybersecurity, Scrum, Excel
Preferred: Fear local project nearly throw carry animal do.","PostgreSQL, Cybersecurity, Scrum, Excel",EdTech,edtech,['edtech']
J00319,DevOps Engineer,Healthcare,Onsite,"Christinaville, Austria",Marketing,Part time,"We are hiring a Frontend Developer to join our Healthcare team.
Responsibilities: Project later really paper answer happy north remain.
Required skills: Data Analysis, SEO, Content Writing, NoSQL, Sales, SQL, Django
Preferred: Experience consider administration yet yeah old close.","Data Analysis, SEO, Content Writing, NoSQL, Sales, SQL, Django",Healthcare,healthcare,['healthcare']
J00320,QA Engineer,AI/ML,Remote,"Wangshire, Sri Lanka",Product,Contract,"We are hiring a Security Analyst to join our AI/ML team.
Responsibilities: Thank prevent store politics service second put seven take bed mission certain.
Required skills: Scikit-learn, Agile, GCP, NLP
Preferred: Often PM notice chair north family sign thought.","Scikit-learn, Agile, GCP, NLP",AI/ML,ai ml,"['ai', 'ml']"
J00321,DevOps Engineer,HR,Onsite,"East Pamela, Botswana",Product,Full time,"We are hiring a DevOps Engineer to join our HR team.
Responsibilities: Stuff southern development sister simply involve nor whether area.
Required skills: Customer Service, Python, PyTorch, CSS
Preferred: Record wrong list huge brother shake win air kind see finally.","Customer Service, Python, PyTorch, CSS",HR,hr,['hr']
J00322,Backend Developer,Cloud,Hybrid,"New Catherine, Greece",Product,Full time,"We are hiring a Product Manager to join our Cloud team.
Responsibilities: Traditional practice together minute price night admit standard expect able general imagine professional word total not.
Required skills: JavaScript, Communications, NLP, Redis
Preferred: Game near support chair opportunity grow put its entire.","JavaScript, Communications, NLP, Redis",Cloud,cloud,['cloud']
J00323,Security Analyst,EdTech,Hybrid,"Berrystad, Ireland",R&D,Contract,"We are hiring a Backend Developer to join our EdTech team.
Responsibilities: Authority stop address loss international public rate certainly couple more number wonder seek edge court environment.
Required skills: UI/UX, Computer Vision, Accounting, IoT
Preferred: Chance onto significant sure evening together take strategy clearly sell.","UI/UX, Computer Vision, Accounting, IoT",EdTech,edtech,['edtech']
J00324,Mobile Developer,Product,Remote,"North Elizabethhaven, Jordan",IT,Internship,"We are hiring a Mobile Developer to join our Product team.
Responsibilities: Hospital those artist area street shake mean avoid property sport friend wide take answer at month.
Required skills: Finance, Redis, Computer Vision, Blockchain, Scikit-learn, Business Analysis
Preferred: Possible bag picture available scene approach imagine concern picture cultural old.","Finance, Redis, Computer Vision, Blockchain, Scikit-learn, Business Analysis",Product,product,['product']
J00325,Backend Developer,FinTech,Hybrid,"Mayberg, Australia",Marketing,Full time,"We are hiring a Cloud Engineer to join our FinTech team.
Responsibilities: Determine evidence admit manager kind example class research last cause idea television.
Required skills: Content Writing, Solidity, Rust, Machine Learning, UI/UX
Preferred: Others general new begin their right.","Content Writing, Solidity, Rust, Machine Learning, UI/UX",FinTech,fintech,['fintech']
J00326,Frontend Developer,E-commerce,Onsite,"Livingstonton, Central African Republic",Engineering,Part time,"We are hiring a DevOps Engineer to join our E-commerce team.
Responsibilities: Record own shoulder enjoy however model move attack crime dark discussion visit west fire resource.
Required skills: Angular, Microservices, Cybersecurity, Product Management, Scrum, MATLAB, Python
Preferred: Dark trouble husband level until less.","Angular, Microservices, Cybersecurity, Product Management, Scrum, MATLAB, Python",E-commerce,e-commerce,['commerce']
J00327,Security Analyst,Cybersecurity,Hybrid,"Port Wendy, United States of America",R&D,Contract,"We are hiring a DevOps Engineer to join our Cybersecurity team.
Responsibilities: Question bad clear here despite instead stay woman fish.
Required skills: HTML, Azure, TypeScript, ETL, Communications, NLP
Preferred: Many of general building design avoid property father enough.","HTML, Azure, TypeScript, ETL, Communications, NLP",Cybersecurity,cybersecurity,['cybersecurity']
J00328,DevOps Engineer,Blockchain,Remote,"Lake Susanshire, Gibraltar",IT,Full time,"We are hiring a Product Manager to join our Blockchain team.
Responsibilities: Cell how member win behind every yet.
Required skills: Big Data, Blockchain, Excel, AWS, MySQL
Preferred: Later radio story huge move until toward.","Big Data, Blockchain, Excel, AWS, MySQL",Blockchain,blockchain,['blockchain']
J00329,QA Engineer,Product,Remote,"Contrerasburgh, United States Virgin Islands",R&D,Internship,"We are hiring a DevOps Engineer to join our Product team.
Responsibilities: Avoid street police there thus open still bill cover.
Required skills: UI/UX, Computer Vision, Sales
Preferred: Us information occur future stop six rather just serious term.","UI/UX, Computer Vision, Sales",Product,product,['product']
J00330,Data Scientist,Product,Onsite,"Port Lynn, Ecuador",IT,Internship,"We are hiring a Full Stack Developer to join our Product team.
Responsibilities: Summer concern race five ahead director seek where.
Required skills: MATLAB, Blockchain, Customer Service, Java, Power BI, Sales, Content Writing
Preferred: Manage reflect name PM.","MATLAB, Blockchain, Customer Service, Java, Power BI, Sales, Content Writing",Product,product,['product']
J00331,QA Engineer,Web Development,Remote,"Beckerville, Korea",IT,Contract,"We are hiring a Data Engineer to join our Web Development team.
Responsibilities: Record I visit door if sister chair society half able music base subject Congress.
Required skills: Pandas, Recruitment, MATLAB, Cybersecurity, Accounting, Agile, Rust, Product Management
Preferred: Glass purpose beat hotel them hand since much language bit enter.","Pandas, Recruitment, MATLAB, Cybersecurity, Accounting, Agile, Rust, Product Management",Web Development,web development,"['web', 'development']"
J00332,Data Scientist,Blockchain,Onsite,"Lake Charles, Pakistan",Product,Full time,"We are hiring a Software Engineer to join our Blockchain team.
Responsibilities: Authority number force huge lead order always opportunity significant.
Required skills: Deep Learning, Flask, Python, Scrum, MySQL, CSS, R, Customer Service
Preferred: Dog perhaps my situation test well camera.","Deep Learning, Flask, Python, Scrum, MySQL, CSS, R, Customer Service",Blockchain,blockchain,['blockchain']
J00333,Backend Developer,Cybersecurity,Onsite,"Port Markton, Zambia",Engineering,Internship,"We are hiring a DevOps Engineer to join our Cybersecurity team.
Responsibilities: Reality discover success item rest respond economy why possible fear paper suffer particular network at base.
Required skills: Customer Service, Product Management, GCP, Cybersecurity, PostgreSQL, Content Writing
Preferred: Later nation leader special tree receive kid ground.","Customer Service, Product Management, GCP, Cybersecurity, PostgreSQL, Content Writing",Cybersecurity,cybersecurity,['cybersecurity']
J00334,Backend Developer,AI/ML,Remote,"East Paula, Iran",Marketing,Full time,"We are hiring a AI Researcher to join our AI/ML team.
Responsibilities: Hospital cultural shoulder prevent ago past ever sister white as physical wind manager mother.
Required skills: Figma, SEO, C++, Recruitment, Project Management
Preferred: My tax off job market suddenly student can.","Figma, SEO, C++, Recruitment, Project Management",AI/ML,ai ml,"['ai', 'ml']"
J00335,Full Stack Developer,Cloud,Remote,"South Virginia, Argentina",Operations,Contract,"We are hiring a Security Analyst to join our Cloud team.
Responsibilities: Five modern human control personal down appear especially air thus growth yes herself people rate.
Required skills: AWS, Rust, Solidity, Redis, Angular, Deep Learning, Medical Coding, Computer Vision
Preferred: Although pull collection tonight compare second system environmental consumer model.","AWS, Rust, Solidity, Redis, Angular, Deep Learning, Medical Coding, Computer Vision",Cloud,cloud,['cloud']
J00336,Data Scientist,FinTech,Remote,"Watkinsborough, Burundi",Product,Internship,"We are hiring a Data Scientist to join our FinTech team.
Responsibilities: Step particularly control east weight raise school suggest smile store develop wait.
Required skills: UI/UX, Customer Service, Redis, Go, Clinical Research
Preferred: Whether type various future clearly bag quite foreign mouth full.","UI/UX, Customer Service, Redis, Go, Clinical Research",FinTech,fintech,['fintech']
J00337,Mobile Developer,Cybersecurity,Hybrid,"Thompsonmouth, Iceland",Operations,Internship,"We are hiring a Security Analyst to join our Cybersecurity team.
Responsibilities: Why commercial watch develop reason gas part rather bill.
Required skills: Computer Vision, Penetration Testing, R, Deep Learning
Preferred: Blood represent hard agent position million what wear next.","Computer Vision, Penetration Testing, R, Deep Learning",Cybersecurity,cybersecurity,['cybersecurity']
J00338,Cloud Engineer,Product,Hybrid,"New Lukefort, Sierra Leone",Product,Internship,"We are hiring a Frontend Developer to join our Product team.
Responsibilities: Station difference create physical build push mention officer unit both loss.
Required skills: C++, Node.js, PostgreSQL, Deep Learning, Communications, Pandas
Preferred: Close current strategy four door soldier beat hair house.","C++, Node.js, PostgreSQL, Deep Learning, Communications, Pandas",Product,product,['product']
J00339,Full Stack Developer,AI/ML,Hybrid,"West Kellyville, Greece",R&D,Internship,"We are hiring a Business Analyst to join our AI/ML team.
Responsibilities: Dark describe community people Democrat information road week best sometimes language fish.
Required skills: Embedded Systems, Redis, GCP, Cybersecurity, Accounting, TypeScript, Communications
Preferred: Where entire suggest recent.","Embedded Systems, Redis, GCP, Cybersecurity, Accounting, TypeScript, Communications",AI/ML,ai ml,"['ai', 'ml']"
J00340,QA Engineer,Data Science,Onsite,"West Stephanieland, Argentina",Operations,Part time,"We are hiring a Web Developer to join our Data Science team.
Responsibilities: Concern him more young receive model no painting strong serious according guess.
Required skills: Azure, Sales, Node.js, Spark, NoSQL, Python, Marketing, JavaScript
Preferred: Suddenly money task give clear carry former.","Azure, Sales, Node.js, Spark, NoSQL, Python, Marketing, JavaScript",Data Science,data science,"['data', 'science']"
J00341,AI Researcher,IoT,Remote,"Butlermouth, Tonga",Engineering,Internship,"We are hiring a Full Stack Developer to join our IoT team.
Responsibilities: Media society last kind fear cold manage full front scientist protect must fund open who someone.
Required skills: Finance, Business Analysis, Computer Vision, DevOps, C++
Preferred: Skin success explain maybe fight pass budget bar.","Finance, Business Analysis, Computer Vision, DevOps, C++",IoT,iot,['iot']
J00342,AI Researcher,Cybersecurity,Onsite,"Duketown, Burkina Faso",IT,Part time,"We are hiring a Product Manager to join our Cybersecurity team.
Responsibilities: Think amount soon head director positive discussion.
Required skills: Customer Service, SEO, Agile, Embedded Systems, Blockchain, Accounting, Java, Scrum
Preferred: Capital theory third still son than attorney.","Customer Service, SEO, Agile, Embedded Systems, Blockchain, Accounting, Java, Scrum",Cybersecurity,cybersecurity,['cybersecurity']
J00343,Data Engineer,EdTech,Hybrid,"West Matthewton, Mali",Engineering,Contract,"We are hiring a Business Analyst to join our EdTech team.
Responsibilities: Plant international scene radio exist expect mind pay history people.
Required skills: Tableau, JavaScript, Rust, React, Blockchain, PostgreSQL, Sales, AWS
Preferred: Century white real view institution together small rest fall.","Tableau, JavaScript, Rust, React, Blockchain, PostgreSQL, Sales, AWS",EdTech,edtech,['edtech']
J00344,QA Engineer,AI/ML,Onsite,"Hernandeztown, Bulgaria",IT,Contract,"We are hiring a Data Scientist to join our AI/ML team.
Responsibilities: Suffer world region try explain wear attorney despite spend remain space black.
Required skills: Deep Learning, JavaScript, Go, Cybersecurity, ETL
Preferred: Couple as customer century subject according.","Deep Learning, JavaScript, Go, Cybersecurity, ETL",AI/ML,ai ml,"['ai', 'ml']"
J00345,Security Analyst,Blockchain,Remote,"Claireton, Honduras",Product,Contract,"We are hiring a Cloud Engineer to join our Blockchain team.
Responsibilities: Those mind indeed majority daughter need generation.
Required skills: Quality Assurance, React, Figma, Clinical Research
Preferred: Close likely million beautiful lay skin tonight lose fly section.","Quality Assurance, React, Figma, Clinical Research",Blockchain,blockchain,['blockchain']
J00346,Cloud Engineer,DevOps,Remote,"Annaview, Liberia",Marketing,Internship,"We are hiring a DevOps Engineer to join our DevOps team.
Responsibilities: Her television walk foot peace memory simply prove law.
Required skills: Rust, Scikit-learn, Penetration Testing, NumPy, Computer Vision, Solidity
Preferred: Drop bill apply than responsibility whether population compare lead Democrat.","Rust, Scikit-learn, Penetration Testing, NumPy, Computer Vision, Solidity",DevOps,devops,['devops']
J00347,Cloud Engineer,Product,Onsite,"Cobbborough, Vanuatu",Marketing,Internship,"We are hiring a AI Researcher to join our Product team.
Responsibilities: Pretty whom what unit for common office note pass scientist thing western run son price.
Required skills: Sales, IoT, Marketing, Figma
Preferred: Away field network century to foot hair who smile talk.","Sales, IoT, Marketing, Figma",Product,product,['product']
J00348,Data Engineer,DevOps,Onsite,"West Angela, Gambia",IT,Contract,"We are hiring a Web Developer to join our DevOps team.
Responsibilities: Individual major popular say think despite space face walk number end.
Required skills: Data Analysis, Business Analysis, MATLAB, Rust, Solidity
Preferred: Officer well marriage resource bring throw page.","Data Analysis, Business Analysis, MATLAB, Rust, Solidity",DevOps,devops,['devops']
J00349,AI Researcher,Marketing,Onsite,"Smithshire, China",Operations,Part time,"We are hiring a Backend Developer to join our Marketing team.
Responsibilities: Attorney area east too life money marriage both make time force often next.
Required skills: Django, Angular, Sales, Spark, Python, Rust
Preferred: Drug chance speech sell better soldier however so television nature.","Django, Angular, Sales, Spark, Python, Rust",Marketing,marketing,['marketing']
J00350,Security Analyst,Blockchain,Remote,"North Nicole, Estonia",Operations,Full time,"We are hiring a Frontend Developer to join our Blockchain team.
Responsibilities: Major specific rather letter me tell just raise really reveal these project group door movement.
Required skills: Blockchain, Quality Assurance, SEO
Preferred: Sometimes two so sport American.","Blockchain, Quality Assurance, SEO",Blockchain,blockchain,['blockchain']
J00351,Security Analyst,IoT,Remote,"West Tiffanybury, Uzbekistan",Product,Part time,"We are hiring a DevOps Engineer to join our IoT team.
Responsibilities: Population spring talk off body at strong clear decide road together test age.
Required skills: TensorFlow, MATLAB, Deep Learning, Medical Coding
Preferred: Poor cold unit walk see professional.","TensorFlow, MATLAB, Deep Learning, Medical Coding",IoT,iot,['iot']
J00352,Mobile Developer,Marketing,Remote,"West Jamesview, Palau",IT,Internship,"We are hiring a Full Stack Developer to join our Marketing team.
Responsibilities: Cover partner cultural above indeed like decision order behavior whose certain any character charge debate.
Required skills: Accounting, NLP, Cybersecurity, C++, Blockchain, R, HTML
Preferred: Term under whether improve sell cause.","Accounting, NLP, Cybersecurity, C++, Blockchain, R, HTML",Marketing,marketing,['marketing']
J00353,Web Developer,Cloud,Remote,"New Kelseyland, Brazil",Engineering,Part time,"We are hiring a Frontend Developer to join our Cloud team.
Responsibilities: Him bit tree among pay all carry garden.
Required skills: Angular, Accounting, CSS, Project Management
Preferred: Service usually cup performance role already occur issue front movie.","Angular, Accounting, CSS, Project Management",Cloud,cloud,['cloud']
J00354,Backend Developer,Healthcare,Remote,"South Debra, Papua New Guinea",Marketing,Internship,"We are hiring a Data Engineer to join our Healthcare team.
Responsibilities: Since billion share example beyond expect smile raise personal cell front.
Required skills: Customer Service, Redis, HR, Microservices, Angular, Finance
Preferred: Office force care others.","Customer Service, Redis, HR, Microservices, Angular, Finance",Healthcare,healthcare,['healthcare']
J00355,Data Scientist,IoT,Hybrid,"Andersonshire, Congo",Operations,Contract,"We are hiring a Data Engineer to join our IoT team.
Responsibilities: Yes glass herself social special save ability us resource notice generation single.
Required skills: Redis, Finance, Kubernetes, Python
Preferred: Market admit best why budget every interest grow force happen.","Redis, Finance, Kubernetes, Python",IoT,iot,['iot']
J00356,QA Engineer,IoT,Hybrid,"Kathrynberg, Croatia",Operations,Full time,"We are hiring a Product Manager to join our IoT team.
Responsibilities: Else avoid sea choose cell loss approach.
Required skills: Accounting, Blockchain, Machine Learning, SEO, MySQL, Rust, NumPy
Preferred: Gun class discuss manager art out.","Accounting, Blockchain, Machine Learning, SEO, MySQL, Rust, NumPy",IoT,iot,['iot']
J00357,Mobile Developer,IoT,Hybrid,"South Jenniferland, Jersey",Operations,Contract,"We are hiring a Security Analyst to join our IoT team.
Responsibilities: Technology against direction call example practice too garden end tell still range politics.
Required skills: Docker, Hadoop, Solidity, Azure, Product Management, Sales
Preferred: Red term allow around admit guy toward.","Docker, Hadoop, Solidity, Azure, Product Management, Sales",IoT,iot,['iot']
J00358,Data Engineer,Product,Hybrid,"Elliottmouth, Heard Island and McDonald Islands",Engineering,Part time,"We are hiring a AI Researcher to join our Product team.
Responsibilities: Throw final assume kind quality your head interesting common early look blood student.
Required skills: Data Analysis, PyTorch, MySQL
Preferred: Left able analysis arrive budget situation but.","Data Analysis, PyTorch, MySQL",Product,product,['product']
J00359,AI Researcher,Web Development,Hybrid,"North Linda, Saint Pierre and Miquelon",Operations,Full time,"We are hiring a Product Manager to join our Web Development team.
Responsibilities: Network beyond human shake bed class might name might speech prove language challenge.
Required skills: Scrum, PyTorch, Redis, Excel, JavaScript, MySQL
Preferred: Than board garden article base.","Scrum, PyTorch, Redis, Excel, JavaScript, MySQL",Web Development,web development,"['web', 'development']"
J00360,Web Developer,IoT,Hybrid,"South Shawnbury, Austria",Product,Full time,"We are hiring a QA Engineer to join our IoT team.
Responsibilities: Republican forward why spend explain wide west man current hundred box cultural admit itself.
Required skills: Power BI, Redis, MySQL, Scrum, Hadoop, HR, Agile, Recruitment
Preferred: Mother month green international involve effect ahead building.","Power BI, Redis, MySQL, Scrum, Hadoop, HR, Agile, Recruitment",IoT,iot,['iot']
J00361,Mobile Developer,DevOps,Onsite,"West Jamesborough, New Caledonia",Marketing,Internship,"We are hiring a Full Stack Developer to join our DevOps team.
Responsibilities: Church special voice two stuff threat join chance good ask drive catch table.
Required skills: PyTorch, Scala, Spark, SQL
Preferred: Allow woman idea international.","PyTorch, Scala, Spark, SQL",DevOps,devops,['devops']
J00362,Web Developer,EdTech,Remote,"Tammyshire, Anguilla",Operations,Part time,"We are hiring a DevOps Engineer to join our EdTech team.
Responsibilities: Somebody anything open project buy edge after pretty.
Required skills: Big Data, Django, Clinical Research, Accounting, HR
Preferred: Door should need star none record religious recent off fire.","Big Data, Django, Clinical Research, Accounting, HR",EdTech,edtech,['edtech']
J00363,Frontend Developer,Cloud,Remote,"West Kristenton, Equatorial Guinea",Product,Internship,"We are hiring a Full Stack Developer to join our Cloud team.
Responsibilities: Participant also operation position our market tree situation more manage difference assume leg keep build increase.
Required skills: Hadoop, Blockchain, PostgreSQL, CI/CD, SQL, TypeScript, ETL
Preferred: News fall improve high between describe expert any look entire.","Hadoop, Blockchain, PostgreSQL, CI/CD, SQL, TypeScript, ETL",Cloud,cloud,['cloud']
J00364,Business Analyst,Cybersecurity,Onsite,"Port Grant, Gibraltar",IT,Contract,"We are hiring a Backend Developer to join our Cybersecurity team.
Responsibilities: Consumer say whom prove organization old treatment yet land address represent treat close.
Required skills: Scala, Sales, Excel, React, UI/UX, Flask, MATLAB
Preferred: Summer what cause Democrat anything leave tough such black.","Scala, Sales, Excel, React, UI/UX, Flask, MATLAB",Cybersecurity,cybersecurity,['cybersecurity']
J00365,Backend Developer,Data Science,Remote,"Brownburgh, Panama",Product,Part time,"We are hiring a Web Developer to join our Data Science team.
Responsibilities: Piece produce else support top nation wind.
Required skills: Go, Excel, Angular, Penetration Testing
Preferred: Dog range seem number other.","Go, Excel, Angular, Penetration Testing",Data Science,data science,"['data', 'science']"
J00366,Cloud Engineer,EdTech,Onsite,"Lesterville, Belize",IT,Contract,"We are hiring a Frontend Developer to join our EdTech team.
Responsibilities: While room Mr personal who until meet spring surface wife up thus fight.
Required skills: DevOps, Flask, MongoDB, NumPy
Preferred: Claim build water third miss scene.","DevOps, Flask, MongoDB, NumPy",EdTech,edtech,['edtech']
J00367,Business Analyst,Cybersecurity,Remote,"New Tonya, Madagascar",Product,Full time,"We are hiring a QA Engineer to join our Cybersecurity team.
Responsibilities: Join activity common speech else another listen list behavior successful success herself.
Required skills: Java, Go, CI/CD, CSS, Product Management, AWS, Sales, Computer Vision
Preferred: Federal idea share property various.","Java, Go, CI/CD, CSS, Product Management, AWS, Sales, Computer Vision",Cybersecurity,cybersecurity,['cybersecurity']
J00368,Cloud Engineer,DevOps,Onsite,"Craigshire, Faroe Islands",Operations,Part time,"We are hiring a Full Stack Developer to join our DevOps team.
Responsibilities: Outside interest tough character risk hot wall prove summer.
Required skills: Recruitment, Clinical Research, Scala
Preferred: Environment open director brother toward.","Recruitment, Clinical Research, Scala",DevOps,devops,['devops']
J00369,Cloud Engineer,IoT,Hybrid,"Port Biancaville, Guinea",Engineering,Part time,"We are hiring a Business Analyst to join our IoT team.
Responsibilities: Analysis tonight politics computer exist throw real next four help blood use ok.
Required skills: Redis, CI/CD, Customer Service, Angular, Azure, NoSQL, MongoDB, NLP
Preferred: Consider policy those unit reduce executive particular himself.","Redis, CI/CD, Customer Service, Angular, Azure, NoSQL, MongoDB, NLP",IoT,iot,['iot']
J00370,Frontend Developer,Product,Onsite,"Lake Joseph, New Zealand",IT,Full time,"We are hiring a Business Analyst to join our Product team.
Responsibilities: Agent laugh fine ask activity night bill central wonder green set stay image.
Required skills: Docker, JavaScript, CI/CD, Redis, Quality Assurance
Preferred: National a whose whether single entire hundred recent direction American.","Docker, JavaScript, CI/CD, Redis, Quality Assurance",Product,product,['product']
J00371,Software Engineer,FinTech,Onsite,"Taylorview, Indonesia",Engineering,Contract,"We are hiring a Cloud Engineer to join our FinTech team.
Responsibilities: Character would money own attention against strategy become available your both to yes eat.
Required skills: Business Analysis, Machine Learning, CSS
Preferred: Policy clear star daughter imagine discussion little imagine a cost.","Business Analysis, Machine Learning, CSS",FinTech,fintech,['fintech']
J00372,Frontend Developer,AI/ML,Remote,"North Samantha, Gibraltar",Marketing,Contract,"We are hiring a Data Engineer to join our AI/ML team.
Responsibilities: Memory hundred sister red travel growth what seek many energy pattern investment practice their recent.
Required skills: Embedded Systems, TypeScript, Power BI
Preferred: Agreement note I as sense machine treatment.","Embedded Systems, TypeScript, Power BI",AI/ML,ai ml,"['ai', 'ml']"
J00373,Web Developer,Data Science,Onsite,"Port Zacharyview, Nepal",Marketing,Internship,"We are hiring a Product Manager to join our Data Science team.
Responsibilities: Of national among must traditional able husband street certainly even kitchen including summer bit difficult.
Required skills: HR, HTML, Customer Service
Preferred: Performance try phone water national pattern Mrs source.","HR, HTML, Customer Service",Data Science,data science,"['data', 'science']"
J00374,Business Analyst,Marketing,Remote,"Lake Theresa, Indonesia",Product,Internship,"We are hiring a Backend Developer to join our Marketing team.
Responsibilities: Near find medical note read term force open without sound any buy care out Congress suddenly.
Required skills: Angular, Agile, MATLAB, Excel, R, Spark, ETL, MySQL
Preferred: Yes east up threat and box listen institution rock.","Angular, Agile, MATLAB, Excel, R, Spark, ETL, MySQL",Marketing,marketing,['marketing']
J00375,Mobile Developer,Cybersecurity,Hybrid,"Port Caitlin, Sao Tome and Principe",IT,Contract,"We are hiring a DevOps Engineer to join our Cybersecurity team.
Responsibilities: Space debate fire improve remember call method employee head argue magazine any order prepare feeling.
Required skills: MATLAB, Big Data, HR, Pandas, Node.js, Power BI, Python
Preferred: Federal will economic another turn your.","MATLAB, Big Data, HR, Pandas, Node.js, Power BI, Python",Cybersecurity,cybersecurity,['cybersecurity']
J00376,Data Engineer,HR,Onsite,"Kristenside, Nicaragua",Product,Part time,"We are hiring a Cloud Engineer to join our HR team.
Responsibilities: Issue improve force job class star use fire tend majority kitchen Mr ahead.
Required skills: Kubernetes, Communications, ETL, Computer Vision
Preferred: Site final five determine sit source ahead capital tax.","Kubernetes, Communications, ETL, Computer Vision",HR,hr,['hr']
J00377,Web Developer,Healthcare,Onsite,"Jonathanfurt, Turkey",Marketing,Contract,"We are hiring a Software Engineer to join our Healthcare team.
Responsibilities: Situation take contain industry red approach how free part director approach reason.
Required skills: CI/CD, TypeScript, Big Data
Preferred: Civil cost company family white sometimes into thing really.","CI/CD, TypeScript, Big Data",Healthcare,healthcare,['healthcare']
J00378,DevOps Engineer,Marketing,Hybrid,"Collinsberg, Serbia",Operations,Part time,"We are hiring a AI Researcher to join our Marketing team.
Responsibilities: Party hope billion computer remember beyond head win me what mouth military.
Required skills: ETL, JavaScript, Flask, Project Management, Django, HTML, Solidity, React
Preferred: Year accept toward Mr board open word loss.","ETL, JavaScript, Flask, Project Management, Django, HTML, Solidity, React",Marketing,marketing,['marketing']
J00379,DevOps Engineer,Cybersecurity,Onsite,"Freyberg, Congo",Product,Internship,"We are hiring a Data Engineer to join our Cybersecurity team.
Responsibilities: Common other walk know size add soon land.
Required skills: Accounting, SEO, NoSQL, CI/CD, MySQL, Quality Assurance, ETL
Preferred: Society table police interesting challenge book clearly data.","Accounting, SEO, NoSQL, CI/CD, MySQL, Quality Assurance, ETL",Cybersecurity,cybersecurity,['cybersecurity']
J00380,Security Analyst,Data Science,Onsite,"Jeremyfort, Guam",Operations,Part time,"We are hiring a Product Manager to join our Data Science team.
Responsibilities: Involve recent role term mother leave go standard collection work.
Required skills: Business Analysis, Recruitment, Big Data, Content Writing, Solidity, SEO, Python, Sales
Preferred: Company campaign public reason discussion food education someone woman environmental.","Business Analysis, Recruitment, Big Data, Content Writing, Solidity, SEO, Python, Sales",Data Science,data science,"['data', 'science']"
J00381,AI Researcher,Marketing,Remote,"Lake Shirleyview, Gambia",Product,Contract,"We are hiring a QA Engineer to join our Marketing team.
Responsibilities: Expect level science thank suddenly baby cause cover various world experience Mr.
Required skills: C++, CSS, JavaScript, PostgreSQL, Hadoop
Preferred: Radio per spring be just similar shake drug fall.","C++, CSS, JavaScript, PostgreSQL, Hadoop",Marketing,marketing,['marketing']
J00382,Data Engineer,FinTech,Onsite,"South Geoffrey, Congo",Engineering,Full time,"We are hiring a Cloud Engineer to join our FinTech team.
Responsibilities: Much rate standard today government actually myself song attack six while step effort resource create.
Required skills: Project Management, GIS, Medical Coding, CSS, TypeScript, MATLAB
Preferred: Participant society director rest me certain person director.","Project Management, GIS, Medical Coding, CSS, TypeScript, MATLAB",FinTech,fintech,['fintech']
J00383,Backend Developer,Product,Onsite,"West Alexander, Togo",Operations,Contract,"We are hiring a Cloud Engineer to join our Product team.
Responsibilities: Method resource how listen expert toward successful generation.
Required skills: Project Management, Excel, Accounting, Azure
Preferred: Everything effort prove growth energy apply.","Project Management, Excel, Accounting, Azure",Product,product,['product']
J00384,AI Researcher,Healthcare,Onsite,"Port Amanda, Guyana",Product,Full time,"We are hiring a Product Manager to join our Healthcare team.
Responsibilities: Little people late six blue politics prepare travel.
Required skills: Penetration Testing, Docker, Computer Vision, Scrum, MongoDB
Preferred: Drive other chair lead maybe produce them save.","Penetration Testing, Docker, Computer Vision, Scrum, MongoDB",Healthcare,healthcare,['healthcare']
J00385,DevOps Engineer,Marketing,Hybrid,"Mcneilhaven, Malaysia",Product,Part time,"We are hiring a Business Analyst to join our Marketing team.
Responsibilities: Those share out fill world loss reflect study bit.
Required skills: Machine Learning, Project Management, Marketing, Flask
Preferred: Race effect discussion special technology worry music white report.","Machine Learning, Project Management, Marketing, Flask",Marketing,marketing,['marketing']
J00386,Business Analyst,E-commerce,Hybrid,"West David, Costa Rica",Product,Internship,"We are hiring a Full Stack Developer to join our E-commerce team.
Responsibilities: Possible or clear dog nothing billion wish world process matter hot stage want note work.
Required skills: HR, Redis, Project Management
Preferred: Term under Republican news deep certainly and bring continue compare.","HR, Redis, Project Management",E-commerce,e-commerce,['commerce']
J00387,AI Researcher,Marketing,Onsite,"North Bryanhaven, Hungary",Operations,Part time,"We are hiring a DevOps Engineer to join our Marketing team.
Responsibilities: Its boy travel meet place public newspaper soon lose hit action base far head.
Required skills: TensorFlow, Kubernetes, Business Analysis
Preferred: Eye true dog need up.","TensorFlow, Kubernetes, Business Analysis",Marketing,marketing,['marketing']
J00388,Backend Developer,DevOps,Hybrid,"Lake Sherry, Namibia",Product,Internship,"We are hiring a Frontend Developer to join our DevOps team.
Responsibilities: Sense skill everybody situation short nearly catch fire impact word first put best about safe.
Required skills: Finance, CI/CD, Customer Service, Product Management, Agile
Preferred: Lead seem trouble about.","Finance, CI/CD, Customer Service, Product Management, Agile",DevOps,devops,['devops']
J00389,Business Analyst,Marketing,Remote,"Sherryshire, Hong Kong",Marketing,Internship,"We are hiring a Data Scientist to join our Marketing team.
Responsibilities: Street former total animal item to hope environmental available toward hotel he test.
Required skills: C++, TensorFlow, NumPy, Marketing, Content Writing, Solidity, Power BI, GCP
Preferred: Region through wall would ability.","C++, TensorFlow, NumPy, Marketing, Content Writing, Solidity, Power BI, GCP",Marketing,marketing,['marketing']
J00390,AI Researcher,E-commerce,Hybrid,"Weaverville, Iran",Engineering,Full time,"We are hiring a Frontend Developer to join our E-commerce team.
Responsibilities: Stand trouble especially peace among past happen no crime information dark network help rise north if.
Required skills: Communications, AWS, MATLAB, Project Management, Rust, Power BI, Spark
Preferred: Parent size month music newspaper mind play brother.","Communications, AWS, MATLAB, Project Management, Rust, Power BI, Spark",E-commerce,e-commerce,['commerce']
J00391,QA Engineer,Cloud,Hybrid,"Harringtonland, Haiti",Engineering,Contract,"We are hiring a Frontend Developer to join our Cloud team.
Responsibilities: He option Congress law back lawyer help.
Required skills: GIS, Pandas, Rust
Preferred: Door against beautiful it reduce write lawyer white miss next.","GIS, Pandas, Rust",Cloud,cloud,['cloud']
J00392,DevOps Engineer,Web Development,Hybrid,"South Alexis, Belgium",Marketing,Internship,"We are hiring a Product Manager to join our Web Development team.
Responsibilities: Take set woman occur various wait six guess member will brother main fact bed security.
Required skills: HTML, Machine Learning, Communications, MongoDB, Finance, Recruitment, Flask, Agile
Preferred: Father own six benefit pull strong necessary exactly part.","HTML, Machine Learning, Communications, MongoDB, Finance, Recruitment, Flask, Agile",Web Development,web development,"['web', 'development']"
J00393,Cloud Engineer,Data Science,Onsite,"Casechester, Ethiopia",IT,Part time,"We are hiring a Web Developer to join our Data Science team.
Responsibilities: Class owner local mention avoid apply religious yet this.
Required skills: Communications, C++, Sales, Hadoop, Python, Blockchain, Medical Coding
Preferred: Entire car statement get family main strong five.","Communications, C++, Sales, Hadoop, Python, Blockchain, Medical Coding",Data Science,data science,"['data', 'science']"
J00394,Backend Developer,EdTech,Remote,"North Megan, Cambodia",Marketing,Internship,"We are hiring a Mobile Developer to join our EdTech team.
Responsibilities: Suddenly happen store report adult same as human understand.
Required skills: Quality Assurance, Project Management, Rust, Customer Service
Preferred: Improve week least deep carry summer like concern.","Quality Assurance, Project Management, Rust, Customer Service",EdTech,edtech,['edtech']
J00395,Business Analyst,Data Science,Hybrid,"New Cheryl, Tuvalu",Engineering,Part time,"We are hiring a Business Analyst to join our Data Science team.
Responsibilities: Above become minute war stage consumer read response drive carry information.
Required skills: Medical Coding, Flask, HTML, PyTorch, JavaScript, Big Data, Node.js, Computer Vision
Preferred: Walk my use significant according assume skill wall.","Medical Coding, Flask, HTML, PyTorch, JavaScript, Big Data, Node.js, Computer Vision",Data Science,data science,"['data', 'science']"
J00396,Web Developer,DevOps,Remote,"North Darrenstad, Afghanistan",IT,Internship,"We are hiring a Cloud Engineer to join our DevOps team.
Responsibilities: Concern less southern wonder prevent fire into section analysis guy water television key start carry analysis.
Required skills: Kubernetes, Project Management, Business Analysis, CI/CD, JavaScript
Preferred: Audience involve finish address whatever eight red write beautiful.","Kubernetes, Project Management, Business Analysis, CI/CD, JavaScript",DevOps,devops,['devops']
J00397,Data Engineer,Web Development,Onsite,"Annamouth, Qatar",Engineering,Contract,"We are hiring a Data Engineer to join our Web Development team.
Responsibilities: Dinner position something miss including new degree tax general organization everything.
Required skills: Figma, SQL, TensorFlow, HR
Preferred: She including run where soldier method center listen source.","Figma, SQL, TensorFlow, HR",Web Development,web development,"['web', 'development']"
J00398,Security Analyst,Product,Hybrid,"East Rachelland, Argentina",Engineering,Full time,"We are hiring a DevOps Engineer to join our Product team.
Responsibilities: Forward child simple professional idea range attention throughout degree think so.
Required skills: JavaScript, Penetration Testing, GCP, Recruitment, HR, Sales, CSS, Quality Assurance
Preferred: Just model thing drop the character morning if.","JavaScript, Penetration Testing, GCP, Recruitment, HR, Sales, CSS, Quality Assurance",Product,product,['product']
J00399,Frontend Developer,IoT,Onsite,"Tiffanychester, Argentina",Operations,Internship,"We are hiring a Security Analyst to join our IoT team.
Responsibilities: Language open despite response edge federal my crime field computer son him wonder.
Required skills: Quality Assurance, Scala, NumPy, Django, JavaScript, Clinical Research, Power BI
Preferred: Why fear trip music former apply staff until relate hour large.","Quality Assurance, Scala, NumPy, Django, JavaScript, Clinical Research, Power BI",IoT,iot,['iot']
J00400,Web Developer,FinTech,Hybrid,"Michaelstad, Indonesia",Engineering,Contract,"We are hiring a Data Scientist to join our FinTech team.
Responsibilities: Deal consumer station order must four she blue management.
Required skills: JavaScript, NLP, MATLAB, Product Management
Preferred: Room program outside threat between bar beyond.","JavaScript, NLP, MATLAB, Product Management",FinTech,fintech,['fintech']
J00401,Software Engineer,Marketing,Onsite,"Davistown, Cambodia",Product,Internship,"We are hiring a Data Engineer to join our Marketing team.
Responsibilities: South region knowledge home rather concern plant image per try fire turn.
Required skills: Penetration Testing, SEO, Sales
Preferred: Recognize bar computer a bar career just.","Penetration Testing, SEO, Sales",Marketing,marketing,['marketing']
J00402,Software Engineer,IoT,Hybrid,"Kristenshire, Guinea-Bissau",Operations,Contract,"We are hiring a Mobile Developer to join our IoT team.
Responsibilities: Action teacher service record anything floor front television.
Required skills: Communications, ETL, CI/CD
Preferred: Trade get something rather open key.","Communications, ETL, CI/CD",IoT,iot,['iot']
J00403,Frontend Developer,Cloud,Remote,"Antonioport, Aruba",R&D,Part time,"We are hiring a DevOps Engineer to join our Cloud team.
Responsibilities: Between kitchen course can organization anyone government sea purpose popular tree project stop answer.
Required skills: C++, MongoDB, Project Management, Azure, PyTorch, Redis
Preferred: Explain quality democratic fight return data today budget.","C++, MongoDB, Project Management, Azure, PyTorch, Redis",Cloud,cloud,['cloud']
J00404,DevOps Engineer,Blockchain,Remote,"Michaelton, Turkey",Marketing,Part time,"We are hiring a Full Stack Developer to join our Blockchain team.
Responsibilities: Into media recognize set ask myself phone travel western wrong.
Required skills: Accounting, AWS, Docker, JavaScript, Hadoop, Cybersecurity, SEO, Django
Preferred: They pattern company nation get seek training rather.","Accounting, AWS, Docker, JavaScript, Hadoop, Cybersecurity, SEO, Django",Blockchain,blockchain,['blockchain']
J00405,Backend Developer,Blockchain,Onsite,"Dwaynestad, Iceland",Product,Internship,"We are hiring a Data Scientist to join our Blockchain team.
Responsibilities: Almost imagine main wait actually affect number wall.
Required skills: Node.js, Product Management, Pandas, Django, SQL, Tableau, JavaScript, Big Data
Preferred: Arrive national response local analysis receive drop look environment quite.","Node.js, Product Management, Pandas, Django, SQL, Tableau, JavaScript, Big Data",Blockchain,blockchain,['blockchain']
J00406,Full Stack Developer,Data Science,Remote,"Lake James, Thailand",IT,Full time,"We are hiring a Business Analyst to join our Data Science team.
Responsibilities: Fill recognize worry technology after hotel learn serve suffer free account.
Required skills: Agile, SQL, Accounting
Preferred: Plan stock authority defense here effort.","Agile, SQL, Accounting",Data Science,data science,"['data', 'science']"
J00407,Cloud Engineer,HR,Remote,"Whiteville, Kuwait",IT,Full time,"We are hiring a Software Engineer to join our HR team.
Responsibilities: Effort old physical product of single despite determine former believe address skin number poor throughout.
Required skills: Go, React, Django, Computer Vision, Java, UI/UX
Preferred: Green accept share must trial.","Go, React, Django, Computer Vision, Java, UI/UX",HR,hr,['hr']
J00408,Product Manager,AI/ML,Onsite,"Johnberg, Turks and Caicos Islands",Product,Part time,"We are hiring a AI Researcher to join our AI/ML team.
Responsibilities: Because hotel detail carry until example question whatever.
Required skills: Finance, SEO, Rust, HR, TensorFlow, Python
Preferred: Free theory none so myself follow not control commercial.","Finance, SEO, Rust, HR, TensorFlow, Python",AI/ML,ai ml,"['ai', 'ml']"
J00409,DevOps Engineer,Healthcare,Remote,"Collinsfurt, Aruba",R&D,Full time,"We are hiring a Full Stack Developer to join our Healthcare team.
Responsibilities: Well drive provide think something those center have minute back.
Required skills: Embedded Systems, Product Management, Computer Vision, Excel, Tableau, CSS, Scikit-learn, DevOps
Preferred: Work three reason call traditional boy song success difficult.","Embedded Systems, Product Management, Computer Vision, Excel, Tableau, CSS, Scikit-learn, DevOps",Healthcare,healthcare,['healthcare']
J00410,Cloud Engineer,DevOps,Onsite,"East Jaimeburgh, Bolivia",R&D,Internship,"We are hiring a AI Researcher to join our DevOps team.
Responsibilities: Rise color good travel size mission travel reveal rather not its significant me deep he nearly.
Required skills: Sales, Spark, Data Analysis
Preferred: Room thing notice less win.","Sales, Spark, Data Analysis",DevOps,devops,['devops']
J00411,DevOps Engineer,EdTech,Hybrid,"Lake Hannah, Hong Kong",Operations,Full time,"We are hiring a Full Stack Developer to join our EdTech team.
Responsibilities: Might remember seek significant true long she record teach attack without participant choice training look.
Required skills: Finance, Scala, Medical Coding, NoSQL, Scikit-learn, Project Management, Content Writing, Cybersecurity
Preferred: Sound everybody which financial apply benefit.","Finance, Scala, Medical Coding, NoSQL, Scikit-learn, Project Management, Content Writing, Cybersecurity",EdTech,edtech,['edtech']
J00412,QA Engineer,Marketing,Remote,"East Jennifer, Lesotho",R&D,Contract,"We are hiring a AI Researcher to join our Marketing team.
Responsibilities: Ability concern degree far camera unit without career watch.
Required skills: GCP, CSS, Node.js, Java, PyTorch, AWS
Preferred: Edge everyone maintain everything deep.","GCP, CSS, Node.js, Java, PyTorch, AWS",Marketing,marketing,['marketing']
J00413,Backend Developer,DevOps,Hybrid,"Lake Michelle, San Marino",IT,Contract,"We are hiring a Cloud Engineer to join our DevOps team.
Responsibilities: At wind what officer report red pull save.
Required skills: Medical Coding, Excel, UI/UX
Preferred: Camera plant without everybody.","Medical Coding, Excel, UI/UX",DevOps,devops,['devops']
J00414,AI Researcher,HR,Onsite,"East Melissa, Bulgaria",R&D,Internship,"We are hiring a AI Researcher to join our HR team.
Responsibilities: Marriage sure camera then during responsibility among since candidate behavior friend another effect.
Required skills: MySQL, Embedded Systems, HR, NumPy, MongoDB, R
Preferred: Able worker arm resource organization various.","MySQL, Embedded Systems, HR, NumPy, MongoDB, R",HR,hr,['hr']
J00415,QA Engineer,Web Development,Onsite,"Bryantstad, Indonesia",IT,Full time,"We are hiring a Business Analyst to join our Web Development team.
Responsibilities: Benefit Mr car audience age class our indeed third rate score like her part team city.
Required skills: IoT, Customer Service, Computer Vision, Scrum, Scala, MySQL
Preferred: Design want ahead easy whole must every per hot character.","IoT, Customer Service, Computer Vision, Scrum, Scala, MySQL",Web Development,web development,"['web', 'development']"
J00416,Business Analyst,Web Development,Hybrid,"Port Mistyville, Italy",Product,Part time,"We are hiring a Data Engineer to join our Web Development team.
Responsibilities: Add argue image those why individual wide hotel west theory American doctor hour check.
Required skills: Computer Vision, CI/CD, Customer Service, Pandas
Preferred: Mention hour gun field expert several effort prevent kid issue.","Computer Vision, CI/CD, Customer Service, Pandas",Web Development,web development,"['web', 'development']"
J00417,Business Analyst,Marketing,Remote,"Lake Kevin, Sierra Leone",IT,Part time,"We are hiring a DevOps Engineer to join our Marketing team.
Responsibilities: Response nothing gas few page cold couple suffer history its.
Required skills: Big Data, Recruitment, Communications, IoT, Deep Learning
Preferred: Because why eight skill program try.","Big Data, Recruitment, Communications, IoT, Deep Learning",Marketing,marketing,['marketing']
J00418,QA Engineer,Data Science,Hybrid,"Shelleyside, Qatar",Product,Part time,"We are hiring a Full Stack Developer to join our Data Science team.
Responsibilities: Entire character quickly sure player western move manage worry wear pay science.
Required skills: DevOps, C++, CSS, Figma, Go, Flask, IoT, Rust
Preferred: Challenge drive find star be over radio enough.","DevOps, C++, CSS, Figma, Go, Flask, IoT, Rust",Data Science,data science,"['data', 'science']"
J00419,Frontend Developer,Healthcare,Onsite,"New Matthew, Dominican Republic",R&D,Internship,"We are hiring a Data Scientist to join our Healthcare team.
Responsibilities: Result while example leave when threat project half door.
Required skills: React, Cybersecurity, Django, Computer Vision, Quality Assurance, DevOps, Flask
Preferred: End dark spring speak drive bad strong.","React, Cybersecurity, Django, Computer Vision, Quality Assurance, DevOps, Flask",Healthcare,healthcare,['healthcare']
J00420,DevOps Engineer,Cybersecurity,Hybrid,"Sullivanstad, Saint Helena",Product,Full time,"We are hiring a Software Engineer to join our Cybersecurity team.
Responsibilities: Have level road trouble nor environmental former law only thus something.
Required skills: Hadoop, Blockchain, Scala, SEO, Accounting, Finance
Preferred: Return wall trouble friend current whose job.","Hadoop, Blockchain, Scala, SEO, Accounting, Finance",Cybersecurity,cybersecurity,['cybersecurity']
J00421,Security Analyst,Product,Remote,"Ritterview, India",R&D,Contract,"We are hiring a Data Engineer to join our Product team.
Responsibilities: Use organization me while as decade exactly bad gas have movement traditional of.
Required skills: GIS, Big Data, JavaScript, Kubernetes, Docker
Preferred: True fill beautiful game set other follow vote office however such.","GIS, Big Data, JavaScript, Kubernetes, Docker",Product,product,['product']
J00422,Frontend Developer,Blockchain,Remote,"North Melissa, Dominican Republic",R&D,Internship,"We are hiring a Software Engineer to join our Blockchain team.
Responsibilities: Law wonder carry happy response would enter.
Required skills: Redis, Solidity, Django, SEO
Preferred: Business sport apply property enter name crime society.","Redis, Solidity, Django, SEO",Blockchain,blockchain,['blockchain']
J00423,Full Stack Developer,IoT,Hybrid,"South Lisa, Gabon",Operations,Part time,"We are hiring a Cloud Engineer to join our IoT team.
Responsibilities: Though degree special laugh include price leader bit traditional tough air population.
Required skills: MongoDB, TensorFlow, Sales, NumPy
Preferred: Many most green cold use bag.","MongoDB, TensorFlow, Sales, NumPy",IoT,iot,['iot']
J00424,Business Analyst,AI/ML,Remote,"Davisside, Fiji",Operations,Contract,"We are hiring a Cloud Engineer to join our AI/ML team.
Responsibilities: Choose guy wide evidence to item town something employee such practice quickly.
Required skills: PyTorch, MongoDB, Project Management, Java, NumPy, Scala
Preferred: Both create who thank value.","PyTorch, MongoDB, Project Management, Java, NumPy, Scala",AI/ML,ai ml,"['ai', 'ml']"
J00425,Web Developer,HR,Remote,"Lake Allisonmouth, Turkey",IT,Internship,"We are hiring a Software Engineer to join our HR team.
Responsibilities: Development know laugh officer hundred food could life born.
Required skills: HR, ETL, NumPy, Embedded Systems, Customer Service, Flask, Machine Learning, Scrum
Preferred: Population another shake record spring.","HR, ETL, NumPy, Embedded Systems, Customer Service, Flask, Machine Learning, Scrum",HR,hr,['hr']
J00426,Full Stack Developer,Web Development,Hybrid,"Randolphland, Anguilla",Marketing,Internship,"We are hiring a Cloud Engineer to join our Web Development team.
Responsibilities: For mind worker already TV low radio role assume control leg suggest.
Required skills: Finance, Content Writing, React, Power BI, Hadoop, DevOps, Scala, Data Analysis
Preferred: Build ago feeling whose realize but.","Finance, Content Writing, React, Power BI, Hadoop, DevOps, Scala, Data Analysis",Web Development,web development,"['web', 'development']"
J00427,Business Analyst,EdTech,Onsite,"Port Raymond, Sri Lanka",IT,Internship,"We are hiring a AI Researcher to join our EdTech team.
Responsibilities: Really manager clearly along business her generation remember million hospital trade agree population offer piece machine.
Required skills: Tableau, Communications, SEO, Docker, Data Analysis, MongoDB, Embedded Systems, PostgreSQL
Preferred: Gas rest whom good throw process degree.","Tableau, Communications, SEO, Docker, Data Analysis, MongoDB, Embedded Systems, PostgreSQL",EdTech,edtech,['edtech']
J00428,Frontend Developer,DevOps,Onsite,"East Gary, Northern Mariana Islands",R&D,Contract,"We are hiring a Backend Developer to join our DevOps team.
Responsibilities: Dinner pattern throw owner company expert table reality stock site develop government can.
Required skills: Java, Computer Vision, Power BI
Preferred: Interview medical will light before any wish animal could.","Java, Computer Vision, Power BI",DevOps,devops,['devops']
J00429,Business Analyst,E-commerce,Hybrid,"Frenchville, Serbia",IT,Full time,"We are hiring a Frontend Developer to join our E-commerce team.
Responsibilities: Southern stop customer although add by how government suddenly statement network throw next nice.
Required skills: Data Analysis, Power BI, GIS, Clinical Research, Penetration Testing
Preferred: Relationship white manage soldier picture type.","Data Analysis, Power BI, GIS, Clinical Research, Penetration Testing",E-commerce,e-commerce,['commerce']
J00430,Cloud Engineer,Product,Onsite,"Amandaview, Slovakia (Slovak Republic)",Marketing,Contract,"We are hiring a Data Engineer to join our Product team.
Responsibilities: Long food send capital decide wide describe real check weight try meet play.
Required skills: Computer Vision, Medical Coding, NumPy
Preferred: Factor young get wrong teach not response professor rate team.","Computer Vision, Medical Coding, NumPy",Product,product,['product']
J00431,Data Engineer,Blockchain,Hybrid,"Lake Susan, Iraq",Operations,Contract,"We are hiring a Backend Developer to join our Blockchain team.
Responsibilities: Help start peace year decision prevent too drug.
Required skills: Azure, UI/UX, HR, Customer Service, Scala, AWS
Preferred: Ten each talk boy area however society every still.","Azure, UI/UX, HR, Customer Service, Scala, AWS",Blockchain,blockchain,['blockchain']
J00432,Backend Developer,Data Science,Onsite,"South Elizabethbury, Togo",Engineering,Internship,"We are hiring a Mobile Developer to join our Data Science team.
Responsibilities: Wear sign president food add process detail history husband arm six professional director stock list.
Required skills: TypeScript, Clinical Research, Node.js
Preferred: History finish everybody live gun edge authority company.","TypeScript, Clinical Research, Node.js",Data Science,data science,"['data', 'science']"
J00433,Web Developer,DevOps,Onsite,"West Christopherview, Barbados",Engineering,Internship,"We are hiring a Product Manager to join our DevOps team.
Responsibilities: Not truth garden into admit value before result.
Required skills: SQL, Customer Service, PostgreSQL, Figma, UI/UX, GIS
Preferred: World opportunity late market source art sound specific adult collection.","SQL, Customer Service, PostgreSQL, Figma, UI/UX, GIS",DevOps,devops,['devops']
J00434,Data Engineer,Product,Remote,"Lake Alexis, Nigeria",IT,Full time,"We are hiring a AI Researcher to join our Product team.
Responsibilities: Benefit rock bed film wait number sell involve water idea mother positive image not.
Required skills: MySQL, Django, JavaScript, GIS, IoT, Project Management, Sales, UI/UX
Preferred: Listen avoid international throw discuss something world continue just hope.","MySQL, Django, JavaScript, GIS, IoT, Project Management, Sales, UI/UX",Product,product,['product']
J00435,Full Stack Developer,HR,Remote,"South Susanshire, Marshall Islands",Operations,Contract,"We are hiring a AI Researcher to join our HR team.
Responsibilities: Perform possible inside down PM debate piece occur trouble realize data owner picture him final.
Required skills: Rust, CI/CD, Business Analysis, Big Data, Computer Vision
Preferred: West public size PM consider.","Rust, CI/CD, Business Analysis, Big Data, Computer Vision",HR,hr,['hr']
J00436,QA Engineer,Cybersecurity,Onsite,"East Brandonville, Namibia",Product,Part time,"We are hiring a DevOps Engineer to join our Cybersecurity team.
Responsibilities: Goal age give space evening executive policy son.
Required skills: Tableau, Node.js, Penetration Testing, CSS, MySQL, Power BI, UI/UX
Preferred: Lose represent ability inside night how finally.","Tableau, Node.js, Penetration Testing, CSS, MySQL, Power BI, UI/UX",Cybersecurity,cybersecurity,['cybersecurity']
J00437,Business Analyst,HR,Hybrid,"Crawfordport, Montserrat",Operations,Internship,"We are hiring a QA Engineer to join our HR team.
Responsibilities: Or type those become staff history girl real almost teach almost image good recognize.
Required skills: C++, Pandas, HTML, Quality Assurance, Big Data
Preferred: Current open history evening interview cost less bad third.","C++, Pandas, HTML, Quality Assurance, Big Data",HR,hr,['hr']
J00438,Frontend Developer,IoT,Hybrid,"Derrickfurt, Czech Republic",IT,Internship,"We are hiring a DevOps Engineer to join our IoT team.
Responsibilities: Day reason order rest conference glass claim claim including deal feel would.
Required skills: Rust, Angular, Solidity, Machine Learning, CSS, NLP, Embedded Systems
Preferred: Pass trouble per nice now friend hour two.","Rust, Angular, Solidity, Machine Learning, CSS, NLP, Embedded Systems",IoT,iot,['iot']
J00439,Frontend Developer,E-commerce,Remote,"Sandovalbury, French Southern Territories",Product,Part time,"We are hiring a Product Manager to join our E-commerce team.
Responsibilities: Send themselves walk factor determine remember size social figure building notice owner.
Required skills: Scrum, Rust, Figma, Solidity, TensorFlow, Blockchain, Data Analysis, Hadoop
Preferred: Send drug relationship tax every late difficult.","Scrum, Rust, Figma, Solidity, TensorFlow, Blockchain, Data Analysis, Hadoop",E-commerce,e-commerce,['commerce']
J00440,Web Developer,EdTech,Remote,"Natalieview, Andorra",IT,Part time,"We are hiring a Data Engineer to join our EdTech team.
Responsibilities: Service student record commercial different order matter campaign reveal rich despite offer stage politics think.
Required skills: Redis, IoT, Flask
Preferred: Teach especially eat billion account thus number can reality boy.","Redis, IoT, Flask",EdTech,edtech,['edtech']
J00441,Data Scientist,DevOps,Hybrid,"Gillfort, Greece",IT,Contract,"We are hiring a Security Analyst to join our DevOps team.
Responsibilities: Tonight million cover piece six have line one teacher call each.
Required skills: DevOps, Redis, Quality Assurance, HR, TypeScript, PyTorch, Java, Hadoop
Preferred: Few note summer high ask.","DevOps, Redis, Quality Assurance, HR, TypeScript, PyTorch, Java, Hadoop",DevOps,devops,['devops']
J00442,Frontend Developer,EdTech,Onsite,"New Brian, Antarctica (the territory South of 60 deg S)",Operations,Internship,"We are hiring a Full Stack Developer to join our EdTech team.
Responsibilities: Today themselves blood single daughter tell four hour green.
Required skills: IoT, Clinical Research, HTML, Marketing, Node.js, Scala, Sales
Preferred: Hot former front quality likely able vote wife bad off.","IoT, Clinical Research, HTML, Marketing, Node.js, Scala, Sales",EdTech,edtech,['edtech']
J00443,Business Analyst,Cybersecurity,Onsite,"North Jose, Guyana",Engineering,Part time,"We are hiring a AI Researcher to join our Cybersecurity team.
Responsibilities: Fear else force hold be development my he those father contain stock citizen provide career.
Required skills: MySQL, Communications, Cybersecurity, Product Management, Microservices
Preferred: Crime leader consumer image pretty affect discussion.","MySQL, Communications, Cybersecurity, Product Management, Microservices",Cybersecurity,cybersecurity,['cybersecurity']
J00444,QA Engineer,Web Development,Hybrid,"Kleinchester, Madagascar",R&D,Internship,"We are hiring a Full Stack Developer to join our Web Development team.
Responsibilities: Sit music agreement need top wear finish remain cell team high old anyone.
Required skills: Redis, Rust, Scikit-learn, Computer Vision, MATLAB, Accounting, Medical Coding, Business Analysis
Preferred: Position win just experience letter.","Redis, Rust, Scikit-learn, Computer Vision, MATLAB, Accounting, Medical Coding, Business Analysis",Web Development,web development,"['web', 'development']"
J00445,Security Analyst,E-commerce,Remote,"North Kevin, Tajikistan",R&D,Full time,"We are hiring a Business Analyst to join our E-commerce team.
Responsibilities: Around direction soldier strong water clear spring participant exactly hospital Congress seem.
Required skills: IoT, DevOps, Finance, NoSQL, GCP, Customer Service, HR, Tableau
Preferred: Current card yes perhaps do carry.","IoT, DevOps, Finance, NoSQL, GCP, Customer Service, HR, Tableau",E-commerce,e-commerce,['commerce']
J00446,AI Researcher,EdTech,Remote,"West Richard, Botswana",Operations,Internship,"We are hiring a Frontend Developer to join our EdTech team.
Responsibilities: Daughter act against culture impact kid safe but too situation.
Required skills: GIS, Docker, UI/UX, Excel, PyTorch, Kubernetes
Preferred: Usually action task center long particular seem firm.","GIS, Docker, UI/UX, Excel, PyTorch, Kubernetes",EdTech,edtech,['edtech']
J00447,Backend Developer,DevOps,Onsite,"East Joshuastad, Cote d'Ivoire",Product,Internship,"We are hiring a AI Researcher to join our DevOps team.
Responsibilities: Back tough travel same news election maintain dog.
Required skills: SQL, Power BI, Communications, TensorFlow, Solidity
Preferred: Establish truth society another music learn.","SQL, Power BI, Communications, TensorFlow, Solidity",DevOps,devops,['devops']
J00448,Business Analyst,Product,Hybrid,"North Shawnburgh, Central African Republic",Marketing,Internship,"We are hiring a Data Engineer to join our Product team.
Responsibilities: Fall thing around sport reveal trouble else third leg.
Required skills: Clinical Research, R, Marketing, PyTorch
Preferred: Story live player manager station.","Clinical Research, R, Marketing, PyTorch",Product,product,['product']
J00449,Software Engineer,Product,Hybrid,"Rodriguezburgh, Uzbekistan",Engineering,Contract,"We are hiring a Full Stack Developer to join our Product team.
Responsibilities: Anyone growth must Mr turn child quality pick fund the ask.
Required skills: GCP, Figma, NumPy
Preferred: First always what site gas hour.","GCP, Figma, NumPy",Product,product,['product']
J00450,Backend Developer,Data Science,Onsite,"Jenniferhaven, Saint Kitts and Nevis",Operations,Full time,"We are hiring a AI Researcher to join our Data Science team.
Responsibilities: Water magazine physical later show baby control candidate beat.
Required skills: HTML, Redis, Angular, Node.js
Preferred: Budget leader message dog get.","HTML, Redis, Angular, Node.js",Data Science,data science,"['data', 'science']"
J00451,Backend Developer,IoT,Onsite,"Aguirreton, Paraguay",IT,Contract,"We are hiring a Full Stack Developer to join our IoT team.
Responsibilities: Lawyer anyone station fact already picture different character.
Required skills: Computer Vision, Sales, Medical Coding
Preferred: Onto people edge great our.","Computer Vision, Sales, Medical Coding",IoT,iot,['iot']
J00452,Full Stack Developer,Cloud,Onsite,"South Curtisburgh, Cambodia",Product,Contract,"We are hiring a Software Engineer to join our Cloud team.
Responsibilities: War security economic newspaper consider again tax change both computer quickly rate end these.
Required skills: TensorFlow, Scrum, Node.js, Computer Vision, Big Data, Figma
Preferred: Sure court crime save realize staff dark face.","TensorFlow, Scrum, Node.js, Computer Vision, Big Data, Figma",Cloud,cloud,['cloud']
J00453,Backend Developer,Cybersecurity,Hybrid,"Scotttown, Gambia",Engineering,Internship,"We are hiring a Product Manager to join our Cybersecurity team.
Responsibilities: Subject material out two activity let source action hear raise she range author she.
Required skills: MySQL, Sales, CSS, CI/CD
Preferred: Country radio market perhaps tough however play decide.","MySQL, Sales, CSS, CI/CD",Cybersecurity,cybersecurity,['cybersecurity']
J00454,Frontend Developer,HR,Remote,"Robertview, Colombia",Marketing,Full time,"We are hiring a Backend Developer to join our HR team.
Responsibilities: Tv listen some civil grow child industry though glass base special card pressure of.
Required skills: Go, PostgreSQL, C++
Preferred: Character experience author under western shoulder.","Go, PostgreSQL, C++",HR,hr,['hr']
J00455,AI Researcher,Data Science,Onsite,"North Edward, Ghana",Product,Full time,"We are hiring a QA Engineer to join our Data Science team.
Responsibilities: Serious red I job leg result child impact step reveal professional west.
Required skills: Computer Vision, React, Python, Go, Java
Preferred: Issue away professional perhaps agree.","Computer Vision, React, Python, Go, Java",Data Science,data science,"['data', 'science']"
J00456,Cloud Engineer,Healthcare,Onsite,"Coltonborough, Saint Kitts and Nevis",Engineering,Part time,"We are hiring a Frontend Developer to join our Healthcare team.
Responsibilities: Development Mrs surface analysis off surface difference talk.
Required skills: Clinical Research, Cybersecurity, Kubernetes, Angular, HTML, Tableau, Node.js
Preferred: Standard base sure behind stock.","Clinical Research, Cybersecurity, Kubernetes, Angular, HTML, Tableau, Node.js",Healthcare,healthcare,['healthcare']
J00457,Data Engineer,Marketing,Onsite,"West Karahaven, Panama",Engineering,Full time,"We are hiring a Mobile Developer to join our Marketing team.
Responsibilities: Represent Mrs thank myself movie yard fear across.
Required skills: Medical Coding, Angular, HR, MATLAB, Flask
Preferred: Body force news around finally figure card student a some.","Medical Coding, Angular, HR, MATLAB, Flask",Marketing,marketing,['marketing']
J00458,Mobile Developer,Cloud,Remote,"New Sarah, United States Virgin Islands",IT,Part time,"We are hiring a Frontend Developer to join our Cloud team.
Responsibilities: Kind modern each finish force say hold I watch human financial seat other right.
Required skills: NumPy, Big Data, Hadoop, Data Analysis, UI/UX, Node.js, Scala
Preferred: Fast Congress particular resource job certain.","NumPy, Big Data, Hadoop, Data Analysis, UI/UX, Node.js, Scala",Cloud,cloud,['cloud']
J00459,Product Manager,Product,Remote,"East Isaacport, Portugal",Operations,Full time,"We are hiring a AI Researcher to join our Product team.
Responsibilities: Animal clear education describe win example magazine memory.
Required skills: Scrum, Customer Service, IoT, Blockchain
Preferred: Significant record born likely past check set open order party.","Scrum, Customer Service, IoT, Blockchain",Product,product,['product']
J00460,QA Engineer,DevOps,Onsite,"Lake Eugeneborough, Bouvet Island (Bouvetoya)",Engineering,Internship,"We are hiring a Data Scientist to join our DevOps team.
Responsibilities: After despite it important scene seat relationship artist girl culture claim from name country benefit.
Required skills: Product Management, PyTorch, Microservices, Power BI
Preferred: Place force conference each morning dog report very.","Product Management, PyTorch, Microservices, Power BI",DevOps,devops,['devops']
J00461,Security Analyst,Healthcare,Hybrid,"South Megan, Nicaragua",Operations,Part time,"We are hiring a Web Developer to join our Healthcare team.
Responsibilities: Process north particularly arrive huge recently clearly leader job.
Required skills: Computer Vision, Scala, NLP, Project Management, Go, Rust
Preferred: Tax concern new threat think maybe throw.","Computer Vision, Scala, NLP, Project Management, Go, Rust",Healthcare,healthcare,['healthcare']
J00462,Security Analyst,Blockchain,Onsite,"East Lisa, Ireland",Engineering,Contract,"We are hiring a Data Scientist to join our Blockchain team.
Responsibilities: Measure play third white tree seek should computer.
Required skills: TensorFlow, Recruitment, CSS, Hadoop, Content Writing
Preferred: Bit its fight since a avoid choice media church.","TensorFlow, Recruitment, CSS, Hadoop, Content Writing",Blockchain,blockchain,['blockchain']
J00463,QA Engineer,FinTech,Onsite,"Lake Chelsea, Bolivia",Operations,Full time,"We are hiring a Business Analyst to join our FinTech team.
Responsibilities: Support room difference today leave outside task more foot visit save red image time manage.
Required skills: Data Analysis, Project Management, GIS, Excel, Blockchain, Big Data
Preferred: Practice institution pick have old.","Data Analysis, Project Management, GIS, Excel, Blockchain, Big Data",FinTech,fintech,['fintech']
J00464,Frontend Developer,HR,Hybrid,"Lake Rachelside, Mali",Marketing,Part time,"We are hiring a Backend Developer to join our HR team.
Responsibilities: Task spend easy avoid camera parent what bring.
Required skills: HTML, NLP, Big Data
Preferred: Reason good order often mouth east realize glass marriage.","HTML, NLP, Big Data",HR,hr,['hr']
J00465,AI Researcher,DevOps,Hybrid,"Lake Lynnberg, Reunion",Engineering,Contract,"We are hiring a Full Stack Developer to join our DevOps team.
Responsibilities: Heavy receive state move shake particularly government stop catch large final medical not.
Required skills: GCP, Rust, SQL, ETL, Blockchain
Preferred: Gas difference evening itself PM shake.","GCP, Rust, SQL, ETL, Blockchain",DevOps,devops,['devops']
J00466,DevOps Engineer,FinTech,Remote,"Oliviashire, Tokelau",Operations,Internship,"We are hiring a Software Engineer to join our FinTech team.
Responsibilities: Against environmental little share include opportunity young as just peace machine none network other film quite.
Required skills: Go, Angular, R, Cybersecurity, Azure, TypeScript, Computer Vision
Preferred: Next rate sure exist every well cover.","Go, Angular, R, Cybersecurity, Azure, TypeScript, Computer Vision",FinTech,fintech,['fintech']
J00467,Web Developer,HR,Remote,"Danielmouth, Ecuador",R&D,Internship,"We are hiring a DevOps Engineer to join our HR team.
Responsibilities: Stuff million picture deal run movie mouth young fall once agreement.
Required skills: JavaScript, Tableau, Quality Assurance, Java, Azure, Penetration Testing, Clinical Research, Pandas
Preferred: Firm society coach policy south then force.","JavaScript, Tableau, Quality Assurance, Java, Azure, Penetration Testing, Clinical Research, Pandas",HR,hr,['hr']
J00468,Cloud Engineer,E-commerce,Hybrid,"North Mary, Antigua and Barbuda",Operations,Internship,"We are hiring a Mobile Developer to join our E-commerce team.
Responsibilities: Huge which although hundred need top adult name establish.
Required skills: CI/CD, Cybersecurity, Sales, Azure, Flask, PyTorch
Preferred: Grow bit develop news much new themselves.","CI/CD, Cybersecurity, Sales, Azure, Flask, PyTorch",E-commerce,e-commerce,['commerce']
J00469,Data Engineer,Blockchain,Onsite,"West Timothyside, Micronesia",IT,Internship,"We are hiring a Data Engineer to join our Blockchain team.
Responsibilities: Peace say energy take yes network indeed tend address understand.
Required skills: Medical Coding, Big Data, JavaScript, NoSQL, Marketing, Java
Preferred: Small trip another defense quickly result service idea or.","Medical Coding, Big Data, JavaScript, NoSQL, Marketing, Java",Blockchain,blockchain,['blockchain']
J00470,Full Stack Developer,Data Science,Onsite,"Deannatown, United States Minor Outlying Islands",R&D,Part time,"We are hiring a Software Engineer to join our Data Science team.
Responsibilities: Hold best end north stay without professor today family large appear seven.
Required skills: Power BI, PostgreSQL, Java, Solidity
Preferred: President most class there.","Power BI, PostgreSQL, Java, Solidity",Data Science,data science,"['data', 'science']"
J00471,Full Stack Developer,Cloud,Onsite,"North Danielborough, Japan",Operations,Contract,"We are hiring a Web Developer to join our Cloud team.
Responsibilities: Thousand but discuss try field why capital other analysis low professor western.
Required skills: Pandas, Quality Assurance, Django, Power BI, Kubernetes, Node.js, Rust, Project Management
Preferred: Total husband trouble close vote help skin call food general.","Pandas, Quality Assurance, Django, Power BI, Kubernetes, Node.js, Rust, Project Management",Cloud,cloud,['cloud']
J00472,Mobile Developer,Marketing,Remote,"Brennanberg, Germany",Engineering,Contract,"We are hiring a Cloud Engineer to join our Marketing team.
Responsibilities: Should contain talk by account door use positive far soldier else film too.
Required skills: Spark, Quality Assurance, Clinical Research, MySQL, Data Analysis, NumPy, Solidity
Preferred: Must range for others over for benefit.","Spark, Quality Assurance, Clinical Research, MySQL, Data Analysis, NumPy, Solidity",Marketing,marketing,['marketing']
J00473,Software Engineer,Web Development,Remote,"New Jeffrey, Albania",Engineering,Contract,"We are hiring a DevOps Engineer to join our Web Development team.
Responsibilities: Store wide explain rock design coach stock tonight argue scientist hour probably water us.
Required skills: Scala, AWS, Accounting, Excel
Preferred: Upon single door single century.","Scala, AWS, Accounting, Excel",Web Development,web development,"['web', 'development']"
J00474,AI Researcher,E-commerce,Onsite,"Simpsonchester, Sierra Leone",Operations,Part time,"We are hiring a Product Manager to join our E-commerce team.
Responsibilities: Movie nation east get fly push never commercial once figure race.
Required skills: Kubernetes, Microservices, Communications
Preferred: Cause teacher big break maybe majority past large.","Kubernetes, Microservices, Communications",E-commerce,e-commerce,['commerce']
J00475,AI Researcher,Cloud,Onsite,"West Sabrinahaven, Timor-Leste",R&D,Internship,"We are hiring a Product Manager to join our Cloud team.
Responsibilities: Guy out election law especially discover hand.
Required skills: Azure, MATLAB, HTML, JavaScript, Business Analysis, Quality Assurance, Java
Preferred: Ground center just more sea run.","Azure, MATLAB, HTML, JavaScript, Business Analysis, Quality Assurance, Java",Cloud,cloud,['cloud']
J00476,Business Analyst,AI/ML,Remote,"Port Kristinemouth, British Indian Ocean Territory (Chagos Archipelago)",R&D,Part time,"We are hiring a Backend Developer to join our AI/ML team.
Responsibilities: Oil reduce woman least employee suggest owner already discuss member air crime.
Required skills: Docker, Solidity, Penetration Testing, Flask
Preferred: Design bar skin read dream popular truth woman interview also.","Docker, Solidity, Penetration Testing, Flask",AI/ML,ai ml,"['ai', 'ml']"
J00477,Cloud Engineer,Marketing,Hybrid,"Hunterburgh, Sudan",Marketing,Internship,"We are hiring a Business Analyst to join our Marketing team.
Responsibilities: Attention some lose little act still itself firm artist consider knowledge figure force produce unit.
Required skills: Agile, HR, SQL, Kubernetes
Preferred: Lot south mention big north blue interesting.","Agile, HR, SQL, Kubernetes",Marketing,marketing,['marketing']
J00478,Backend Developer,Web Development,Remote,"Lopezview, Trinidad and Tobago",IT,Full time,"We are hiring a Frontend Developer to join our Web Development team.
Responsibilities: Market same kind her class speak open assume financial decide how onto.
Required skills: PyTorch, IoT, Business Analysis, Docker
Preferred: Either heavy soldier energy town apply onto one ahead already.","PyTorch, IoT, Business Analysis, Docker",Web Development,web development,"['web', 'development']"
J00479,Data Scientist,Blockchain,Hybrid,"New Caitlinmouth, Lesotho",Engineering,Contract,"We are hiring a QA Engineer to join our Blockchain team.
Responsibilities: Officer most doctor use remember clear region music important miss.
Required skills: React, Project Management, Cybersecurity, AWS, PyTorch, Data Analysis, CI/CD, Python
Preferred: Color far everybody visit simply father seem.","React, Project Management, Cybersecurity, AWS, PyTorch, Data Analysis, CI/CD, Python",Blockchain,blockchain,['blockchain']
J00480,Frontend Developer,HR,Hybrid,"Aguilarmouth, Chile",IT,Internship,"We are hiring a Backend Developer to join our HR team.
Responsibilities: Treat he simple make play number senior call million book or condition author seat leg.
Required skills: NumPy, DevOps, AWS, Embedded Systems, Machine Learning, C++, Accounting
Preferred: Participant today suffer stuff star federal music police trade later.","NumPy, DevOps, AWS, Embedded Systems, Machine Learning, C++, Accounting",HR,hr,['hr']
J00481,Mobile Developer,FinTech,Remote,"South Alexismouth, Sao Tome and Principe",IT,Internship,"We are hiring a Cloud Engineer to join our FinTech team.
Responsibilities: More trouble enjoy forget between entire unit international set civil yet word bit consider design ahead.
Required skills: Blockchain, Recruitment, Microservices, Power BI, PostgreSQL, UI/UX, Customer Service
Preferred: Me sell support box bank early worry man much every.","Blockchain, Recruitment, Microservices, Power BI, PostgreSQL, UI/UX, Customer Service",FinTech,fintech,['fintech']
J00482,DevOps Engineer,HR,Onsite,"Barbaratown, Saint Pierre and Miquelon",Operations,Full time,"We are hiring a Security Analyst to join our HR team.
Responsibilities: Prevent term such of suffer street knowledge officer have challenge technology under one determine smile become.
Required skills: Spark, Angular, Blockchain, PostgreSQL
Preferred: Season Mrs again return which activity structure five.","Spark, Angular, Blockchain, PostgreSQL",HR,hr,['hr']
J00483,Cloud Engineer,Marketing,Onsite,"Lake Ralph, San Marino",R&D,Internship,"We are hiring a Cloud Engineer to join our Marketing team.
Responsibilities: Business drop once action when mouth table world film.
Required skills: PyTorch, Azure, Customer Service, Marketing, Embedded Systems
Preferred: Glass during interview off real foreign movement big.","PyTorch, Azure, Customer Service, Marketing, Embedded Systems",Marketing,marketing,['marketing']
J00484,AI Researcher,FinTech,Onsite,"North Justinton, Turkmenistan",Product,Contract,"We are hiring a DevOps Engineer to join our FinTech team.
Responsibilities: Federal research deal attorney gas recent skin many here.
Required skills: SEO, Quality Assurance, Customer Service, Recruitment, HR, Blockchain
Preferred: Cause key describe give result husband early good.","SEO, Quality Assurance, Customer Service, Recruitment, HR, Blockchain",FinTech,fintech,['fintech']
J00485,Data Engineer,Healthcare,Onsite,"Lake Adrianmouth, Mayotte",Product,Internship,"We are hiring a Cloud Engineer to join our Healthcare team.
Responsibilities: Wish with success involve happen western late east practice team star dream.
Required skills: Go, JavaScript, Redis, TypeScript, HTML, IoT, Product Management, Finance
Preferred: Nothing ground smile break here early what party process.","Go, JavaScript, Redis, TypeScript, HTML, IoT, Product Management, Finance",Healthcare,healthcare,['healthcare']
J00486,Data Engineer,HR,Hybrid,"South Todd, Korea",IT,Full time,"We are hiring a Cloud Engineer to join our HR team.
Responsibilities: Talk name instead she her above trial.
Required skills: PyTorch, Accounting, Data Analysis, Embedded Systems, Recruitment, ETL
Preferred: Computer bank southern eight stage raise baby.","PyTorch, Accounting, Data Analysis, Embedded Systems, Recruitment, ETL",HR,hr,['hr']
J00487,Business Analyst,HR,Onsite,"New Yvettemouth, Yemen",R&D,Contract,"We are hiring a Data Scientist to join our HR team.
Responsibilities: Play daughter movement stand try important enter wish white also protect natural.
Required skills: Scrum, IoT, Django, Blockchain
Preferred: Make degree enough main decade care.","Scrum, IoT, Django, Blockchain",HR,hr,['hr']
J00488,Security Analyst,Cloud,Onsite,"West Cynthiaview, Korea",IT,Part time,"We are hiring a Data Engineer to join our Cloud team.
Responsibilities: More often option some unit offer offer and.
Required skills: JavaScript, Blockchain, Clinical Research, Angular, NoSQL, Flask, Sales, CSS
Preferred: I receive team process parent whole turn now community.","JavaScript, Blockchain, Clinical Research, Angular, NoSQL, Flask, Sales, CSS",Cloud,cloud,['cloud']
J00489,Data Scientist,Data Science,Remote,"Sheenahaven, Korea",Product,Full time,"We are hiring a AI Researcher to join our Data Science team.
Responsibilities: That senior go talk down story forget security law suffer but.
Required skills: Scikit-learn, Power BI, Business Analysis, Go, AWS, Computer Vision, Kubernetes, Deep Learning
Preferred: Thousand again whose south whether world small.","Scikit-learn, Power BI, Business Analysis, Go, AWS, Computer Vision, Kubernetes, Deep Learning",Data Science,data science,"['data', 'science']"
J00490,Frontend Developer,Cybersecurity,Onsite,"Combsview, Singapore",Marketing,Contract,"We are hiring a Product Manager to join our Cybersecurity team.
Responsibilities: Data water opportunity service top medical day.
Required skills: CSS, Flask, TypeScript, Big Data, Kubernetes
Preferred: Kitchen section which develop doctor identify set last stop.","CSS, Flask, TypeScript, Big Data, Kubernetes",Cybersecurity,cybersecurity,['cybersecurity']
J00491,Mobile Developer,Cloud,Remote,"East Jennifertown, Nigeria",R&D,Contract,"We are hiring a Software Engineer to join our Cloud team.
Responsibilities: Walk give mention PM industry age nation how.
Required skills: Angular, Hadoop, ETL, Computer Vision, GIS
Preferred: Enough cold always energy pretty color thank thus.","Angular, Hadoop, ETL, Computer Vision, GIS",Cloud,cloud,['cloud']
J00492,Backend Developer,Web Development,Remote,"Lake Denisemouth, Kyrgyz Republic",IT,Full time,"We are hiring a QA Engineer to join our Web Development team.
Responsibilities: Account serious at argue real ready stuff evening north.
Required skills: Marketing, Django, GIS, IoT, Accounting, MongoDB, Redis
Preferred: Establish young drive nearly away perform.","Marketing, Django, GIS, IoT, Accounting, MongoDB, Redis",Web Development,web development,"['web', 'development']"
J00493,Product Manager,Blockchain,Remote,"Coreyberg, Cambodia",Engineering,Internship,"We are hiring a Mobile Developer to join our Blockchain team.
Responsibilities: Name letter onto save listen season work tend off daughter concern.
Required skills: TensorFlow, Penetration Testing, Accounting
Preferred: Yeah success soldier control add.","TensorFlow, Penetration Testing, Accounting",Blockchain,blockchain,['blockchain']
J00494,Frontend Developer,EdTech,Onsite,"East Robert, Botswana",Product,Full time,"We are hiring a Mobile Developer to join our EdTech team.
Responsibilities: Stock appear court him it reach Democrat little chance human reason college various charge along.
Required skills: Quality Assurance, Medical Coding, Node.js, Recruitment, C++, Power BI
Preferred: Friend society hospital sort return audience growth important myself all.","Quality Assurance, Medical Coding, Node.js, Recruitment, C++, Power BI",EdTech,edtech,['edtech']
J00495,DevOps Engineer,HR,Remote,"Stevenmouth, Antarctica (the territory South of 60 deg S)",Operations,Part time,"We are hiring a Backend Developer to join our HR team.
Responsibilities: Benefit during four something whole ago left past.
Required skills: Kubernetes, Angular, TensorFlow, ETL, Solidity
Preferred: Couple single pressure commercial behavior.","Kubernetes, Angular, TensorFlow, ETL, Solidity",HR,hr,['hr']
J00496,Mobile Developer,E-commerce,Hybrid,"New Lisa, Mongolia",IT,Part time,"We are hiring a AI Researcher to join our E-commerce team.
Responsibilities: Sea line away hope central build sound.
Required skills: Hadoop, Deep Learning, Figma, Tableau, C++
Preferred: First two similar sea society your book.","Hadoop, Deep Learning, Figma, Tableau, C++",E-commerce,e-commerce,['commerce']
J00497,AI Researcher,FinTech,Remote,"New Lindsey, Bangladesh",Engineering,Part time,"We are hiring a Full Stack Developer to join our FinTech team.
Responsibilities: Strong lawyer fill imagine work certain difficult feeling task us capital guess behavior however.
Required skills: HTML, R, MongoDB, Scala, SQL
Preferred: Garden Democrat onto sense center run.","HTML, R, MongoDB, Scala, SQL",FinTech,fintech,['fintech']
J00498,Full Stack Developer,AI/ML,Hybrid,"New Josephmouth, South Georgia and the South Sandwich Islands",IT,Full time,"We are hiring a AI Researcher to join our AI/ML team.
Responsibilities: Third heart against purpose inside personal firm different candidate important prepare owner feel newspaper.
Required skills: MySQL, Recruitment, Communications, Scrum, Azure
Preferred: Establish general reality once go him.","MySQL, Recruitment, Communications, Scrum, Azure",AI/ML,ai ml,"['ai', 'ml']"
J00499,Product Manager,HR,Onsite,"North Daniel, Papua New Guinea",IT,Full time,"We are hiring a Full Stack Developer to join our HR team.
Responsibilities: Floor us ok success color involve thing year.
Required skills: AWS, Scikit-learn, Java, C++, ETL, Penetration Testing, CSS
Preferred: Run sort those effort new social traditional.","AWS, Scikit-learn, Java, C++, ETL, Penetration Testing, CSS",HR,hr,['hr']
J00500,AI Researcher,Cloud,Hybrid,"Martinezmouth, Hong Kong",Product,Part time,"We are hiring a Product Manager to join our Cloud team.
Responsibilities: Traditional matter especially lay age see just price.
Required skills: NoSQL, Penetration Testing, Agile, Product Management, R, Content Writing, Marketing, Scrum
Preferred: With body allow factor suffer.","NoSQL, Penetration Testing, Agile, Product Management, R, Content Writing, Marketing, Scrum",Cloud,cloud,['cloud']
J00501,Software Engineer,HR,Remote,"North Samuel, Aruba",R&D,Full time,"We are hiring a Cloud Engineer to join our HR team.
Responsibilities: Idea say shake value shoulder wall cut.
Required skills: NoSQL, Deep Learning, Recruitment, Business Analysis, R
Preferred: While personal street size woman everything especially join last week.","NoSQL, Deep Learning, Recruitment, Business Analysis, R",HR,hr,['hr']
J00502,Frontend Developer,Cloud,Remote,"North Jeffrey, Marshall Islands",Engineering,Full time,"We are hiring a Data Scientist to join our Cloud team.
Responsibilities: Five it challenge talk collection young current risk rather sea term grow forget.
Required skills: Angular, Cybersecurity, Kubernetes
Preferred: Seven ability again nature heavy soldier.","Angular, Cybersecurity, Kubernetes",Cloud,cloud,['cloud']
J00503,Full Stack Developer,Data Science,Remote,"Chavezshire, Bouvet Island (Bouvetoya)",R&D,Full time,"We are hiring a DevOps Engineer to join our Data Science team.
Responsibilities: Above might occur sing yourself building budget sometimes age western sure his send physical star catch.
Required skills: Java, Scrum, Machine Learning, Flask, Customer Service, Agile, Data Analysis, NumPy
Preferred: Cut lead story pull war officer least respond and.","Java, Scrum, Machine Learning, Flask, Customer Service, Agile, Data Analysis, NumPy",Data Science,data science,"['data', 'science']"
J00504,Backend Developer,Product,Remote,"New Lauramouth, French Southern Territories",R&D,Full time,"We are hiring a Full Stack Developer to join our Product team.
Responsibilities: Writer week wall term natural lose election each anything TV staff win middle range eat.
Required skills: NLP, Python, Communications
Preferred: Three rich each knowledge upon model.","NLP, Python, Communications",Product,product,['product']
J00505,Product Manager,DevOps,Remote,"West Christopherside, Oman",Operations,Contract,"We are hiring a Frontend Developer to join our DevOps team.
Responsibilities: Reason form center of source change adult player source professor attention data.
Required skills: Blockchain, Project Management, Go
Preferred: Everyone in land heart offer others exist.","Blockchain, Project Management, Go",DevOps,devops,['devops']
J00506,DevOps Engineer,Web Development,Remote,"Michellechester, Kenya",Product,Part time,"We are hiring a Mobile Developer to join our Web Development team.
Responsibilities: Respond believe nearly environment popular administration cause show travel.
Required skills: Node.js, Accounting, Spark, Docker, HR, Quality Assurance, MATLAB, Python
Preferred: Charge case development land two eye ability which hospital.","Node.js, Accounting, Spark, Docker, HR, Quality Assurance, MATLAB, Python",Web Development,web development,"['web', 'development']"
J00507,Cloud Engineer,Product,Remote,"New Michaelland, Luxembourg",IT,Internship,"We are hiring a Frontend Developer to join our Product team.
Responsibilities: Read toward life smile grow wife in civil us general lawyer.
Required skills: Medical Coding, HTML, NumPy, Machine Learning, Quality Assurance, Node.js, Project Management
Preferred: Far city behind sign.","Medical Coding, HTML, NumPy, Machine Learning, Quality Assurance, Node.js, Project Management",Product,product,['product']
J00508,Cloud Engineer,IoT,Hybrid,"New Jacqueline, Botswana",Engineering,Internship,"We are hiring a Web Developer to join our IoT team.
Responsibilities: Break industry attorney computer place force north expert term huge third article own despite enough.
Required skills: MATLAB, Spark, TypeScript, Content Writing, PostgreSQL, UI/UX
Preferred: Age be no mission leader ahead rich second.","MATLAB, Spark, TypeScript, Content Writing, PostgreSQL, UI/UX",IoT,iot,['iot']
J00509,Full Stack Developer,HR,Remote,"East Tonya, Brunei Darussalam",Marketing,Contract,"We are hiring a Software Engineer to join our HR team.
Responsibilities: Same understand interview go by pressure enough mother hear marriage investment seem difference spring through.
Required skills: Kubernetes, Docker, Tableau, UI/UX
Preferred: Fine rise wife figure concern certain key.","Kubernetes, Docker, Tableau, UI/UX",HR,hr,['hr']
J00510,AI Researcher,FinTech,Hybrid,"Port Cynthia, Hungary",IT,Internship,"We are hiring a Product Manager to join our FinTech team.
Responsibilities: Blood because door hand rest sometimes work.
Required skills: Recruitment, Java, NLP, Business Analysis, Product Management, Kubernetes, MySQL, GIS
Preferred: Man chance dog next instead make important.","Recruitment, Java, NLP, Business Analysis, Product Management, Kubernetes, MySQL, GIS",FinTech,fintech,['fintech']
J00511,DevOps Engineer,E-commerce,Remote,"East Shelby, Saudi Arabia",Operations,Internship,"We are hiring a Security Analyst to join our E-commerce team.
Responsibilities: See call learn well hour would meeting suggest.
Required skills: Power BI, Business Analysis, Embedded Systems, HTML, CI/CD
Preferred: Various use situation well task everybody baby unit.","Power BI, Business Analysis, Embedded Systems, HTML, CI/CD",E-commerce,e-commerce,['commerce']
J00512,DevOps Engineer,Cloud,Hybrid,"Hensonchester, Timor-Leste",IT,Contract,"We are hiring a Data Scientist to join our Cloud team.
Responsibilities: Kind task especially perhaps list stop production official police gun already window board member may.
Required skills: Finance, Project Management, Sales, Quality Assurance, GIS, Recruitment
Preferred: Year wind by finish even decide approach risk these.","Finance, Project Management, Sales, Quality Assurance, GIS, Recruitment",Cloud,cloud,['cloud']
J00513,Data Scientist,Cybersecurity,Onsite,"Kelleyville, Canada",Operations,Part time,"We are hiring a DevOps Engineer to join our Cybersecurity team.
Responsibilities: From PM such painting seem clear either size.
Required skills: Business Analysis, Penetration Testing, Flask, Sales
Preferred: Wide process everybody executive.","Business Analysis, Penetration Testing, Flask, Sales",Cybersecurity,cybersecurity,['cybersecurity']
J00514,AI Researcher,AI/ML,Remote,"Port Davidfort, Singapore",Engineering,Contract,"We are hiring a Security Analyst to join our AI/ML team.
Responsibilities: National bag chair eat tax investment fill front only explain.
Required skills: Node.js, TypeScript, Computer Vision, C++, Solidity, Accounting, Flask
Preferred: South right month everyone soon Mr year if term.","Node.js, TypeScript, Computer Vision, C++, Solidity, Accounting, Flask",AI/ML,ai ml,"['ai', 'ml']"
J00515,Product Manager,DevOps,Hybrid,"West Melanieville, Aruba",Operations,Contract,"We are hiring a Security Analyst to join our DevOps team.
Responsibilities: Before spring he cultural seek bank risk east ahead.
Required skills: ETL, IoT, MongoDB, CI/CD
Preferred: Anything particularly week interest statement dream central require.","ETL, IoT, MongoDB, CI/CD",DevOps,devops,['devops']
J00516,Full Stack Developer,Cybersecurity,Onsite,"Brownton, Cook Islands",Marketing,Internship,"We are hiring a DevOps Engineer to join our Cybersecurity team.
Responsibilities: Artist recognize bit land stock performance treatment anyone become.
Required skills: Django, Power BI, Docker, Figma, Data Analysis, Kubernetes
Preferred: Allow actually fear view spend drive seek.","Django, Power BI, Docker, Figma, Data Analysis, Kubernetes",Cybersecurity,cybersecurity,['cybersecurity']
J00517,Data Scientist,FinTech,Onsite,"Adkinsshire, Swaziland",Operations,Part time,"We are hiring a AI Researcher to join our FinTech team.
Responsibilities: Seven never animal see this serious this choose write great resource within wrong return.
Required skills: Scala, Tableau, TypeScript, SEO
Preferred: Better possible suddenly player start forget half.","Scala, Tableau, TypeScript, SEO",FinTech,fintech,['fintech']
J00518,Full Stack Developer,Product,Remote,"Lake Davidborough, Kazakhstan",Product,Contract,"We are hiring a Software Engineer to join our Product team.
Responsibilities: Development morning relationship against two newspaper put student mission about case life.
Required skills: Big Data, Content Writing, NumPy, Scikit-learn, Go, Spark, Scrum, Cybersecurity
Preferred: Resource life watch black agree.","Big Data, Content Writing, NumPy, Scikit-learn, Go, Spark, Scrum, Cybersecurity",Product,product,['product']
J00519,Cloud Engineer,DevOps,Onsite,"Port Christinaberg, Bulgaria",Operations,Part time,"We are hiring a Mobile Developer to join our DevOps team.
Responsibilities: Quality these open write edge make building cup fund dinner.
Required skills: Recruitment, Cybersecurity, SEO
Preferred: There nice black total consider expert address reveal near.","Recruitment, Cybersecurity, SEO",DevOps,devops,['devops']
J00520,AI Researcher,Product,Hybrid,"Stevenhaven, Antigua and Barbuda",R&D,Part time,"We are hiring a AI Researcher to join our Product team.
Responsibilities: College either test create should degree house.
Required skills: Accounting, MongoDB, GIS, Scrum, Medical Coding
Preferred: Class station hospital also year own.","Accounting, MongoDB, GIS, Scrum, Medical Coding",Product,product,['product']
J00521,Mobile Developer,Healthcare,Remote,"Arnoldmouth, Eritrea",IT,Part time,"We are hiring a Frontend Developer to join our Healthcare team.
Responsibilities: Project after song radio ground join real early sure trial half security there.
Required skills: Medical Coding, CI/CD, Microservices, Redis, Power BI, Accounting, C++, Business Analysis
Preferred: Become area break image fear certain.","Medical Coding, CI/CD, Microservices, Redis, Power BI, Accounting, C++, Business Analysis",Healthcare,healthcare,['healthcare']
J00522,Product Manager,Web Development,Onsite,"North Timothytown, Cuba",R&D,Internship,"We are hiring a Full Stack Developer to join our Web Development team.
Responsibilities: Hair without western possible short throughout church summer reflect reason.
Required skills: Deep Learning, Go, Power BI, Finance, NoSQL
Preferred: Mrs develop carry my fall at age feeling blue interesting speak.","Deep Learning, Go, Power BI, Finance, NoSQL",Web Development,web development,"['web', 'development']"
J00523,Backend Developer,DevOps,Remote,"Port Alexisbury, Aruba",Product,Internship,"We are hiring a Data Engineer to join our DevOps team.
Responsibilities: Big treatment help rest shake research writer recognize identify.
Required skills: Product Management, Docker, Accounting, Redis
Preferred: Discuss test pass form finally before about.","Product Management, Docker, Accounting, Redis",DevOps,devops,['devops']
J00524,Mobile Developer,E-commerce,Hybrid,"Port Davidview, United States Minor Outlying Islands",R&D,Part time,"We are hiring a Mobile Developer to join our E-commerce team.
Responsibilities: Inside shoulder choice measure space skin talk business line necessary fly share ten carry.
Required skills: Excel, GIS, PyTorch, NoSQL, Business Analysis, Power BI, IoT
Preferred: Town traditional forget better doctor.","Excel, GIS, PyTorch, NoSQL, Business Analysis, Power BI, IoT",E-commerce,e-commerce,['commerce']
J00525,QA Engineer,DevOps,Onsite,"Kathyfort, Madagascar",IT,Full time,"We are hiring a Web Developer to join our DevOps team.
Responsibilities: Game employee heavy voice animal provide out claim.
Required skills: NumPy, Hadoop, Docker, HTML, Go, MATLAB, Spark
Preferred: Affect fast fall serve successful have exactly significant.","NumPy, Hadoop, Docker, HTML, Go, MATLAB, Spark",DevOps,devops,['devops']
J00526,AI Researcher,Web Development,Onsite,"Thomasstad, Bahrain",R&D,Contract,"We are hiring a Backend Developer to join our Web Development team.
Responsibilities: Big leave article matter business his enjoy present mother political discover professor article.
Required skills: JavaScript, PyTorch, Hadoop, SQL, SEO
Preferred: Main fill direction administration control.","JavaScript, PyTorch, Hadoop, SQL, SEO",Web Development,web development,"['web', 'development']"
J00527,Web Developer,FinTech,Remote,"Phillipsland, Tajikistan",Operations,Contract,"We are hiring a Web Developer to join our FinTech team.
Responsibilities: Me food learn Congress anyone none forward side hour month wonder.
Required skills: GIS, Django, HR, Business Analysis, Data Analysis, MongoDB
Preferred: Control might feel animal indicate economy act present help.","GIS, Django, HR, Business Analysis, Data Analysis, MongoDB",FinTech,fintech,['fintech']
J00528,Data Engineer,Data Science,Onsite,"East Timothy, Bangladesh",Marketing,Contract,"We are hiring a AI Researcher to join our Data Science team.
Responsibilities: Wall decade nature TV live reality group by throw issue.
Required skills: Scikit-learn, Project Management, C++, NumPy
Preferred: Structure parent image public air enjoy truth model hotel.","Scikit-learn, Project Management, C++, NumPy",Data Science,data science,"['data', 'science']"
J00529,Security Analyst,EdTech,Hybrid,"East Brian, Grenada",Product,Contract,"We are hiring a DevOps Engineer to join our EdTech team.
Responsibilities: Since employee get agent modern strong sign listen officer score whatever force.
Required skills: Business Analysis, Penetration Testing, IoT, SQL
Preferred: Investment either across court prevent focus late say matter.","Business Analysis, Penetration Testing, IoT, SQL",EdTech,edtech,['edtech']
J00530,Business Analyst,HR,Remote,"Portermouth, Guatemala",Operations,Part time,"We are hiring a Product Manager to join our HR team.
Responsibilities: City sure only television drop sit employee suddenly local team see.
Required skills: AWS, Spark, Project Management, Clinical Research, Azure
Preferred: Lay deal arrive compare want chair.","AWS, Spark, Project Management, Clinical Research, Azure",HR,hr,['hr']
J00531,Business Analyst,Web Development,Remote,"North Kathleenmouth, Switzerland",Operations,Part time,"We are hiring a Software Engineer to join our Web Development team.
Responsibilities: Prepare majority parent why blood clearly single citizen third head eye student.
Required skills: Kubernetes, TensorFlow, Flask
Preferred: Officer discussion hear vote structure western account once.","Kubernetes, TensorFlow, Flask",Web Development,web development,"['web', 'development']"
J00532,Security Analyst,FinTech,Hybrid,"East Anthony, Cocos (Keeling) Islands",Engineering,Contract,"We are hiring a Backend Developer to join our FinTech team.
Responsibilities: Yet worker some add you three continue however many back institution agent author.
Required skills: Figma, Scrum, Deep Learning, Marketing, Kubernetes
Preferred: Third service TV south ball under knowledge sing thousand.","Figma, Scrum, Deep Learning, Marketing, Kubernetes",FinTech,fintech,['fintech']
J00533,QA Engineer,Web Development,Onsite,"North Kellyborough, Cote d'Ivoire",R&D,Part time,"We are hiring a Data Scientist to join our Web Development team.
Responsibilities: Including learn effect evidence officer table television key none.
Required skills: Flask, IoT, NLP, JavaScript, Recruitment, Django
Preferred: Item drop new music when allow huge upon employee.","Flask, IoT, NLP, JavaScript, Recruitment, Django",Web Development,web development,"['web', 'development']"
J00534,Cloud Engineer,Product,Remote,"West Christina, New Zealand",R&D,Internship,"We are hiring a AI Researcher to join our Product team.
Responsibilities: Foot recognize despite painting camera red yard manage must beautiful thus brother hold girl answer.
Required skills: GIS, SQL, GCP, DevOps, Excel, Azure, Embedded Systems, Quality Assurance
Preferred: Stage arrive store responsibility laugh position station law coach popular.","GIS, SQL, GCP, DevOps, Excel, Azure, Embedded Systems, Quality Assurance",Product,product,['product']
J00535,Full Stack Developer,EdTech,Hybrid,"Tiffanyshire, Liechtenstein",IT,Full time,"We are hiring a Data Scientist to join our EdTech team.
Responsibilities: Perhaps phone health laugh a teacher itself staff industry manager guy.
Required skills: Solidity, C++, R, Hadoop, Tableau, SQL
Preferred: Suffer against and act resource billion where such.","Solidity, C++, R, Hadoop, Tableau, SQL",EdTech,edtech,['edtech']
J00536,Data Scientist,FinTech,Onsite,"East Jacobland, United Kingdom",Operations,Full time,"We are hiring a Frontend Developer to join our FinTech team.
Responsibilities: Since war think draw allow else occur alone different together give court.
Required skills: AWS, JavaScript, CI/CD, Quality Assurance
Preferred: Community whatever each attack child hear.","AWS, JavaScript, CI/CD, Quality Assurance",FinTech,fintech,['fintech']
J00537,Data Scientist,Healthcare,Hybrid,"Mauriceton, Brazil",Operations,Internship,"We are hiring a Web Developer to join our Healthcare team.
Responsibilities: Those difficult front forget responsibility today difficult if mean never night reason decade create simply cover.
Required skills: R, React, Solidity, TypeScript, Flask
Preferred: Far east try option car speech.","R, React, Solidity, TypeScript, Flask",Healthcare,healthcare,['healthcare']
J00538,AI Researcher,DevOps,Onsite,"West Anneside, Oman",IT,Full time,"We are hiring a Backend Developer to join our DevOps team.
Responsibilities: Business story small sell bed they arm sister seem hotel.
Required skills: Cybersecurity, R, Blockchain, Django, CSS, PostgreSQL, Agile
Preferred: Over care argue central whom husband away least onto everyone assume.","Cybersecurity, R, Blockchain, Django, CSS, PostgreSQL, Agile",DevOps,devops,['devops']
J00539,Software Engineer,Cloud,Remote,"South Ianview, Norway",IT,Full time,"We are hiring a Full Stack Developer to join our Cloud team.
Responsibilities: Not top game worry best car how away.
Required skills: Recruitment, SQL, R, Sales, JavaScript
Preferred: Between head reveal campaign interest week list.","Recruitment, SQL, R, Sales, JavaScript",Cloud,cloud,['cloud']
J00540,Frontend Developer,HR,Onsite,"Lake Melissa, Norfolk Island",Product,Contract,"We are hiring a Data Scientist to join our HR team.
Responsibilities: Edge bill town red three international large short ago number citizen score mouth.
Required skills: CSS, Clinical Research, ETL, TypeScript
Preferred: Firm case article coach black government discover.","CSS, Clinical Research, ETL, TypeScript",HR,hr,['hr']
J00541,Data Engineer,DevOps,Remote,"Michaelmouth, Bhutan",Product,Part time,"We are hiring a Product Manager to join our DevOps team.
Responsibilities: Decide sign beyond policy federal program any surface magazine option point.
Required skills: CI/CD, Clinical Research, PostgreSQL, TypeScript, R, SQL, Big Data, Java
Preferred: Letter wind hear scientist team check behavior.","CI/CD, Clinical Research, PostgreSQL, TypeScript, R, SQL, Big Data, Java",DevOps,devops,['devops']
J00542,Backend Developer,Product,Remote,"Lake Lori, Niue",Engineering,Full time,"We are hiring a Mobile Developer to join our Product team.
Responsibilities: Red music body Congress until account sign low among manage him off.
Required skills: Blockchain, Project Management, Customer Service, Solidity, React, Power BI, Excel, Spark
Preferred: Thing serious open worry involve believe.","Blockchain, Project Management, Customer Service, Solidity, React, Power BI, Excel, Spark",Product,product,['product']
J00543,Mobile Developer,AI/ML,Remote,"East Matthewside, Papua New Guinea",Product,Contract,"We are hiring a Security Analyst to join our AI/ML team.
Responsibilities: Whether ever third four me six same most stop must win.
Required skills: SQL, GCP, Java
Preferred: Record report local identify commercial science entire lot.","SQL, GCP, Java",AI/ML,ai ml,"['ai', 'ml']"
J00544,Mobile Developer,IoT,Onsite,"West Kevin, Cuba",Engineering,Internship,"We are hiring a Security Analyst to join our IoT team.
Responsibilities: Say bag one collection city contain go sense mouth good somebody value.
Required skills: Clinical Research, Django, Computer Vision, GCP, Cybersecurity, TypeScript, HTML, Content Writing
Preferred: Collection third feel common in open edge Congress.","Clinical Research, Django, Computer Vision, GCP, Cybersecurity, TypeScript, HTML, Content Writing",IoT,iot,['iot']
J00545,Mobile Developer,HR,Remote,"North Melissaburgh, Somalia",Engineering,Full time,"We are hiring a Mobile Developer to join our HR team.
Responsibilities: Early event explain of order small painting pretty hour.
Required skills: C++, ETL, AWS, NumPy, Medical Coding, PyTorch, MySQL, Customer Service
Preferred: Always improve a truth through stock apply oil involve.","C++, ETL, AWS, NumPy, Medical Coding, PyTorch, MySQL, Customer Service",HR,hr,['hr']
J00546,Mobile Developer,Marketing,Hybrid,"North Thomas, Finland",Operations,Internship,"We are hiring a Web Developer to join our Marketing team.
Responsibilities: Affect discuss avoid say base detail have.
Required skills: Angular, Java, Pandas, NLP, Microservices, Customer Service
Preferred: Much concern civil student behavior wear.","Angular, Java, Pandas, NLP, Microservices, Customer Service",Marketing,marketing,['marketing']
J00547,Full Stack Developer,IoT,Remote,"South Melissa, Puerto Rico",R&D,Full time,"We are hiring a Security Analyst to join our IoT team.
Responsibilities: Information again more left probably fly exactly.
Required skills: Clinical Research, Excel, Kubernetes
Preferred: Type security store area wish.","Clinical Research, Excel, Kubernetes",IoT,iot,['iot']
J00548,Frontend Developer,Data Science,Remote,"South Juan, Russian Federation",Operations,Full time,"We are hiring a QA Engineer to join our Data Science team.
Responsibilities: Require government address for leg customer interest know international chair development born work though skill.
Required skills: Penetration Testing, SQL, AWS, Tableau, Communications, Finance, Marketing, Angular
Preferred: Actually view pay executive behavior.","Penetration Testing, SQL, AWS, Tableau, Communications, Finance, Marketing, Angular",Data Science,data science,"['data', 'science']"
J00549,Web Developer,EdTech,Remote,"Evansborough, Saint Barthelemy",R&D,Contract,"We are hiring a QA Engineer to join our EdTech team.
Responsibilities: Home everybody stage break see least less probably.
Required skills: Spark, Excel, CSS, NoSQL, SQL
Preferred: Model live inside truth all teach decade economy.","Spark, Excel, CSS, NoSQL, SQL",EdTech,edtech,['edtech']
J00550,Full Stack Developer,Healthcare,Onsite,"Hectorton, Svalbard & Jan Mayen Islands",R&D,Full time,"We are hiring a Web Developer to join our Healthcare team.
Responsibilities: They speak list teach beyond nearly after beautiful suffer people north.
Required skills: Azure, Clinical Research, Communications
Preferred: Feel consumer think expert despite film.","Azure, Clinical Research, Communications",Healthcare,healthcare,['healthcare']
J00551,AI Researcher,Cloud,Hybrid,"Christianfort, Chile",Product,Part time,"We are hiring a AI Researcher to join our Cloud team.
Responsibilities: Environmental into friend cultural station occur large set action grow.
Required skills: NLP, Cybersecurity, Customer Service, Accounting, Embedded Systems
Preferred: Significant have different success carry nice among.","NLP, Cybersecurity, Customer Service, Accounting, Embedded Systems",Cloud,cloud,['cloud']
J00552,Data Engineer,Cloud,Hybrid,"Thompsonhaven, Jordan",IT,Contract,"We are hiring a AI Researcher to join our Cloud team.
Responsibilities: As activity whatever other dinner themselves personal fine score environmental before.
Required skills: UI/UX, Marketing, Angular, Sales, Cybersecurity, Finance, Quality Assurance, Hadoop
Preferred: Doctor sister owner structure allow sit local.","UI/UX, Marketing, Angular, Sales, Cybersecurity, Finance, Quality Assurance, Hadoop",Cloud,cloud,['cloud']
J00553,QA Engineer,FinTech,Hybrid,"West Emilyton, Gambia",Operations,Part time,"We are hiring a Mobile Developer to join our FinTech team.
Responsibilities: Suffer play say family lay what mission every lead how heart my later prepare.
Required skills: NLP, PostgreSQL, TensorFlow, Agile, Figma, Finance
Preferred: There eight increase level quickly hold doctor network.","NLP, PostgreSQL, TensorFlow, Agile, Figma, Finance",FinTech,fintech,['fintech']
J00554,AI Researcher,E-commerce,Hybrid,"West Donnaland, Maldives",Operations,Part time,"We are hiring a Data Engineer to join our E-commerce team.
Responsibilities: Staff second number voice chance little receive officer body since final American.
Required skills: Scrum, MATLAB, PyTorch
Preferred: Power study his face door in think almost tonight.","Scrum, MATLAB, PyTorch",E-commerce,e-commerce,['commerce']
J00555,Data Scientist,Healthcare,Hybrid,"Lake John, Ethiopia",Engineering,Full time,"We are hiring a Web Developer to join our Healthcare team.
Responsibilities: Option early agree low key decision stage likely social toward nature career same.
Required skills: TensorFlow, JavaScript, Solidity, Deep Learning, SEO, Pandas, MATLAB
Preferred: Improve tax treat politics simply pass side laugh positive.","TensorFlow, JavaScript, Solidity, Deep Learning, SEO, Pandas, MATLAB",Healthcare,healthcare,['healthcare']
J00556,Mobile Developer,Healthcare,Onsite,"Murphyhaven, Senegal",Marketing,Contract,"We are hiring a Cloud Engineer to join our Healthcare team.
Responsibilities: Put space another likely day increase fight spend recent really than mean.
Required skills: React, CI/CD, Agile, Power BI, Pandas, Project Management, Cybersecurity
Preferred: Would agency such sometimes point summer such PM number.","React, CI/CD, Agile, Power BI, Pandas, Project Management, Cybersecurity",Healthcare,healthcare,['healthcare']
J00557,Data Scientist,IoT,Hybrid,"Port David, Korea",Engineering,Contract,"We are hiring a DevOps Engineer to join our IoT team.
Responsibilities: Energy task institution record back ten radio kind.
Required skills: UI/UX, Marketing, Data Analysis, DevOps, Customer Service, Flask, HTML
Preferred: Hospital cost article attorney several official while to.","UI/UX, Marketing, Data Analysis, DevOps, Customer Service, Flask, HTML",IoT,iot,['iot']
J00558,Data Engineer,AI/ML,Remote,"South Jamesshire, Mozambique",Marketing,Full time,"We are hiring a Data Engineer to join our AI/ML team.
Responsibilities: Short meeting past pull note movie civil build child.
Required skills: Big Data, Microservices, Sales
Preferred: Whole show significant do bed scene two move.","Big Data, Microservices, Sales",AI/ML,ai ml,"['ai', 'ml']"
J00559,DevOps Engineer,DevOps,Hybrid,"Cherylburgh, Iraq",Engineering,Full time,"We are hiring a Web Developer to join our DevOps team.
Responsibilities: Factor air responsibility option reach professor win beautiful side whatever few writer own affect executive simple.
Required skills: SQL, C++, Hadoop, NumPy
Preferred: Without last yes out as future Mrs couple happy you most.","SQL, C++, Hadoop, NumPy",DevOps,devops,['devops']
J00560,Security Analyst,Cybersecurity,Onsite,"Jessehaven, Samoa",R&D,Internship,"We are hiring a Security Analyst to join our Cybersecurity team.
Responsibilities: Probably early approach chair the question science letter much increase maybe.
Required skills: NumPy, Content Writing, Figma, Sales, Java, ETL
Preferred: Hit heavy political professional.","NumPy, Content Writing, Figma, Sales, Java, ETL",Cybersecurity,cybersecurity,['cybersecurity']
J00561,Web Developer,Data Science,Hybrid,"West Nicolehaven, Mozambique",IT,Contract,"We are hiring a QA Engineer to join our Data Science team.
Responsibilities: Bill practice education sign TV probably top.
Required skills: Excel, Azure, Power BI, AWS, Tableau, Business Analysis, UI/UX
Preferred: Behavior ability vote simple boy approach out choose piece amount.","Excel, Azure, Power BI, AWS, Tableau, Business Analysis, UI/UX",Data Science,data science,"['data', 'science']"
J00562,QA Engineer,FinTech,Remote,"East Anthonyside, Antigua and Barbuda",IT,Internship,"We are hiring a Business Analyst to join our FinTech team.
Responsibilities: Political term teacher lawyer I more over increase community thank fast federal money sell air.
Required skills: Computer Vision, Content Writing, UI/UX, Power BI, SQL, Penetration Testing, AWS
Preferred: Leader might process whole.","Computer Vision, Content Writing, UI/UX, Power BI, SQL, Penetration Testing, AWS",FinTech,fintech,['fintech']
J00563,Security Analyst,FinTech,Hybrid,"Lake Deborah, Norfolk Island",Product,Part time,"We are hiring a Frontend Developer to join our FinTech team.
Responsibilities: Become industry able view rate rest this his body son image.
Required skills: Deep Learning, Redis, Computer Vision
Preferred: Administration almost card admit person lead.","Deep Learning, Redis, Computer Vision",FinTech,fintech,['fintech']
J00564,Security Analyst,E-commerce,Remote,"South James, United Arab Emirates",Engineering,Part time,"We are hiring a Frontend Developer to join our E-commerce team.
Responsibilities: Exactly despite sort high prepare politics free miss start machine accept.
Required skills: AWS, Project Management, Big Data, IoT, Recruitment, TypeScript
Preferred: Action second specific us central class.","AWS, Project Management, Big Data, IoT, Recruitment, TypeScript",E-commerce,e-commerce,['commerce']
J00565,Frontend Developer,IoT,Onsite,"Jasontown, Myanmar",Marketing,Full time,"We are hiring a Web Developer to join our IoT team.
Responsibilities: Voice choose development hair across necessary entire later.
Required skills: SQL, MATLAB, HR, Kubernetes, Medical Coding, Node.js, Finance, MongoDB
Preferred: Economic heavy set a truth.","SQL, MATLAB, HR, Kubernetes, Medical Coding, Node.js, Finance, MongoDB",IoT,iot,['iot']
J00566,Web Developer,Data Science,Hybrid,"Johnmouth, Burkina Faso",Product,Contract,"We are hiring a Software Engineer to join our Data Science team.
Responsibilities: Among great recognize interesting may bad mouth keep happen walk quickly.
Required skills: NumPy, Scala, Power BI, Angular, Recruitment, Hadoop, Django
Preferred: Them still evening theory member chair good.","NumPy, Scala, Power BI, Angular, Recruitment, Hadoop, Django",Data Science,data science,"['data', 'science']"
J00567,Full Stack Developer,Product,Hybrid,"Boltonbury, Maldives",R&D,Contract,"We are hiring a Data Scientist to join our Product team.
Responsibilities: Everybody Republican in yourself whether discuss although idea less simple wife imagine.
Required skills: Flask, Machine Learning, CSS, Excel, Power BI, Redis, Python, Blockchain
Preferred: Available health financial staff whose talk project company security week.","Flask, Machine Learning, CSS, Excel, Power BI, Redis, Python, Blockchain",Product,product,['product']
J00568,Full Stack Developer,DevOps,Onsite,"New Alice, Colombia",Operations,Full time,"We are hiring a Software Engineer to join our DevOps team.
Responsibilities: Which nor can himself huge whom we notice impact.
Required skills: Node.js, DevOps, Scrum, Quality Assurance, Tableau
Preferred: Throughout help world training way price.","Node.js, DevOps, Scrum, Quality Assurance, Tableau",DevOps,devops,['devops']
J00569,Product Manager,FinTech,Onsite,"New Robin, Netherlands",Operations,Contract,"We are hiring a Data Scientist to join our FinTech team.
Responsibilities: Easy fly need local win new less many particularly head sit activity building effort common.
Required skills: TensorFlow, Scikit-learn, Clinical Research, SQL
Preferred: Way space time spend believe customer month couple share be.","TensorFlow, Scikit-learn, Clinical Research, SQL",FinTech,fintech,['fintech']
J00570,Business Analyst,Blockchain,Hybrid,"South Alejandro, Albania",IT,Full time,"We are hiring a Software Engineer to join our Blockchain team.
Responsibilities: Face anyone without recognize upon chair pay section.
Required skills: Go, Cybersecurity, Embedded Systems, Data Analysis, SEO, Accounting, AWS, MongoDB
Preferred: What figure present dinner almost.","Go, Cybersecurity, Embedded Systems, Data Analysis, SEO, Accounting, AWS, MongoDB",Blockchain,blockchain,['blockchain']
J00571,Business Analyst,Blockchain,Remote,"Jessicashire, Barbados",R&D,Full time,"We are hiring a Data Scientist to join our Blockchain team.
Responsibilities: Feel admit might offer focus top such like almost party.
Required skills: MySQL, Figma, Accounting
Preferred: Popular strategy himself civil skill vote career training forget.","MySQL, Figma, Accounting",Blockchain,blockchain,['blockchain']
J00572,Backend Developer,FinTech,Hybrid,"North April, Djibouti",Product,Internship,"We are hiring a Product Manager to join our FinTech team.
Responsibilities: Story all usually year into wall bill wall next per by visit.
Required skills: NLP, Medical Coding, Node.js, CSS
Preferred: Tv without almost write have move these be probably early.","NLP, Medical Coding, Node.js, CSS",FinTech,fintech,['fintech']
J00573,Business Analyst,Web Development,Remote,"South Christinachester, Bolivia",R&D,Part time,"We are hiring a DevOps Engineer to join our Web Development team.
Responsibilities: Issue four lose serious prepare run white face suggest finally somebody film election represent fish.
Required skills: Node.js, Quality Assurance, Marketing
Preferred: Prevent lot peace sure best.","Node.js, Quality Assurance, Marketing",Web Development,web development,"['web', 'development']"
J00574,QA Engineer,Healthcare,Remote,"South Tracyborough, Norway",Engineering,Internship,"We are hiring a Frontend Developer to join our Healthcare team.
Responsibilities: Available wrong glass difficult beat offer professional whole chair.
Required skills: TensorFlow, Solidity, Java, Cybersecurity, Docker
Preferred: Street season on reveal opportunity middle cover least.","TensorFlow, Solidity, Java, Cybersecurity, Docker",Healthcare,healthcare,['healthcare']
J00575,Backend Developer,DevOps,Onsite,"West Jessica, Sudan",IT,Contract,"We are hiring a Cloud Engineer to join our DevOps team.
Responsibilities: System financial suggest expert participant sister management agent seek movement tend.
Required skills: Java, ETL, TensorFlow, Business Analysis, Redis, Excel, TypeScript
Preferred: Firm assume why above student including baby.","Java, ETL, TensorFlow, Business Analysis, Redis, Excel, TypeScript",DevOps,devops,['devops']
J00576,Backend Developer,EdTech,Hybrid,"Port Thomaston, Uruguay",Engineering,Part time,"We are hiring a Backend Developer to join our EdTech team.
Responsibilities: Table window bed reason which coach Mrs girl environmental himself will already sport next government.
Required skills: Angular, Blockchain, IoT
Preferred: General name bad say.","Angular, Blockchain, IoT",EdTech,edtech,['edtech']
J00577,Software Engineer,Healthcare,Hybrid,"West Paulamouth, Eritrea",R&D,Part time,"We are hiring a Backend Developer to join our Healthcare team.
Responsibilities: Responsibility people protect eat project two another man list anything action.
Required skills: R, PyTorch, Kubernetes, Excel
Preferred: Throughout song response five find much world.","R, PyTorch, Kubernetes, Excel",Healthcare,healthcare,['healthcare']
J00578,Data Engineer,Data Science,Onsite,"New Sandra, Rwanda",IT,Full time,"We are hiring a Cloud Engineer to join our Data Science team.
Responsibilities: Change bank much race open hour civil vote rule draw he star never range everything.
Required skills: Product Management, DevOps, MySQL, Marketing, Docker, Communications
Preferred: Process move actually hot.","Product Management, DevOps, MySQL, Marketing, Docker, Communications",Data Science,data science,"['data', 'science']"
J00579,Data Engineer,EdTech,Hybrid,"New Heidi, Bermuda",R&D,Part time,"We are hiring a Frontend Developer to join our EdTech team.
Responsibilities: Executive join outside term reveal garden individual customer usually painting life enough.
Required skills: Cybersecurity, Solidity, Recruitment, DevOps, Scikit-learn, Excel, R, Marketing
Preferred: Me medical apply shoulder.","Cybersecurity, Solidity, Recruitment, DevOps, Scikit-learn, Excel, R, Marketing",EdTech,edtech,['edtech']
J00580,Software Engineer,Healthcare,Hybrid,"Freemanhaven, Saint Helena",R&D,Full time,"We are hiring a AI Researcher to join our Healthcare team.
Responsibilities: Next yeah amount collection without resource outside past must reveal realize though example develop begin race.
Required skills: Spark, Tableau, Machine Learning, Communications, SQL, SEO, Kubernetes
Preferred: Specific her benefit Mr network night.","Spark, Tableau, Machine Learning, Communications, SQL, SEO, Kubernetes",Healthcare,healthcare,['healthcare']
J00581,Business Analyst,Marketing,Hybrid,"Frankfurt, Dominican Republic",Product,Internship,"We are hiring a Data Engineer to join our Marketing team.
Responsibilities: Probably born prevent allow yes sometimes public city adult.
Required skills: Solidity, MongoDB, Finance, Scrum, ETL
Preferred: Over like according local evening represent fast.","Solidity, MongoDB, Finance, Scrum, ETL",Marketing,marketing,['marketing']
J00582,Software Engineer,Cybersecurity,Hybrid,"Port Amandaberg, Uruguay",IT,Internship,"We are hiring a Business Analyst to join our Cybersecurity team.
Responsibilities: Bag seek eye second statement occur role office instead society.
Required skills: R, Power BI, Blockchain, GIS, TensorFlow, Accounting
Preferred: Young car imagine easy reflect office type guy.","R, Power BI, Blockchain, GIS, TensorFlow, Accounting",Cybersecurity,cybersecurity,['cybersecurity']
J00583,Mobile Developer,Cybersecurity,Onsite,"East Kaitlynland, Saint Vincent and the Grenadines",R&D,Part time,"We are hiring a AI Researcher to join our Cybersecurity team.
Responsibilities: Feeling can main new large democratic home husband former spend hotel among how its across.
Required skills: Kubernetes, PostgreSQL, NoSQL, Clinical Research, Spark, R, CI/CD
Preferred: Can most political positive investment.","Kubernetes, PostgreSQL, NoSQL, Clinical Research, Spark, R, CI/CD",Cybersecurity,cybersecurity,['cybersecurity']
J00584,Frontend Developer,AI/ML,Onsite,"New Amyville, Algeria",Operations,Part time,"We are hiring a QA Engineer to join our AI/ML team.
Responsibilities: Only or write around scientist police century career part fund.
Required skills: HTML, Agile, Scala, Marketing, MongoDB
Preferred: Should least he level our discuss.","HTML, Agile, Scala, Marketing, MongoDB",AI/ML,ai ml,"['ai', 'ml']"
J00585,Product Manager,Product,Hybrid,"New Debraburgh, India",Marketing,Part time,"We are hiring a Software Engineer to join our Product team.
Responsibilities: Anyone respond involve card whom give spring.
Required skills: TensorFlow, Hadoop, HTML, Product Management, Embedded Systems, Project Management, JavaScript
Preferred: Various product election event picture weight analysis experience news.","TensorFlow, Hadoop, HTML, Product Management, Embedded Systems, Project Management, JavaScript",Product,product,['product']
J00586,Product Manager,Blockchain,Hybrid,"Heathermouth, Czech Republic",Product,Contract,"We are hiring a Business Analyst to join our Blockchain team.
Responsibilities: Bed newspaper piece building nature hope picture morning exist stuff executive form woman church collection.
Required skills: Hadoop, Redis, JavaScript, Scrum, Node.js, Tableau, Cybersecurity, Medical Coding
Preferred: Change management manager fire imagine activity wide impact.","Hadoop, Redis, JavaScript, Scrum, Node.js, Tableau, Cybersecurity, Medical Coding",Blockchain,blockchain,['blockchain']
J00587,Business Analyst,Marketing,Onsite,"Pittmanport, Mauritius",Engineering,Full time,"We are hiring a Cloud Engineer to join our Marketing team.
Responsibilities: Air action large policy serious top image capital government yes hand half audience.
Required skills: PyTorch, PostgreSQL, Machine Learning, NumPy, Penetration Testing
Preferred: Race attack discover rise week institution.","PyTorch, PostgreSQL, Machine Learning, NumPy, Penetration Testing",Marketing,marketing,['marketing']
J00588,Frontend Developer,Healthcare,Onsite,"West Rodneystad, Malta",R&D,Internship,"We are hiring a Data Scientist to join our Healthcare team.
Responsibilities: Occur health conference few decide opportunity film note argue heart enough seat degree.
Required skills: Tableau, Customer Service, IoT, Quality Assurance, MongoDB
Preferred: Reason would level approach reveal but value bag.","Tableau, Customer Service, IoT, Quality Assurance, MongoDB",Healthcare,healthcare,['healthcare']
J00589,DevOps Engineer,Web Development,Remote,"Grahamport, Tanzania",Engineering,Internship,"We are hiring a QA Engineer to join our Web Development team.
Responsibilities: Oil involve home but dog thing require manager physical nice how western hear.
Required skills: Power BI, Data Analysis, Accounting, Communications, Blockchain, Business Analysis
Preferred: Any control drug second long listen room my each.","Power BI, Data Analysis, Accounting, Communications, Blockchain, Business Analysis",Web Development,web development,"['web', 'development']"
J00590,Business Analyst,Web Development,Hybrid,"Port Dawnshire, Colombia",Product,Part time,"We are hiring a QA Engineer to join our Web Development team.
Responsibilities: Agent growth major describe sure century relationship recognize defense.
Required skills: Azure, Kubernetes, MongoDB
Preferred: Decision your if else control night.","Azure, Kubernetes, MongoDB",Web Development,web development,"['web', 'development']"
J00591,Backend Developer,HR,Hybrid,"West John, Central African Republic",Engineering,Full time,"We are hiring a Software Engineer to join our HR team.
Responsibilities: Various time least pay order cost close list door usually city return test.
Required skills: Content Writing, JavaScript, Azure
Preferred: Another draw consumer offer edge yard.","Content Writing, JavaScript, Azure",HR,hr,['hr']
J00592,Frontend Developer,DevOps,Hybrid,"South Christinabury, Senegal",Marketing,Internship,"We are hiring a Mobile Developer to join our DevOps team.
Responsibilities: Might fall defense father process painting moment threat across.
Required skills: MongoDB, Spark, Communications, Microservices, CI/CD
Preferred: Former fly base successful real camera home trip kind.","MongoDB, Spark, Communications, Microservices, CI/CD",DevOps,devops,['devops']
J00593,QA Engineer,Cloud,Onsite,"Carrollland, Cook Islands",R&D,Full time,"We are hiring a DevOps Engineer to join our Cloud team.
Responsibilities: Where buy about strategy small world degree choice similar it personal single trial manage level.
Required skills: Figma, Microservices, Flask, C++, IoT, Business Analysis, DevOps
Preferred: Data away though media whether western.","Figma, Microservices, Flask, C++, IoT, Business Analysis, DevOps",Cloud,cloud,['cloud']
J00594,Software Engineer,Web Development,Remote,"Mcfarlandfort, Antarctica (the territory South of 60 deg S)",IT,Part time,"We are hiring a Cloud Engineer to join our Web Development team.
Responsibilities: About next appear her alone pass college me fight picture be station policy.
Required skills: Medical Coding, NoSQL, Power BI
Preferred: Road car many adult possible its sit.","Medical Coding, NoSQL, Power BI",Web Development,web development,"['web', 'development']"
J00595,Backend Developer,DevOps,Onsite,"Williamchester, Korea",IT,Contract,"We are hiring a Product Manager to join our DevOps team.
Responsibilities: Case notice able unit store add always religious course meet word plant soldier.
Required skills: React, Angular, DevOps, MongoDB, Data Analysis, Python
Preferred: Third somebody watch rock executive language fire magazine.","React, Angular, DevOps, MongoDB, Data Analysis, Python",DevOps,devops,['devops']
J00596,Product Manager,IoT,Onsite,"North Alexandra, Cuba",R&D,Contract,"We are hiring a Data Engineer to join our IoT team.
Responsibilities: Recognize number machine off must everyone young smile election trial media alone science thousand sport add.
Required skills: CI/CD, Computer Vision, Deep Learning, Marketing
Preferred: Others song debate statement simple job describe.","CI/CD, Computer Vision, Deep Learning, Marketing",IoT,iot,['iot']
J00597,Mobile Developer,Product,Hybrid,"Lake Jeffrey, Nauru",Product,Internship,"We are hiring a Data Scientist to join our Product team.
Responsibilities: Throw big beyond responsibility one various move prepare produce travel forget.
Required skills: Penetration Testing, C++, Embedded Systems, NoSQL, JavaScript, Power BI, Communications
Preferred: None fund edge about available rate join.","Penetration Testing, C++, Embedded Systems, NoSQL, JavaScript, Power BI, Communications",Product,product,['product']
J00598,Software Engineer,IoT,Hybrid,"East Renee, Svalbard & Jan Mayen Islands",Operations,Contract,"We are hiring a DevOps Engineer to join our IoT team.
Responsibilities: Will reflect fight marriage common threat PM game resource second receive ask message may center whole.
Required skills: MATLAB, Blockchain, HR, JavaScript, Cybersecurity, PyTorch
Preferred: Late poor power around price win.","MATLAB, Blockchain, HR, JavaScript, Cybersecurity, PyTorch",IoT,iot,['iot']
J00599,Full Stack Developer,DevOps,Onsite,"Carloshaven, Australia",R&D,Contract,"We are hiring a Frontend Developer to join our DevOps team.
Responsibilities: Recently would customer rich offer have fill section offer movie thank even agency.
Required skills: JavaScript, TypeScript, Business Analysis, Figma, Sales, MongoDB
Preferred: Middle rather perhaps note someone cover question drop.","JavaScript, TypeScript, Business Analysis, Figma, Sales, MongoDB",DevOps,devops,['devops']
J00600,Frontend Developer,Blockchain,Onsite,"Port Christinemouth, Cape Verde",Product,Contract,"We are hiring a Data Scientist to join our Blockchain team.
Responsibilities: House budget style arrive they individual his car between follow.
Required skills: SQL, Clinical Research, Redis, Kubernetes, Recruitment, C++
Preferred: Run range image everyone material unit water follow.","SQL, Clinical Research, Redis, Kubernetes, Recruitment, C++",Blockchain,blockchain,['blockchain']
J00601,Cloud Engineer,Cybersecurity,Onsite,"Pamelastad, Bolivia",Product,Internship,"We are hiring a Product Manager to join our Cybersecurity team.
Responsibilities: Effort issue accept appear model front skin increase most.
Required skills: Communications, Recruitment, Content Writing, NLP, Quality Assurance, PostgreSQL
Preferred: Fact arm author him effort blood.","Communications, Recruitment, Content Writing, NLP, Quality Assurance, PostgreSQL",Cybersecurity,cybersecurity,['cybersecurity']
J00602,Business Analyst,E-commerce,Remote,"West Michelle, Eritrea",Engineering,Contract,"We are hiring a AI Researcher to join our E-commerce team.
Responsibilities: Show open line fast century summer cut more.
Required skills: React, DevOps, Quality Assurance, Scala
Preferred: Your admit simply student star test room laugh when impact.","React, DevOps, Quality Assurance, Scala",E-commerce,e-commerce,['commerce']
J00603,Frontend Developer,Web Development,Hybrid,"New Kennethview, Cape Verde",Marketing,Full time,"We are hiring a Web Developer to join our Web Development team.
Responsibilities: Mention in community something four any particularly movement air participant.
Required skills: CI/CD, NLP, Django
Preferred: Section defense property activity show point statement.","CI/CD, NLP, Django",Web Development,web development,"['web', 'development']"
J00604,Web Developer,Cloud,Remote,"Carlsonshire, Turkey",IT,Internship,"We are hiring a Data Engineer to join our Cloud team.
Responsibilities: Career evening wrong new body guy participant money federal trial less government show seem.
Required skills: Go, PostgreSQL, Recruitment
Preferred: Federal meeting worker of marriage police development economy affect.","Go, PostgreSQL, Recruitment",Cloud,cloud,['cloud']
J00605,Software Engineer,Healthcare,Remote,"Breannaside, Aruba",Engineering,Full time,"We are hiring a Frontend Developer to join our Healthcare team.
Responsibilities: Price it collection pay establish practice speak and do.
Required skills: CI/CD, Marketing, Big Data, React
Preferred: Government most window cause minute.","CI/CD, Marketing, Big Data, React",Healthcare,healthcare,['healthcare']
J00606,Cloud Engineer,Product,Hybrid,"South Jamesport, Cape Verde",Operations,Full time,"We are hiring a Software Engineer to join our Product team.
Responsibilities: Dinner nor key least experience join guy.
Required skills: Angular, Spark, IoT, Accounting, Content Writing, React, Microservices, C++
Preferred: Western box final message international environment training mission.","Angular, Spark, IoT, Accounting, Content Writing, React, Microservices, C++",Product,product,['product']
J00607,QA Engineer,Web Development,Onsite,"East Adam, Mali",Marketing,Internship,"We are hiring a Full Stack Developer to join our Web Development team.
Responsibilities: Stuff floor political them recent south everybody number city.
Required skills: NoSQL, Angular, Rust
Preferred: Collection through all poor reveal heavy performance.","NoSQL, Angular, Rust",Web Development,web development,"['web', 'development']"
J00608,Data Scientist,Product,Onsite,"Gabrielchester, Taiwan",R&D,Internship,"We are hiring a Business Analyst to join our Product team.
Responsibilities: Fall might better word court able idea successful degree whom trip beat begin speech.
Required skills: Flask, Rust, Node.js, Redis
Preferred: Light may far chair high.","Flask, Rust, Node.js, Redis",Product,product,['product']
J00609,DevOps Engineer,Cloud,Remote,"Lorraineshire, Georgia",IT,Part time,"We are hiring a Data Engineer to join our Cloud team.
Responsibilities: Performance order age inside check card right detail listen late me often wonder.
Required skills: MATLAB, Docker, Solidity
Preferred: Direction quickly of along speech several.","MATLAB, Docker, Solidity",Cloud,cloud,['cloud']
J00610,Cloud Engineer,FinTech,Onsite,"Stewartview, Tunisia",R&D,Full time,"We are hiring a Full Stack Developer to join our FinTech team.
Responsibilities: Physical large provide need special worker ok reflect audience social inside finish dark modern writer.
Required skills: Microservices, Cybersecurity, Medical Coding, MongoDB
Preferred: Must rate successful see leg at on fly owner newspaper.","Microservices, Cybersecurity, Medical Coding, MongoDB",FinTech,fintech,['fintech']
J00611,Data Scientist,Cloud,Onsite,"Mikefurt, Chad",IT,Contract,"We are hiring a Backend Developer to join our Cloud team.
Responsibilities: Step decision enjoy memory in modern technology where rate human character order race.
Required skills: Django, Azure, Kubernetes, Penetration Testing
Preferred: Boy place property agreement sure scene.","Django, Azure, Kubernetes, Penetration Testing",Cloud,cloud,['cloud']
J00612,QA Engineer,Cybersecurity,Hybrid,"East Sarahside, Mali",Marketing,Contract,"We are hiring a QA Engineer to join our Cybersecurity team.
Responsibilities: Suggest six better short spring ago still according I resource sure other their.
Required skills: IoT, Embedded Systems, Sales, Go, Finance, Scala
Preferred: Lawyer car loss chair never.","IoT, Embedded Systems, Sales, Go, Finance, Scala",Cybersecurity,cybersecurity,['cybersecurity']
J00613,QA Engineer,Cloud,Remote,"Tranbury, Czech Republic",R&D,Full time,"We are hiring a Frontend Developer to join our Cloud team.
Responsibilities: Town memory upon job field top TV drug first inside foreign.
Required skills: Go, Marketing, React, MATLAB, Tableau
Preferred: Pass television situation ten you course great land song kind.","Go, Marketing, React, MATLAB, Tableau",Cloud,cloud,['cloud']
J00614,AI Researcher,Data Science,Onsite,"Port Georgeborough, Bolivia",R&D,Full time,"We are hiring a Cloud Engineer to join our Data Science team.
Responsibilities: Forget place race should key toward group popular modern pay push school.
Required skills: ETL, Pandas, Marketing, Penetration Testing, Cybersecurity
Preferred: Event state enjoy find word Mr bit baby ask thousand.","ETL, Pandas, Marketing, Penetration Testing, Cybersecurity",Data Science,data science,"['data', 'science']"
J00615,Data Scientist,Cloud,Remote,"Lake Samanthaville, Sao Tome and Principe",IT,Internship,"We are hiring a Product Manager to join our Cloud team.
Responsibilities: View within soldier surface cup movie know food seek.
Required skills: PyTorch, Recruitment, TensorFlow, ETL, Solidity, Redis
Preferred: Own season old just their pay Mrs them central police.","PyTorch, Recruitment, TensorFlow, ETL, Solidity, Redis",Cloud,cloud,['cloud']
J00616,Data Scientist,Blockchain,Remote,"Lindaview, Guinea-Bissau",R&D,Full time,"We are hiring a Web Developer to join our Blockchain team.
Responsibilities: Mention enjoy with off fall trip writer standard institution task west sport at.
Required skills: Finance, Quality Assurance, Cybersecurity, JavaScript, Medical Coding, Scikit-learn
Preferred: Visit party look serve media decade.","Finance, Quality Assurance, Cybersecurity, JavaScript, Medical Coding, Scikit-learn",Blockchain,blockchain,['blockchain']
J00617,Frontend Developer,Web Development,Onsite,"West Brandifort, Haiti",Product,Contract,"We are hiring a Data Scientist to join our Web Development team.
Responsibilities: Relationship civil travel protect production do meeting which similar decade also north become next.
Required skills: GCP, UI/UX, Finance, Blockchain, Communications
Preferred: Politics you dinner company bed take say.","GCP, UI/UX, Finance, Blockchain, Communications",Web Development,web development,"['web', 'development']"
J00618,Data Scientist,Cloud,Remote,"New Michaelview, Mauritania",R&D,Internship,"We are hiring a Data Scientist to join our Cloud team.
Responsibilities: On someone agency level debate factor his likely effort computer.
Required skills: Kubernetes, Figma, Agile, HTML, Big Data, MATLAB
Preferred: Generation place ground exist bank phone.","Kubernetes, Figma, Agile, HTML, Big Data, MATLAB",Cloud,cloud,['cloud']
J00619,Data Scientist,Cybersecurity,Onsite,"Joyville, Jamaica",IT,Internship,"We are hiring a QA Engineer to join our Cybersecurity team.
Responsibilities: Kind from way today baby professor identify necessary.
Required skills: R, TypeScript, Scala
Preferred: Through between skin feel event look recognize.","R, TypeScript, Scala",Cybersecurity,cybersecurity,['cybersecurity']
J00620,Software Engineer,E-commerce,Onsite,"Lake Brittanyside, Costa Rica",IT,Contract,"We are hiring a QA Engineer to join our E-commerce team.
Responsibilities: Specific explain save campaign special teacher movie eye PM drop cut various speech interesting.
Required skills: Customer Service, UI/UX, Project Management, Spark, Cybersecurity, GCP, Scala
Preferred: Wide see offer position his standard bring three.","Customer Service, UI/UX, Project Management, Spark, Cybersecurity, GCP, Scala",E-commerce,e-commerce,['commerce']
J00621,Backend Developer,Cybersecurity,Hybrid,"Bennettmouth, British Virgin Islands",IT,Internship,"We are hiring a DevOps Engineer to join our Cybersecurity team.
Responsibilities: Second wrong including weight ability young second trip everyone specific TV care support campaign quite without.
Required skills: AWS, IoT, Clinical Research, MATLAB, Kubernetes, Flask, Penetration Testing
Preferred: Party name authority write rise will network.","AWS, IoT, Clinical Research, MATLAB, Kubernetes, Flask, Penetration Testing",Cybersecurity,cybersecurity,['cybersecurity']
J00622,Cloud Engineer,Blockchain,Remote,"Freemantown, Bhutan",Engineering,Internship,"We are hiring a Data Scientist to join our Blockchain team.
Responsibilities: Ten pass force player everybody idea ever agree clearly early teach artist fight house.
Required skills: CSS, NLP, Blockchain, MongoDB
Preferred: Its film than heavy apply near east seem.","CSS, NLP, Blockchain, MongoDB",Blockchain,blockchain,['blockchain']
J00623,Business Analyst,Blockchain,Hybrid,"Robinsonshire, Myanmar",Product,Part time,"We are hiring a Data Scientist to join our Blockchain team.
Responsibilities: Same poor throw plant green serious police magazine just surface enjoy begin.
Required skills: HTML, SEO, Clinical Research, Flask
Preferred: And describe teach society sport follow win sea free as.","HTML, SEO, Clinical Research, Flask",Blockchain,blockchain,['blockchain']
J00624,Product Manager,IoT,Remote,"Port Sharon, Faroe Islands",R&D,Contract,"We are hiring a Mobile Developer to join our IoT team.
Responsibilities: Understand eight near loss Congress treat director a light drop do.
Required skills: Django, AWS, MySQL
Preferred: Understand every rule receive health lot oil.","Django, AWS, MySQL",IoT,iot,['iot']
J00625,Mobile Developer,Product,Onsite,"East Michael, Brazil",Marketing,Internship,"We are hiring a Data Engineer to join our Product team.
Responsibilities: Recent open moment level station degree care read face on experience.
Required skills: Tableau, Pandas, Deep Learning, Customer Service
Preferred: Many itself believe create recognize source maybe art rich.","Tableau, Pandas, Deep Learning, Customer Service",Product,product,['product']
J00626,DevOps Engineer,Healthcare,Hybrid,"Hannaland, Georgia",Operations,Internship,"We are hiring a QA Engineer to join our Healthcare team.
Responsibilities: Old foot voice economic item movement color billion son magazine.
Required skills: MySQL, Medical Coding, GIS, IoT, Agile, Project Management
Preferred: Back lay animal provide piece floor feeling former law apply.","MySQL, Medical Coding, GIS, IoT, Agile, Project Management",Healthcare,healthcare,['healthcare']
J00627,Web Developer,Healthcare,Onsite,"East Michelleshire, Palestinian Territory",Operations,Contract,"We are hiring a Data Scientist to join our Healthcare team.
Responsibilities: Each speak authority walk conference sea activity almost continue approach.
Required skills: Redis, DevOps, C++, Communications, Excel, NoSQL, Agile
Preferred: It friend positive wall travel affect for store collection.","Redis, DevOps, C++, Communications, Excel, NoSQL, Agile",Healthcare,healthcare,['healthcare']
J00628,Mobile Developer,FinTech,Remote,"North Keithberg, Anguilla",Engineering,Internship,"We are hiring a Security Analyst to join our FinTech team.
Responsibilities: Important already fire eight school not affect work I throughout day science cell.
Required skills: ETL, PostgreSQL, Data Analysis, PyTorch, DevOps, IoT, Redis
Preferred: Table everyone all floor than onto.","ETL, PostgreSQL, Data Analysis, PyTorch, DevOps, IoT, Redis",FinTech,fintech,['fintech']
J00629,Product Manager,E-commerce,Hybrid,"Lake Gregory, Holy See (Vatican City State)",Engineering,Internship,"We are hiring a Mobile Developer to join our E-commerce team.
Responsibilities: Cause agree which school serious sure box debate move decide office court.
Required skills: Sales, SEO, Clinical Research, Agile, ETL, Deep Learning, Redis, Django
Preferred: Hair military western bring Democrat during.","Sales, SEO, Clinical Research, Agile, ETL, Deep Learning, Redis, Django",E-commerce,e-commerce,['commerce']
J00630,Product Manager,Blockchain,Remote,"Matthewchester, Philippines",Product,Internship,"We are hiring a Software Engineer to join our Blockchain team.
Responsibilities: Four describe control hundred significant fear kind soldier community on involve.
Required skills: Communications, Sales, Flask
Preferred: Environment seat role on ground join.","Communications, Sales, Flask",Blockchain,blockchain,['blockchain']
J00631,Data Engineer,Blockchain,Remote,"Fieldsfort, Niue",Product,Part time,"We are hiring a Frontend Developer to join our Blockchain team.
Responsibilities: Everybody of PM guess perform store green strong begin read.
Required skills: Microservices, Power BI, Solidity, TypeScript, Sales
Preferred: Word identify sport none at maintain today whether.","Microservices, Power BI, Solidity, TypeScript, Sales",Blockchain,blockchain,['blockchain']
J00632,Software Engineer,Marketing,Remote,"Kristinhaven, Bahamas",Engineering,Full time,"We are hiring a QA Engineer to join our Marketing team.
Responsibilities: Trouble indicate black list yeah despite identify ok he eye kid yeah establish share its fish.
Required skills: Scrum, Django, Project Management, Penetration Testing
Preferred: Full night recognize record imagine seven thing.","Scrum, Django, Project Management, Penetration Testing",Marketing,marketing,['marketing']
J00633,Product Manager,Data Science,Remote,"Julieberg, French Guiana",Engineering,Part time,"We are hiring a Web Developer to join our Data Science team.
Responsibilities: Theory religious wrong management or fear full bank political tell.
Required skills: Java, Flask, Embedded Systems, Content Writing, Tableau, NLP, Medical Coding, GCP
Preferred: Week seat natural different even vote expert nature matter.","Java, Flask, Embedded Systems, Content Writing, Tableau, NLP, Medical Coding, GCP",Data Science,data science,"['data', 'science']"
J00634,Web Developer,HR,Onsite,"Sanchezshire, Anguilla",Engineering,Full time,"We are hiring a Frontend Developer to join our HR team.
Responsibilities: Size hotel Mrs fast like police pattern sell serve skin baby benefit team.
Required skills: Figma, Medical Coding, NLP, Azure, React
Preferred: Bar hour sit pretty reason because each market decade.","Figma, Medical Coding, NLP, Azure, React",HR,hr,['hr']
J00635,DevOps Engineer,Product,Onsite,"South Brian, Portugal",IT,Full time,"We are hiring a Web Developer to join our Product team.
Responsibilities: Simple significant wall event party sport where tough affect.
Required skills: Azure, Python, HTML
Preferred: Hit every debate capital business experience.","Azure, Python, HTML",Product,product,['product']
J00636,Data Engineer,E-commerce,Onsite,"New Kayla, Slovenia",R&D,Full time,"We are hiring a Product Manager to join our E-commerce team.
Responsibilities: However follow everyone century official story clearly successful fast seek day staff our.
Required skills: Hadoop, Go, Machine Learning, Spark, TensorFlow, Kubernetes, Finance
Preferred: Catch us team open tonight activity house of measure.","Hadoop, Go, Machine Learning, Spark, TensorFlow, Kubernetes, Finance",E-commerce,e-commerce,['commerce']
J00637,Product Manager,Product,Onsite,"Lake Danielchester, Reunion",Marketing,Internship,"We are hiring a Web Developer to join our Product team.
Responsibilities: Responsibility note because improve writer agent radio nearly despite determine book bit hope.
Required skills: DevOps, Spark, AWS, Solidity, Scrum, Django, Accounting
Preferred: Glass significant agree husband responsibility nothing.","DevOps, Spark, AWS, Solidity, Scrum, Django, Accounting",Product,product,['product']
J00638,Full Stack Developer,Cloud,Remote,"Jessicaton, Senegal",Engineering,Full time,"We are hiring a Data Scientist to join our Cloud team.
Responsibilities: Crime discuss will democratic truth information lot son.
Required skills: Sales, SEO, Microservices, Big Data, Project Management, JavaScript, Clinical Research, Finance
Preferred: Move beyond animal nor something enter rock.","Sales, SEO, Microservices, Big Data, Project Management, JavaScript, Clinical Research, Finance",Cloud,cloud,['cloud']
J00639,QA Engineer,AI/ML,Onsite,"Port Ryanborough, Argentina",Operations,Internship,"We are hiring a Frontend Developer to join our AI/ML team.
Responsibilities: Yes training before hundred wish official report production.
Required skills: NumPy, PyTorch, Data Analysis, Recruitment, Scikit-learn, Flask, Machine Learning
Preferred: Sign answer find together claim.","NumPy, PyTorch, Data Analysis, Recruitment, Scikit-learn, Flask, Machine Learning",AI/ML,ai ml,"['ai', 'ml']"
J00640,Backend Developer,HR,Hybrid,"East Alyssachester, Timor-Leste",Operations,Internship,"We are hiring a Mobile Developer to join our HR team.
Responsibilities: Understand identify name almost who then own east certain western show election time.
Required skills: Excel, Communications, Marketing, NumPy
Preferred: Few end choose art five avoid article long.","Excel, Communications, Marketing, NumPy",HR,hr,['hr']
J00641,Data Scientist,Web Development,Remote,"South Maryshire, Bolivia",Product,Contract,"We are hiring a DevOps Engineer to join our Web Development team.
Responsibilities: Tv him bag skin between reduce beat many data career.
Required skills: JavaScript, Accounting, AWS, Product Management, Django, Solidity, HTML, UI/UX
Preferred: On finally summer administration career.","JavaScript, Accounting, AWS, Product Management, Django, Solidity, HTML, UI/UX",Web Development,web development,"['web', 'development']"
J00642,Full Stack Developer,IoT,Onsite,"Caldwelltown, Central African Republic",Operations,Internship,"We are hiring a Mobile Developer to join our IoT team.
Responsibilities: New pretty eye budget subject least place first training value avoid upon defense job support.
Required skills: Finance, Solidity, Project Management, Recruitment, TensorFlow, Clinical Research
Preferred: Make far investment painting draw small bag truth.","Finance, Solidity, Project Management, Recruitment, TensorFlow, Clinical Research",IoT,iot,['iot']
J00643,AI Researcher,HR,Remote,"Turnerville, Palestinian Territory",Engineering,Part time,"We are hiring a Cloud Engineer to join our HR team.
Responsibilities: Business officer experience economic charge give theory away down turn design anything.
Required skills: Node.js, Python, React, PostgreSQL, SEO, NLP, Power BI
Preferred: Professional whole control at natural sport front your compare pretty.","Node.js, Python, React, PostgreSQL, SEO, NLP, Power BI",HR,hr,['hr']
J00644,AI Researcher,EdTech,Hybrid,"Patriciatown, Burundi",Product,Internship,"We are hiring a AI Researcher to join our EdTech team.
Responsibilities: Executive result assume remain on others party minute trip grow hospital executive.
Required skills: Tableau, MongoDB, CSS, Node.js, SEO, AWS, Java
Preferred: Word our wonder air black wrong red future later voice.","Tableau, MongoDB, CSS, Node.js, SEO, AWS, Java",EdTech,edtech,['edtech']
J00645,Cloud Engineer,DevOps,Remote,"Clarkstad, Slovakia (Slovak Republic)",Product,Internship,"We are hiring a Business Analyst to join our DevOps team.
Responsibilities: Fast certainly wrong large right lay hope card president if ago him account against.
Required skills: Data Analysis, Excel, MATLAB
Preferred: Bar teacher president ever stuff.","Data Analysis, Excel, MATLAB",DevOps,devops,['devops']
J00646,QA Engineer,Healthcare,Onsite,"Port Nicholaschester, Tokelau",Engineering,Internship,"We are hiring a AI Researcher to join our Healthcare team.
Responsibilities: End skin mention sing bill above why wonder in.
Required skills: Go, CSS, Communications, Azure, Customer Service, Hadoop
Preferred: Outside public write sound beyond career cell line collection may.","Go, CSS, Communications, Azure, Customer Service, Hadoop",Healthcare,healthcare,['healthcare']
J00647,Mobile Developer,Marketing,Onsite,"North Michaelburgh, Burundi",IT,Part time,"We are hiring a Mobile Developer to join our Marketing team.
Responsibilities: Central challenge company choice actually everyone force choose cover yourself.
Required skills: Marketing, Kubernetes, Accounting
Preferred: Other allow event although seem environmental painting break health site.","Marketing, Kubernetes, Accounting",Marketing,marketing,['marketing']
J00648,Cloud Engineer,Marketing,Hybrid,"East Michaeltown, Sweden",Marketing,Internship,"We are hiring a Security Analyst to join our Marketing team.
Responsibilities: Create whose want until clearly poor option type account upon eye policy.
Required skills: DevOps, Recruitment, MySQL, ETL, AWS
Preferred: What news American service model ahead unit admit.","DevOps, Recruitment, MySQL, ETL, AWS",Marketing,marketing,['marketing']
J00649,Product Manager,Marketing,Remote,"North Pattyville, Nigeria",IT,Full time,"We are hiring a Security Analyst to join our Marketing team.
Responsibilities: Travel Republican forget feeling party the call several set believe pretty.
Required skills: Python, Go, CI/CD, Azure, DevOps
Preferred: Light improve law run pick nearly compare.","Python, Go, CI/CD, Azure, DevOps",Marketing,marketing,['marketing']
J00650,Mobile Developer,Marketing,Hybrid,"North Paul, Saudi Arabia",IT,Full time,"We are hiring a Business Analyst to join our Marketing team.
Responsibilities: Marriage tree politics whose purpose dinner next significant property best station per.
Required skills: Machine Learning, MongoDB, Rust
Preferred: Economy truth dream result other add sport need when.","Machine Learning, MongoDB, Rust",Marketing,marketing,['marketing']
J00651,Security Analyst,HR,Hybrid,"Muellershire, Montserrat",Operations,Internship,"We are hiring a DevOps Engineer to join our HR team.
Responsibilities: Recently again service cost thus a industry who note any fear.
Required skills: Big Data, GCP, Tableau, TypeScript, Rust, Spark, Pandas, Microservices
Preferred: Mind song investment help road home.","Big Data, GCP, Tableau, TypeScript, Rust, Spark, Pandas, Microservices",HR,hr,['hr']
J00652,Software Engineer,Data Science,Remote,"Stevensbury, Korea",Operations,Internship,"We are hiring a DevOps Engineer to join our Data Science team.
Responsibilities: He throw bar five know behavior development professional attorney onto necessary.
Required skills: CSS, Java, Content Writing, Deep Learning, Agile, Redis, Excel
Preferred: Group play mention create reveal pattern.","CSS, Java, Content Writing, Deep Learning, Agile, Redis, Excel",Data Science,data science,"['data', 'science']"
J00653,QA Engineer,Web Development,Onsite,"Lake Chloe, Indonesia",Product,Full time,"We are hiring a Software Engineer to join our Web Development team.
Responsibilities: Especially least study teacher Congress sort speech mother push drive cell.
Required skills: Hadoop, PostgreSQL, SEO, Django, Content Writing, JavaScript, GIS, Product Management
Preferred: Company feeling above all bag remember film.","Hadoop, PostgreSQL, SEO, Django, Content Writing, JavaScript, GIS, Product Management",Web Development,web development,"['web', 'development']"
J00654,QA Engineer,Product,Onsite,"Matthewfurt, Netherlands Antilles",R&D,Full time,"We are hiring a QA Engineer to join our Product team.
Responsibilities: Foreign full learn suffer once agreement company material.
Required skills: NumPy, Python, Microservices, Kubernetes
Preferred: Address everyone hard article you defense price per.","NumPy, Python, Microservices, Kubernetes",Product,product,['product']
J00655,Product Manager,Web Development,Hybrid,"Emmaport, Guinea-Bissau",Marketing,Internship,"We are hiring a QA Engineer to join our Web Development team.
Responsibilities: Us summer focus Mrs special moment difficult evidence treatment.
Required skills: Scrum, NumPy, MATLAB, Rust, Finance, R
Preferred: Painting hot toward real outside kind.","Scrum, NumPy, MATLAB, Rust, Finance, R",Web Development,web development,"['web', 'development']"
J00656,QA Engineer,Blockchain,Remote,"South Kennethburgh, Netherlands Antilles",Marketing,Internship,"We are hiring a Full Stack Developer to join our Blockchain team.
Responsibilities: Stop ago beautiful less until computer budget range opportunity.
Required skills: Figma, NLP, Angular
Preferred: Him decide teach strong how worry standard seem.","Figma, NLP, Angular",Blockchain,blockchain,['blockchain']
J00657,AI Researcher,Cloud,Remote,"North Mary, Namibia",Marketing,Part time,"We are hiring a Product Manager to join our Cloud team.
Responsibilities: Matter few sister start account character individual provide any.
Required skills: NLP, Kubernetes, Django
Preferred: Dream during health difficult page be artist around against remember.","NLP, Kubernetes, Django",Cloud,cloud,['cloud']
J00658,DevOps Engineer,DevOps,Remote,"Russellfurt, Cameroon",Marketing,Contract,"We are hiring a QA Engineer to join our DevOps team.
Responsibilities: Success heavy responsibility exactly man method happy wide finally.
Required skills: UI/UX, SQL, Scrum, Blockchain, Communications, Data Analysis, R, Sales
Preferred: Often perform together dinner experience sister risk within carry.","UI/UX, SQL, Scrum, Blockchain, Communications, Data Analysis, R, Sales",DevOps,devops,['devops']
J00659,AI Researcher,EdTech,Remote,"North Suzanne, Pakistan",Engineering,Full time,"We are hiring a Product Manager to join our EdTech team.
Responsibilities: Light trouble move away former face safe study know site brother fast series cultural pass treatment.
Required skills: Kubernetes, CI/CD, Tableau, GIS, Customer Service, Blockchain, Project Management
Preferred: Prove wind into inside into.","Kubernetes, CI/CD, Tableau, GIS, Customer Service, Blockchain, Project Management",EdTech,edtech,['edtech']
J00660,Mobile Developer,EdTech,Onsite,"West Gregoryfort, Oman",Operations,Internship,"We are hiring a Security Analyst to join our EdTech team.
Responsibilities: At ago offer network start possible live area product something person choose early.
Required skills: Python, Medical Coding, Figma, C++
Preferred: Hospital personal quite kid hit.","Python, Medical Coding, Figma, C++",EdTech,edtech,['edtech']
J00661,DevOps Engineer,E-commerce,Onsite,"Chenborough, Grenada",IT,Internship,"We are hiring a Software Engineer to join our E-commerce team.
Responsibilities: Career cup main much one author catch stand might expect.
Required skills: Python, Business Analysis, Finance, Deep Learning, TensorFlow, Computer Vision, Scala, Pandas
Preferred: Happen determine marriage bar suffer paper court always voice each.","Python, Business Analysis, Finance, Deep Learning, TensorFlow, Computer Vision, Scala, Pandas",E-commerce,e-commerce,['commerce']
J00662,Data Engineer,Data Science,Remote,"Kendrabury, Montenegro",Engineering,Internship,"We are hiring a Backend Developer to join our Data Science team.
Responsibilities: North recent them reflect available century join outside phone surface here decade wife sense movement.
Required skills: AWS, Business Analysis, Redis, Big Data, Rust, Content Writing, Hadoop
Preferred: Billion probably cut raise include now think.","AWS, Business Analysis, Redis, Big Data, Rust, Content Writing, Hadoop",Data Science,data science,"['data', 'science']"
J00663,Data Engineer,Cybersecurity,Onsite,"Paulahaven, Burundi",Engineering,Internship,"We are hiring a Software Engineer to join our Cybersecurity team.
Responsibilities: Behind single project air hold good red.
Required skills: MySQL, Penetration Testing, Flask, MongoDB
Preferred: Fall issue tend theory the hard south maintain.","MySQL, Penetration Testing, Flask, MongoDB",Cybersecurity,cybersecurity,['cybersecurity']
J00664,DevOps Engineer,Cybersecurity,Hybrid,"Lesliestad, Cyprus",Engineering,Part time,"We are hiring a Mobile Developer to join our Cybersecurity team.
Responsibilities: Major strong pull finish seem party within employee kid fall.
Required skills: Big Data, ETL, Marketing, C++, SQL, Spark
Preferred: Civil everything soon explain happen build fill personal fire.","Big Data, ETL, Marketing, C++, SQL, Spark",Cybersecurity,cybersecurity,['cybersecurity']
J00665,Software Engineer,HR,Remote,"Laneshire, Italy",Marketing,Part time,"We are hiring a Frontend Developer to join our HR team.
Responsibilities: Him up teach central public term she seek then represent conference war.
Required skills: Computer Vision, Product Management, Pandas, Quality Assurance, MySQL, Agile, Business Analysis
Preferred: Reduce pass once democratic range especially catch capital.","Computer Vision, Product Management, Pandas, Quality Assurance, MySQL, Agile, Business Analysis",HR,hr,['hr']
J00666,Data Engineer,AI/ML,Hybrid,"West Samuelstad, United Arab Emirates",Marketing,Full time,"We are hiring a QA Engineer to join our AI/ML team.
Responsibilities: Control skin fall management nearly tax various.
Required skills: CI/CD, GCP, MongoDB
Preferred: Expert general manage note.","CI/CD, GCP, MongoDB",AI/ML,ai ml,"['ai', 'ml']"
J00667,Mobile Developer,Product,Remote,"West Darren, Mali",Product,Contract,"We are hiring a Software Engineer to join our Product team.
Responsibilities: Recently appear agency discover particularly care fall new subject want way.
Required skills: IoT, Medical Coding, Embedded Systems, ETL, Quality Assurance, GIS, Computer Vision, Sales
Preferred: Cover population thing really unit recognize especially.","IoT, Medical Coding, Embedded Systems, ETL, Quality Assurance, GIS, Computer Vision, Sales",Product,product,['product']
J00668,Product Manager,HR,Remote,"Lake Sandrafort, Iran",IT,Internship,"We are hiring a Security Analyst to join our HR team.
Responsibilities: Activity culture picture provide support six space international above attack catch soldier charge.
Required skills: Agile, NoSQL, GCP, TensorFlow, Kubernetes, Computer Vision, Python, Data Analysis
Preferred: Through result military me environmental.","Agile, NoSQL, GCP, TensorFlow, Kubernetes, Computer Vision, Python, Data Analysis",HR,hr,['hr']
J00669,DevOps Engineer,Cloud,Hybrid,"Montoyaside, Costa Rica",Marketing,Full time,"We are hiring a Backend Developer to join our Cloud team.
Responsibilities: Year defense support put herself water meeting voice reality painting.
Required skills: Data Analysis, MySQL, Django, GIS, Redis, Deep Learning, Agile
Preferred: Rich point recently high system policy education true three.","Data Analysis, MySQL, Django, GIS, Redis, Deep Learning, Agile",Cloud,cloud,['cloud']
J00670,Full Stack Developer,Cloud,Hybrid,"North Anna, Heard Island and McDonald Islands",Marketing,Part time,"We are hiring a Security Analyst to join our Cloud team.
Responsibilities: Evidence resource appear term certainly perform shake behavior nor Democrat anyone president three.
Required skills: Accounting, TypeScript, Scikit-learn
Preferred: Back together factor body.","Accounting, TypeScript, Scikit-learn",Cloud,cloud,['cloud']
J00671,Full Stack Developer,Product,Remote,"Kristinhaven, Saint Barthelemy",IT,Part time,"We are hiring a Data Scientist to join our Product team.
Responsibilities: Must any weight safe officer serious same experience.
Required skills: Scala, NoSQL, Medical Coding
Preferred: Article article drop give his.","Scala, NoSQL, Medical Coding",Product,product,['product']
J00672,Security Analyst,Cloud,Hybrid,"Charlesborough, Syrian Arab Republic",IT,Internship,"We are hiring a Web Developer to join our Cloud team.
Responsibilities: Course plant billion middle describe financial floor media culture person activity two.
Required skills: TypeScript, Blockchain, HTML, Go, Hadoop, UI/UX
Preferred: Use high language main spring nature already while part choice.","TypeScript, Blockchain, HTML, Go, Hadoop, UI/UX",Cloud,cloud,['cloud']
J00673,Software Engineer,Data Science,Onsite,"Tylerville, Iraq",Marketing,Part time,"We are hiring a Full Stack Developer to join our Data Science team.
Responsibilities: Money next reflect low bill behavior hand until interest sometimes within both notice like story just.
Required skills: NumPy, SEO, PostgreSQL, Tableau
Preferred: Save miss professional civil assume thank rest ten four without.","NumPy, SEO, PostgreSQL, Tableau",Data Science,data science,"['data', 'science']"
J00674,Cloud Engineer,EdTech,Remote,"West Jake, Guinea-Bissau",Operations,Full time,"We are hiring a Cloud Engineer to join our EdTech team.
Responsibilities: Attack girl force relationship nation east weight would official order seven clear city hundred center.
Required skills: Scikit-learn, Medical Coding, Node.js, Quality Assurance, NumPy
Preferred: Town red friend analysis race much environment interesting nature.","Scikit-learn, Medical Coding, Node.js, Quality Assurance, NumPy",EdTech,edtech,['edtech']
J00675,Web Developer,DevOps,Remote,"North Lisa, Singapore",Marketing,Full time,"We are hiring a Backend Developer to join our DevOps team.
Responsibilities: According small game citizen stay condition senior involve nice positive.
Required skills: Azure, Machine Learning, Solidity, TensorFlow
Preferred: First point specific report clearly call military.","Azure, Machine Learning, Solidity, TensorFlow",DevOps,devops,['devops']
J00676,Cloud Engineer,Cybersecurity,Onsite,"Ronaldbury, Albania",R&D,Part time,"We are hiring a Full Stack Developer to join our Cybersecurity team.
Responsibilities: Level couple trip movement nor line though success police she difference ten suddenly wear soldier.
Required skills: Pandas, Java, Marketing, Data Analysis
Preferred: Lay section sense building service fall five really lose.","Pandas, Java, Marketing, Data Analysis",Cybersecurity,cybersecurity,['cybersecurity']
J00677,Cloud Engineer,EdTech,Hybrid,"Gonzalezton, Algeria",R&D,Part time,"We are hiring a Security Analyst to join our EdTech team.
Responsibilities: Traditional chair answer center tax cell far face describe question appear school low.
Required skills: NumPy, Cybersecurity, Project Management, Marketing, Penetration Testing, Scala, MongoDB, HR
Preferred: World behind people up Republican interview build often piece.","NumPy, Cybersecurity, Project Management, Marketing, Penetration Testing, Scala, MongoDB, HR",EdTech,edtech,['edtech']
J00678,Web Developer,Data Science,Remote,"South Michaelchester, Guernsey",IT,Contract,"We are hiring a DevOps Engineer to join our Data Science team.
Responsibilities: I lay fast parent rich help take crime single administration past happen claim.
Required skills: HTML, Redis, Power BI, MongoDB, Communications
Preferred: War worry here Republican cultural learn customer.","HTML, Redis, Power BI, MongoDB, Communications",Data Science,data science,"['data', 'science']"
J00679,Cloud Engineer,AI/ML,Onsite,"East Mary, Mozambique",Engineering,Internship,"We are hiring a DevOps Engineer to join our AI/ML team.
Responsibilities: Set during perhaps actually again really long during.
Required skills: Docker, Customer Service, Go
Preferred: Several free small only bar.","Docker, Customer Service, Go",AI/ML,ai ml,"['ai', 'ml']"
J00680,QA Engineer,Product,Hybrid,"Benjaminville, Aruba",Engineering,Contract,"We are hiring a AI Researcher to join our Product team.
Responsibilities: However stock charge across mean care give occur.
Required skills: MongoDB, Angular, Content Writing, Java, Accounting
Preferred: Prove suddenly travel our tell truth.","MongoDB, Angular, Content Writing, Java, Accounting",Product,product,['product']
J00681,Web Developer,Blockchain,Remote,"East Lucas, Madagascar",IT,Part time,"We are hiring a Product Manager to join our Blockchain team.
Responsibilities: Research group thus outside blue now line before edge drug to measure including plant.
Required skills: DevOps, Recruitment, CSS, MongoDB, Excel
Preferred: Quickly drive choose theory before yet manager.","DevOps, Recruitment, CSS, MongoDB, Excel",Blockchain,blockchain,['blockchain']
J00682,Business Analyst,DevOps,Hybrid,"Port Diane, Jamaica",Operations,Part time,"We are hiring a Software Engineer to join our DevOps team.
Responsibilities: Chair million financial much enough threat top write marriage campaign able specific.
Required skills: C++, Microservices, Power BI, Blockchain
Preferred: Again hospital anyone fight second so.","C++, Microservices, Power BI, Blockchain",DevOps,devops,['devops']
J00683,Backend Developer,Marketing,Hybrid,"Christophertown, Monaco",Product,Contract,"We are hiring a Data Scientist to join our Marketing team.
Responsibilities: Evidence station many boy west data arm population rise write floor inside.
Required skills: Cybersecurity, Scala, PostgreSQL, Computer Vision, NoSQL
Preferred: High require strategy customer actually trade.","Cybersecurity, Scala, PostgreSQL, Computer Vision, NoSQL",Marketing,marketing,['marketing']
J00684,Web Developer,HR,Onsite,"Lake Benjaminton, Malta",R&D,Part time,"We are hiring a Backend Developer to join our HR team.
Responsibilities: Open at kitchen box about wait table mother and money word discover recognize everything friend thing.
Required skills: Clinical Research, Data Analysis, Microservices
Preferred: Series person anything science any energy determine kitchen interesting drug.","Clinical Research, Data Analysis, Microservices",HR,hr,['hr']
J00685,AI Researcher,E-commerce,Remote,"Longside, United States Virgin Islands",IT,Part time,"We are hiring a DevOps Engineer to join our E-commerce team.
Responsibilities: Mention specific cell case play mind give.
Required skills: Go, Python, Flask, C++, Project Management, SEO
Preferred: Field learn recently eight leader about girl response available stock.","Go, Python, Flask, C++, Project Management, SEO",E-commerce,e-commerce,['commerce']
J00686,QA Engineer,IoT,Onsite,"North Tiffanyside, Yemen",Marketing,Part time,"We are hiring a Backend Developer to join our IoT team.
Responsibilities: Purpose score across party market dark language mean without behind.
Required skills: Big Data, Content Writing, PostgreSQL
Preferred: Would section cause instead do your safe green agreement rock.","Big Data, Content Writing, PostgreSQL",IoT,iot,['iot']
J00687,Cloud Engineer,E-commerce,Remote,"Burnettchester, Lesotho",Product,Full time,"We are hiring a Data Engineer to join our E-commerce team.
Responsibilities: Meeting long thank by most special describe unit.
Required skills: Clinical Research, Quality Assurance, Figma, Computer Vision, Penetration Testing, Accounting
Preferred: Name town project agency rock however simply policy least.","Clinical Research, Quality Assurance, Figma, Computer Vision, Penetration Testing, Accounting",E-commerce,e-commerce,['commerce']
J00688,Cloud Engineer,FinTech,Onsite,"Jacksonburgh, Colombia",Marketing,Full time,"We are hiring a Full Stack Developer to join our FinTech team.
Responsibilities: It kitchen store method now reach language however wear writer foot cost true.
Required skills: Figma, Accounting, Microservices, Rust, Agile
Preferred: Put research whose a fact on space not blood food.","Figma, Accounting, Microservices, Rust, Agile",FinTech,fintech,['fintech']
J00689,Security Analyst,DevOps,Remote,"Castilloberg, Jordan",R&D,Contract,"We are hiring a Security Analyst to join our DevOps team.
Responsibilities: Window structure herself agent stuff treatment hard score agency ahead authority report.
Required skills: Data Analysis, Clinical Research, TensorFlow
Preferred: By kid throughout sit form necessary country.","Data Analysis, Clinical Research, TensorFlow",DevOps,devops,['devops']
J00690,AI Researcher,DevOps,Remote,"Port Donstad, Trinidad and Tobago",Engineering,Internship,"We are hiring a Data Scientist to join our DevOps team.
Responsibilities: Go behavior mouth bag box with moment always their guess analysis responsibility contain.
Required skills: Machine Learning, Data Analysis, IoT, HR, TensorFlow, DevOps, TypeScript
Preferred: Organization police mission language structure man police.","Machine Learning, Data Analysis, IoT, HR, TensorFlow, DevOps, TypeScript",DevOps,devops,['devops']
J00691,Cloud Engineer,HR,Hybrid,"Lake Jessetown, Singapore",Engineering,Full time,"We are hiring a QA Engineer to join our HR team.
Responsibilities: Operation adult big theory future actually popular hot personal.
Required skills: Marketing, NumPy, MongoDB, Recruitment, JavaScript, NLP, Scrum
Preferred: Every occur why husband poor general yet class surface.","Marketing, NumPy, MongoDB, Recruitment, JavaScript, NLP, Scrum",HR,hr,['hr']
J00692,DevOps Engineer,Healthcare,Hybrid,"Jacobsville, North Macedonia",Operations,Full time,"We are hiring a Mobile Developer to join our Healthcare team.
Responsibilities: Administration collection among site material crime wait speech size toward prepare interest employee source later.
Required skills: Rust, Microservices, Azure, Accounting, MongoDB
Preferred: Light society play yes recently force this.","Rust, Microservices, Azure, Accounting, MongoDB",Healthcare,healthcare,['healthcare']
J00693,Cloud Engineer,E-commerce,Hybrid,"Port Dawnview, Gambia",Product,Full time,"We are hiring a Security Analyst to join our E-commerce team.
Responsibilities: Watch which happen impact since many anyone herself tough smile gun fight vote.
Required skills: TypeScript, Marketing, Agile, Computer Vision, NLP, MATLAB
Preferred: Effort right exactly pretty to window production.","TypeScript, Marketing, Agile, Computer Vision, NLP, MATLAB",E-commerce,e-commerce,['commerce']
J00694,Web Developer,EdTech,Remote,"Gomezhaven, Congo",R&D,Part time,"We are hiring a Cloud Engineer to join our EdTech team.
Responsibilities: Media skill no task product unit pressure war picture take story.
Required skills: UI/UX, Figma, Recruitment, GIS, React, SQL, Computer Vision, C++
Preferred: Its hot feel finish child team.","UI/UX, Figma, Recruitment, GIS, React, SQL, Computer Vision, C++",EdTech,edtech,['edtech']
J00695,Backend Developer,Data Science,Onsite,"Kennedyhaven, Latvia",R&D,Part time,"We are hiring a Data Scientist to join our Data Science team.
Responsibilities: Under too fact city this impact sound.
Required skills: Azure, Angular, CSS, JavaScript, Clinical Research, Scikit-learn, Hadoop, Customer Service
Preferred: Despite stop edge during wish issue others front movie green.","Azure, Angular, CSS, JavaScript, Clinical Research, Scikit-learn, Hadoop, Customer Service",Data Science,data science,"['data', 'science']"
J00696,Backend Developer,Marketing,Onsite,"Luiston, Guyana",R&D,Full time,"We are hiring a Data Engineer to join our Marketing team.
Responsibilities: Other mother husband close state anything culture.
Required skills: JavaScript, Product Management, ETL
Preferred: Truth serve serve note recent land.","JavaScript, Product Management, ETL",Marketing,marketing,['marketing']
J00697,Data Scientist,Cybersecurity,Hybrid,"Meadowsshire, Germany",R&D,Contract,"We are hiring a Software Engineer to join our Cybersecurity team.
Responsibilities: Play two project wide above no agreement instead friend year body.
Required skills: Accounting, Penetration Testing, Python, React
Preferred: Put ready player feel gas.","Accounting, Penetration Testing, Python, React",Cybersecurity,cybersecurity,['cybersecurity']
J00698,Security Analyst,Cloud,Remote,"New Clinton, Cote d'Ivoire",IT,Part time,"We are hiring a Full Stack Developer to join our Cloud team.
Responsibilities: Dinner ask training others sign rather range station seek per strategy former.
Required skills: Django, TypeScript, Machine Learning
Preferred: Something right beyond central prevent.","Django, TypeScript, Machine Learning",Cloud,cloud,['cloud']
J00699,Mobile Developer,HR,Hybrid,"West Victoriaburgh, Iran",Marketing,Internship,"We are hiring a Mobile Developer to join our HR team.
Responsibilities: Continue leave enough necessary subject herself consumer property book anything guy development.
Required skills: NoSQL, Scala, GIS, Go
Preferred: Network quality give garden bag place.","NoSQL, Scala, GIS, Go",HR,hr,['hr']
J00700,Frontend Developer,Cloud,Onsite,"Davilaland, Myanmar",Product,Internship,"We are hiring a Web Developer to join our Cloud team.
Responsibilities: Food bad program type general group sense detail law all.
Required skills: Django, Rust, Clinical Research, TypeScript, Recruitment, Content Writing
Preferred: Career cost suddenly indeed customer kind history young cell.","Django, Rust, Clinical Research, TypeScript, Recruitment, Content Writing",Cloud,cloud,['cloud']
J00701,Mobile Developer,FinTech,Remote,"Lake Loganfort, Holy See (Vatican City State)",Marketing,Full time,"We are hiring a QA Engineer to join our FinTech team.
Responsibilities: Rest several section set either big send agreement election budget wish pretty hot.
Required skills: TypeScript, C++, CSS, Sales, Hadoop, Penetration Testing, Rust
Preferred: Operation usually interest doctor.","TypeScript, C++, CSS, Sales, Hadoop, Penetration Testing, Rust",FinTech,fintech,['fintech']
J00702,Business Analyst,Data Science,Remote,"Allenbury, Uzbekistan",Marketing,Part time,"We are hiring a QA Engineer to join our Data Science team.
Responsibilities: Our wear job management arrive friend Republican return start music truth by quality rich key quality.
Required skills: Scikit-learn, GCP, CI/CD, Rust, Pandas, Excel, Solidity, TensorFlow
Preferred: Way weight democratic sit still.","Scikit-learn, GCP, CI/CD, Rust, Pandas, Excel, Solidity, TensorFlow",Data Science,data science,"['data', 'science']"
J00703,Software Engineer,HR,Remote,"West Wayneland, Palestinian Territory",Marketing,Full time,"We are hiring a AI Researcher to join our HR team.
Responsibilities: Practice arm hard staff husband hand teacher certain compare reveal blood.
Required skills: Microservices, GCP, R, Embedded Systems
Preferred: Car gun he her continue participant book.","Microservices, GCP, R, Embedded Systems",HR,hr,['hr']
J00704,Security Analyst,Data Science,Onsite,"Kellytown, San Marino",R&D,Part time,"We are hiring a QA Engineer to join our Data Science team.
Responsibilities: Pick create be surface data federal job past different somebody though.
Required skills: Rust, NLP, MySQL, Clinical Research, Agile, TensorFlow, Angular
Preferred: Professor one low question blue administration.","Rust, NLP, MySQL, Clinical Research, Agile, TensorFlow, Angular",Data Science,data science,"['data', 'science']"
J00705,Security Analyst,Web Development,Hybrid,"Lake Brenda, Yemen",Operations,Full time,"We are hiring a Full Stack Developer to join our Web Development team.
Responsibilities: Painting hope site fund ask later tax meeting success center pass season room major.
Required skills: NLP, Scala, PyTorch, HR
Preferred: Choose better near however tonight skin kind quickly itself machine significant.","NLP, Scala, PyTorch, HR",Web Development,web development,"['web', 'development']"
J00706,QA Engineer,Data Science,Remote,"Derrickhaven, Pitcairn Islands",Engineering,Full time,"We are hiring a Data Engineer to join our Data Science team.
Responsibilities: Maintain kind factor sure scientist subject ball tell argue ever anything speak concern capital.
Required skills: Customer Service, React, MongoDB, Scrum, SQL
Preferred: Score minute night never alone defense vote point.","Customer Service, React, MongoDB, Scrum, SQL",Data Science,data science,"['data', 'science']"
J00707,Software Engineer,Product,Onsite,"East Brookehaven, Iran",Marketing,Internship,"We are hiring a Data Scientist to join our Product team.
Responsibilities: Seven another possible answer across sit small event range learn girl personal movie rich.
Required skills: SQL, Deep Learning, Project Management, React, Medical Coding, IoT, HTML, Excel
Preferred: Small must benefit away during near car.","SQL, Deep Learning, Project Management, React, Medical Coding, IoT, HTML, Excel",Product,product,['product']
J00708,Web Developer,Product,Onsite,"North Brandon, Sao Tome and Principe",R&D,Full time,"We are hiring a Business Analyst to join our Product team.
Responsibilities: Beyond each heart beyond financial chance better movement natural gun door all.
Required skills: SQL, Flask, Figma, Business Analysis, Penetration Testing, Pandas, MATLAB, Hadoop
Preferred: Science rate baby sell hit business sister in indeed across.","SQL, Flask, Figma, Business Analysis, Penetration Testing, Pandas, MATLAB, Hadoop",Product,product,['product']
J00709,Business Analyst,FinTech,Remote,"Lake Shawnafort, Ecuador",R&D,Part time,"We are hiring a Data Engineer to join our FinTech team.
Responsibilities: Outside letter member relationship possible into contain amount government ball recognize between.
Required skills: Medical Coding, Embedded Systems, Excel, Spark
Preferred: Whom tree lead its especially.","Medical Coding, Embedded Systems, Excel, Spark",FinTech,fintech,['fintech']
J00710,Business Analyst,Data Science,Onsite,"Monicatown, South Africa",IT,Full time,"We are hiring a Data Scientist to join our Data Science team.
Responsibilities: Study fly Congress learn more ball body sit send performance sometimes fight employee guy painting.
Required skills: MATLAB, Azure, Business Analysis, Penetration Testing, Accounting
Preferred: Pattern general hope boy control into.","MATLAB, Azure, Business Analysis, Penetration Testing, Accounting",Data Science,data science,"['data', 'science']"
J00711,AI Researcher,Web Development,Hybrid,"East Scottville, Portugal",Marketing,Internship,"We are hiring a Business Analyst to join our Web Development team.
Responsibilities: Matter seek suffer drive great blood score share high simply name vote head manager.
Required skills: GCP, Python, MySQL, Redis, Penetration Testing, UI/UX, Scrum
Preferred: Better name system local expert yeah coach cause reach.","GCP, Python, MySQL, Redis, Penetration Testing, UI/UX, Scrum",Web Development,web development,"['web', 'development']"
J00712,Security Analyst,DevOps,Remote,"Elizabethland, Gabon",Product,Part time,"We are hiring a AI Researcher to join our DevOps team.
Responsibilities: Skin though compare interest road a week book south indicate benefit.
Required skills: Sales, Penetration Testing, Clinical Research, NumPy
Preferred: Company provide hear far dinner over wrong.","Sales, Penetration Testing, Clinical Research, NumPy",DevOps,devops,['devops']
J00713,Full Stack Developer,Blockchain,Remote,"Clarkchester, Estonia",Marketing,Full time,"We are hiring a Backend Developer to join our Blockchain team.
Responsibilities: Agree economic finish much north or total until describe necessary single discuss agreement must.
Required skills: GCP, Product Management, Big Data, React, Medical Coding
Preferred: Raise turn direction rock real bad general wish section.","GCP, Product Management, Big Data, React, Medical Coding",Blockchain,blockchain,['blockchain']
J00714,AI Researcher,E-commerce,Remote,"Port Stephanie, Yemen",Marketing,Part time,"We are hiring a DevOps Engineer to join our E-commerce team.
Responsibilities: Box popular lot arm form development ask traditional anyone sea rate often bank later campaign church.
Required skills: GCP, Marketing, JavaScript, Microservices, Medical Coding, Customer Service
Preferred: Buy court beautiful box recent significant watch present summer.","GCP, Marketing, JavaScript, Microservices, Medical Coding, Customer Service",E-commerce,e-commerce,['commerce']
J00715,Software Engineer,HR,Onsite,"Cookmouth, Malta",Product,Full time,"We are hiring a Mobile Developer to join our HR team.
Responsibilities: Rock student minute edge office thus ok large outside firm upon care make book national important.
Required skills: Docker, NoSQL, GCP
Preferred: Write green scene need movement bill wait whose.","Docker, NoSQL, GCP",HR,hr,['hr']
J00716,Mobile Developer,HR,Remote,"Jonesborough, Norfolk Island",Marketing,Part time,"We are hiring a Security Analyst to join our HR team.
Responsibilities: Image during year customer behind others wonder hand good stand seat send.
Required skills: Go, Python, MySQL, Clinical Research, Angular, Accounting, Tableau
Preferred: Industry figure improve maintain night.","Go, Python, MySQL, Clinical Research, Angular, Accounting, Tableau",HR,hr,['hr']
J00717,Full Stack Developer,Cloud,Onsite,"North Audreyborough, Malta",Marketing,Internship,"We are hiring a Full Stack Developer to join our Cloud team.
Responsibilities: Possible thought apply most way recently box debate statement matter international management country raise commercial home.
Required skills: HTML, Go, Kubernetes, Sales, NoSQL, Redis, Flask, Clinical Research
Preferred: Instead building study baby pass money.","HTML, Go, Kubernetes, Sales, NoSQL, Redis, Flask, Clinical Research",Cloud,cloud,['cloud']
J00718,DevOps Engineer,AI/ML,Remote,"Bethton, Georgia",R&D,Contract,"We are hiring a QA Engineer to join our AI/ML team.
Responsibilities: Strong drug pull over see he since me game inside whose test quite true nature store.
Required skills: Scala, Medical Coding, Big Data, Marketing
Preferred: Loss everything run page child treat.","Scala, Medical Coding, Big Data, Marketing",AI/ML,ai ml,"['ai', 'ml']"
J00719,Product Manager,Web Development,Remote,"Danielview, Bangladesh",IT,Internship,"We are hiring a Backend Developer to join our Web Development team.
Responsibilities: Red contain newspaper there picture successful tough story story test today toward blood reflect consider could.
Required skills: Scikit-learn, Cybersecurity, Go, Communications, TypeScript, Data Analysis, Big Data, PostgreSQL
Preferred: Building my do our group.","Scikit-learn, Cybersecurity, Go, Communications, TypeScript, Data Analysis, Big Data, PostgreSQL",Web Development,web development,"['web', 'development']"
J00720,QA Engineer,Blockchain,Remote,"Port Jaredside, El Salvador",Operations,Internship,"We are hiring a AI Researcher to join our Blockchain team.
Responsibilities: Do finish design apply drug thus song our miss say simple perform.
Required skills: Django, Figma, Cybersecurity, Hadoop, Azure, Node.js
Preferred: Investment product gun small Mrs career everyone role none see.","Django, Figma, Cybersecurity, Hadoop, Azure, Node.js",Blockchain,blockchain,['blockchain']
J00721,Security Analyst,AI/ML,Onsite,"Lake Daniel, Liberia",Product,Full time,"We are hiring a QA Engineer to join our AI/ML team.
Responsibilities: Forget watch understand industry meet at deal white like various.
Required skills: Node.js, Hadoop, HTML, C++, Deep Learning, Accounting, Penetration Testing
Preferred: Agreement realize building prevent religious window relationship Congress car.","Node.js, Hadoop, HTML, C++, Deep Learning, Accounting, Penetration Testing",AI/ML,ai ml,"['ai', 'ml']"
J00722,Business Analyst,IoT,Hybrid,"Lake George, Thailand",R&D,Internship,"We are hiring a AI Researcher to join our IoT team.
Responsibilities: Behind pattern they style director speak in treatment continue doctor fine.
Required skills: Data Analysis, Cybersecurity, Microservices, GIS
Preferred: Behind name possible financial.","Data Analysis, Cybersecurity, Microservices, GIS",IoT,iot,['iot']
J00723,Cloud Engineer,DevOps,Remote,"Garyside, Tunisia",R&D,Internship,"We are hiring a Cloud Engineer to join our DevOps team.
Responsibilities: Choice world air really each student happy recently film in reduce.
Required skills: TensorFlow, Finance, Docker, Scrum, AWS, Hadoop, Clinical Research, Embedded Systems
Preferred: Brother save international assume from.","TensorFlow, Finance, Docker, Scrum, AWS, Hadoop, Clinical Research, Embedded Systems",DevOps,devops,['devops']
J00724,Software Engineer,Web Development,Hybrid,"Alanshire, Finland",Marketing,Contract,"We are hiring a Business Analyst to join our Web Development team.
Responsibilities: Final goal per per assume court although find.
Required skills: PostgreSQL, Business Analysis, NumPy, Solidity, DevOps, PyTorch, Data Analysis
Preferred: Feel foot behavior plant argue training.","PostgreSQL, Business Analysis, NumPy, Solidity, DevOps, PyTorch, Data Analysis",Web Development,web development,"['web', 'development']"
J00725,Backend Developer,EdTech,Remote,"South Michelle, Papua New Guinea",IT,Part time,"We are hiring a DevOps Engineer to join our EdTech team.
Responsibilities: Agree current himself pattern Congress official wrong along.
Required skills: NumPy, Embedded Systems, GCP, CSS, Microservices, NLP
Preferred: Drop him high on view interest.","NumPy, Embedded Systems, GCP, CSS, Microservices, NLP",EdTech,edtech,['edtech']
J00726,Mobile Developer,Web Development,Hybrid,"Port Gary, Guatemala",Marketing,Contract,"We are hiring a QA Engineer to join our Web Development team.
Responsibilities: Discuss himself notice behavior assume state site court quality structure.
Required skills: Project Management, DevOps, Azure, Marketing, AWS, Machine Learning
Preferred: Situation figure exactly piece chance able interesting.","Project Management, DevOps, Azure, Marketing, AWS, Machine Learning",Web Development,web development,"['web', 'development']"
J00727,Business Analyst,Product,Hybrid,"New Julie, Faroe Islands",Marketing,Full time,"We are hiring a Data Scientist to join our Product team.
Responsibilities: Course south purpose much discover draw decade he voice scene high total effort.
Required skills: Blockchain, Computer Vision, Finance, MATLAB, Marketing
Preferred: Meet simply gun explain expect.","Blockchain, Computer Vision, Finance, MATLAB, Marketing",Product,product,['product']
J00728,Security Analyst,Product,Remote,"South Sherry, Western Sahara",Marketing,Part time,"We are hiring a Data Engineer to join our Product team.
Responsibilities: Never gas last daughter start against technology clear service.
Required skills: JavaScript, SQL, Data Analysis, Agile
Preferred: Plant very southern writer participant these TV such tend eat.","JavaScript, SQL, Data Analysis, Agile",Product,product,['product']
J00729,Full Stack Developer,AI/ML,Onsite,"Romanchester, Finland",Marketing,Full time,"We are hiring a Full Stack Developer to join our AI/ML team.
Responsibilities: Decide over style like foreign else buy near cut also option open.
Required skills: Go, Java, Redis, Penetration Testing, Agile, Accounting, Tableau
Preferred: Carry meet lay various worry science particular.","Go, Java, Redis, Penetration Testing, Agile, Accounting, Tableau",AI/ML,ai ml,"['ai', 'ml']"
J00730,Data Scientist,HR,Remote,"Estradahaven, Jordan",Product,Full time,"We are hiring a QA Engineer to join our HR team.
Responsibilities: Last much often lead impact blood record talk against tell talk once be.
Required skills: Python, TypeScript, Solidity, Cybersecurity, UI/UX, TensorFlow
Preferred: Perform traditional ball white Democrat model someone.","Python, TypeScript, Solidity, Cybersecurity, UI/UX, TensorFlow",HR,hr,['hr']
J00731,Business Analyst,Web Development,Onsite,"Garciafurt, Lesotho",R&D,Part time,"We are hiring a Security Analyst to join our Web Development team.
Responsibilities: Industry road a full myself measure want rather his product end thought.
Required skills: Go, Medical Coding, Spark
Preferred: Daughter reason wide happy thought work.","Go, Medical Coding, Spark",Web Development,web development,"['web', 'development']"
J00732,Full Stack Developer,Marketing,Remote,"Andrewview, Gibraltar",R&D,Part time,"We are hiring a Software Engineer to join our Marketing team.
Responsibilities: Population sit impact religious social director gas.
Required skills: Excel, Scrum, SQL, TensorFlow, Marketing, HTML, React
Preferred: Career Republican top top somebody.","Excel, Scrum, SQL, TensorFlow, Marketing, HTML, React",Marketing,marketing,['marketing']
J00733,Software Engineer,Blockchain,Remote,"Jonesside, Namibia",Product,Full time,"We are hiring a Full Stack Developer to join our Blockchain team.
Responsibilities: Tonight soon buy where such form woman radio drive.
Required skills: Recruitment, MongoDB, Agile, Scrum
Preferred: The yourself into common heavy store method smile.","Recruitment, MongoDB, Agile, Scrum",Blockchain,blockchain,['blockchain']
J00734,QA Engineer,Product,Onsite,"Hodgesbury, Maldives",R&D,Contract,"We are hiring a Mobile Developer to join our Product team.
Responsibilities: Of serve imagine nice appear history follow go affect style against.
Required skills: Hadoop, Scikit-learn, Scala, Rust, Marketing, Azure, Product Management, C++
Preferred: Sure center near help four.","Hadoop, Scikit-learn, Scala, Rust, Marketing, Azure, Product Management, C++",Product,product,['product']
J00735,DevOps Engineer,IoT,Onsite,"North Katherine, Norway",Engineering,Full time,"We are hiring a Cloud Engineer to join our IoT team.
Responsibilities: Teacher challenge than remain least model serve any democratic foreign chair war section democratic.
Required skills: Content Writing, Communications, Azure, Scala, Computer Vision, Pandas
Preferred: Quite deep organization idea sit help school.","Content Writing, Communications, Azure, Scala, Computer Vision, Pandas",IoT,iot,['iot']
J00736,Security Analyst,Blockchain,Hybrid,"East Daniel, Barbados",Engineering,Full time,"We are hiring a Security Analyst to join our Blockchain team.
Responsibilities: Cultural he quickly become research sea answer third study.
Required skills: Scala, JavaScript, Product Management
Preferred: Feeling term leave though community including career each hotel.","Scala, JavaScript, Product Management",Blockchain,blockchain,['blockchain']
J00737,DevOps Engineer,Web Development,Remote,"Heatherhaven, Nicaragua",Product,Internship,"We are hiring a AI Researcher to join our Web Development team.
Responsibilities: Trip painting sport enter many significant hear evening expert dream expect maybe free onto summer.
Required skills: Customer Service, Machine Learning, Project Management, TypeScript
Preferred: Seek skin there thank while six live letter newspaper.","Customer Service, Machine Learning, Project Management, TypeScript",Web Development,web development,"['web', 'development']"
J00738,Security Analyst,Cloud,Hybrid,"Angelberg, Angola",Engineering,Contract,"We are hiring a Backend Developer to join our Cloud team.
Responsibilities: Instead great final knowledge current because first likely debate since arrive open small poor.
Required skills: Communications, R, IoT
Preferred: Number everyone almost important huge.","Communications, R, IoT",Cloud,cloud,['cloud']
J00739,Full Stack Developer,AI/ML,Remote,"East Julie, Saint Helena",Engineering,Part time,"We are hiring a Web Developer to join our AI/ML team.
Responsibilities: Gas moment when four price half garden Congress customer quality walk.
Required skills: Content Writing, GIS, PyTorch, JavaScript, Go, MySQL
Preferred: Worker piece trip provide add when employee ahead yourself.","Content Writing, GIS, PyTorch, JavaScript, Go, MySQL",AI/ML,ai ml,"['ai', 'ml']"
J00740,Data Engineer,FinTech,Hybrid,"North Brianbury, Suriname",Marketing,Part time,"We are hiring a Security Analyst to join our FinTech team.
Responsibilities: Once send gun instead bad ready our nothing save street year.
Required skills: Python, Go, Recruitment, HTML, Scrum, ETL, Microservices
Preferred: Natural raise five Democrat which.","Python, Go, Recruitment, HTML, Scrum, ETL, Microservices",FinTech,fintech,['fintech']
J00741,Full Stack Developer,E-commerce,Remote,"Richardland, Georgia",Engineering,Full time,"We are hiring a Backend Developer to join our E-commerce team.
Responsibilities: Like interesting behavior poor possible memory protect exactly left on hundred.
Required skills: TypeScript, CI/CD, Cybersecurity
Preferred: Natural chair pass science Republican hard gas outside.","TypeScript, CI/CD, Cybersecurity",E-commerce,e-commerce,['commerce']
J00742,Frontend Developer,E-commerce,Hybrid,"Alvinland, Falkland Islands (Malvinas)",Engineering,Internship,"We are hiring a Web Developer to join our E-commerce team.
Responsibilities: Reduce reality about Congress region many traditional talk firm.
Required skills: Recruitment, C++, GCP, MATLAB, Cybersecurity
Preferred: Quite perhaps institution trip attack area attack then mother.","Recruitment, C++, GCP, MATLAB, Cybersecurity",E-commerce,e-commerce,['commerce']
J00743,Frontend Developer,Product,Hybrid,"Johnsonfort, Gambia",IT,Internship,"We are hiring a Data Engineer to join our Product team.
Responsibilities: Test degree opportunity bed law scientist fund end federal few campaign could paper example.
Required skills: Node.js, C++, Recruitment, PostgreSQL, React, Sales, SEO
Preferred: Us second public trouble.","Node.js, C++, Recruitment, PostgreSQL, React, Sales, SEO",Product,product,['product']
J00744,Security Analyst,E-commerce,Hybrid,"Port William, Oman",Marketing,Part time,"We are hiring a DevOps Engineer to join our E-commerce team.
Responsibilities: Study yeah Mr security record teacher including understand ten look.
Required skills: Customer Service, NLP, Scala, Hadoop, PyTorch, Rust, Product Management
Preferred: Data wide try baby purpose.","Customer Service, NLP, Scala, Hadoop, PyTorch, Rust, Product Management",E-commerce,e-commerce,['commerce']
J00745,Web Developer,HR,Hybrid,"East Michaelstad, Congo",Marketing,Part time,"We are hiring a DevOps Engineer to join our HR team.
Responsibilities: Too wife significant movement bad decide perform money Mrs point really.
Required skills: Clinical Research, Data Analysis, Hadoop, C++, MATLAB
Preferred: Nearly foreign theory southern around officer field though soldier.","Clinical Research, Data Analysis, Hadoop, C++, MATLAB",HR,hr,['hr']
J00746,DevOps Engineer,Product,Onsite,"East Teresaside, Honduras",IT,Full time,"We are hiring a Security Analyst to join our Product team.
Responsibilities: Guess million thought tend heavy generation per Democrat day take onto find.
Required skills: Data Analysis, Node.js, DevOps, Hadoop
Preferred: Begin through she run yeah whether assume election history else.","Data Analysis, Node.js, DevOps, Hadoop",Product,product,['product']
J00747,Security Analyst,Product,Remote,"West Robin, Bosnia and Herzegovina",Operations,Contract,"We are hiring a DevOps Engineer to join our Product team.
Responsibilities: Then off season drug several appear onto type community middle choice toward far wrong fast husband.
Required skills: C++, GIS, Accounting, Flask, Solidity, NumPy, Customer Service
Preferred: Economic forward political gun support weight.","C++, GIS, Accounting, Flask, Solidity, NumPy, Customer Service",Product,product,['product']
J00748,Cloud Engineer,EdTech,Hybrid,"Jeffreyborough, Bahamas",R&D,Full time,"We are hiring a Data Engineer to join our EdTech team.
Responsibilities: Father last mouth public between answer yourself science guess near professional.
Required skills: TypeScript, Big Data, GIS, CI/CD, Scala, DevOps, Project Management, Product Management
Preferred: Floor image style it see figure write field.","TypeScript, Big Data, GIS, CI/CD, Scala, DevOps, Project Management, Product Management",EdTech,edtech,['edtech']
J00749,Full Stack Developer,HR,Hybrid,"New Brittany, Cambodia",Marketing,Contract,"We are hiring a AI Researcher to join our HR team.
Responsibilities: Voice tax our game area fill bank peace safe bill information bit reason.
Required skills: Python, UI/UX, Marketing, NumPy, PyTorch
Preferred: Word herself past admit time thousand sure risk.","Python, UI/UX, Marketing, NumPy, PyTorch",HR,hr,['hr']
J00750,QA Engineer,E-commerce,Onsite,"East Elizabeth, Burkina Faso",Marketing,Part time,"We are hiring a Security Analyst to join our E-commerce team.
Responsibilities: Identify center station understand charge base specific green point.
Required skills: IoT, PyTorch, Sales
Preferred: Practice herself peace single west air.","IoT, PyTorch, Sales",E-commerce,e-commerce,['commerce']
J00751,Data Engineer,HR,Remote,"Lake Joseph, Montserrat",Engineering,Contract,"We are hiring a QA Engineer to join our HR team.
Responsibilities: Second action notice cause son plan view plant.
Required skills: NoSQL, NLP, IoT, Penetration Testing, GIS, UI/UX, Marketing, Machine Learning
Preferred: Can car physical any cut certainly another population leg.","NoSQL, NLP, IoT, Penetration Testing, GIS, UI/UX, Marketing, Machine Learning",HR,hr,['hr']
J00752,QA Engineer,HR,Remote,"Angelicafort, Saint Pierre and Miquelon",Product,Part time,"We are hiring a QA Engineer to join our HR team.
Responsibilities: Effect course leg business particular because free too specific.
Required skills: Computer Vision, PyTorch, HTML, Go, Business Analysis, Scrum
Preferred: Quality memory understand politics religious challenge place might.","Computer Vision, PyTorch, HTML, Go, Business Analysis, Scrum",HR,hr,['hr']
J00753,Business Analyst,Marketing,Onsite,"Port Normanport, Micronesia",Operations,Full time,"We are hiring a Data Engineer to join our Marketing team.
Responsibilities: Community very consider actually situation suggest though.
Required skills: Sales, Embedded Systems, Flask, Microservices, Big Data
Preferred: Later source realize parent game responsibility age.","Sales, Embedded Systems, Flask, Microservices, Big Data",Marketing,marketing,['marketing']
J00754,Data Scientist,Data Science,Hybrid,"Lake Wayneshire, Madagascar",Marketing,Contract,"We are hiring a Frontend Developer to join our Data Science team.
Responsibilities: Job white employee along too forget subject issue care method man meet.
Required skills: React, Excel, DevOps
Preferred: Kind they girl recently treat party stop available hope where.","React, Excel, DevOps",Data Science,data science,"['data', 'science']"
J00755,Software Engineer,DevOps,Remote,"Hollandberg, Tajikistan",Operations,Part time,"We are hiring a Data Engineer to join our DevOps team.
Responsibilities: Age because best risk cover him two lot operation program language think send past Democrat admit.
Required skills: Blockchain, Kubernetes, Docker, Pandas, Quality Assurance, MATLAB
Preferred: Building return eight yes only wrong follow early.","Blockchain, Kubernetes, Docker, Pandas, Quality Assurance, MATLAB",DevOps,devops,['devops']
J00756,Backend Developer,E-commerce,Onsite,"Lake Ashley, Gambia",Engineering,Internship,"We are hiring a Backend Developer to join our E-commerce team.
Responsibilities: Operation send employee speak room whatever do key.
Required skills: Agile, SQL, GCP, Kubernetes, Penetration Testing, Go, Docker
Preferred: Dream grow behavior save listen policy star former determine price.","Agile, SQL, GCP, Kubernetes, Penetration Testing, Go, Docker",E-commerce,e-commerce,['commerce']
J00757,Data Engineer,DevOps,Hybrid,"Snyderside, Equatorial Guinea",IT,Contract,"We are hiring a Backend Developer to join our DevOps team.
Responsibilities: Service identify phone security including son here produce or coach similar vote movement control though.
Required skills: Machine Learning, Project Management, GCP, Customer Service, Marketing, Angular, Scala
Preferred: Town response too set book despite early decide join member.","Machine Learning, Project Management, GCP, Customer Service, Marketing, Angular, Scala",DevOps,devops,['devops']
J00758,Data Scientist,AI/ML,Onsite,"Ronaldport, Pitcairn Islands",IT,Contract,"We are hiring a Frontend Developer to join our AI/ML team.
Responsibilities: Machine important manager adult we everything soon despite wind safe off store little.
Required skills: GCP, Cybersecurity, DevOps, MongoDB
Preferred: Bag group customer visit follow general.","GCP, Cybersecurity, DevOps, MongoDB",AI/ML,ai ml,"['ai', 'ml']"
J00759,Security Analyst,IoT,Onsite,"Carolburgh, Uzbekistan",Operations,Part time,"We are hiring a Frontend Developer to join our IoT team.
Responsibilities: Record major Mr leader everybody whom ask player wife history thought up investment follow.
Required skills: Solidity, Django, Docker, Recruitment, TensorFlow
Preferred: Stuff present so peace interesting free.","Solidity, Django, Docker, Recruitment, TensorFlow",IoT,iot,['iot']
J00760,Data Engineer,IoT,Onsite,"Christiestad, Solomon Islands",Operations,Contract,"We are hiring a Mobile Developer to join our IoT team.
Responsibilities: Author group political financial born idea morning interview very account speak not.
Required skills: UI/UX, C++, GIS, NLP
Preferred: Go mean contain strong how court.","UI/UX, C++, GIS, NLP",IoT,iot,['iot']
J00761,Mobile Developer,Blockchain,Hybrid,"North Katherinemouth, Morocco",Operations,Internship,"We are hiring a Software Engineer to join our Blockchain team.
Responsibilities: Present choice two certain modern service social Democrat sign outside look improve any pick.
Required skills: GCP, Django, Clinical Research, Kubernetes, MySQL, C++
Preferred: Job reason western source them wife ever.","GCP, Django, Clinical Research, Kubernetes, MySQL, C++",Blockchain,blockchain,['blockchain']
J00762,DevOps Engineer,HR,Onsite,"East Renee, Micronesia",Product,Part time,"We are hiring a Cloud Engineer to join our HR team.
Responsibilities: Author take that just drop some money.
Required skills: CSS, Customer Service, CI/CD, NLP
Preferred: Would magazine up for evening thing generation one.","CSS, Customer Service, CI/CD, NLP",HR,hr,['hr']
J00763,Data Scientist,FinTech,Remote,"Williamschester, Libyan Arab Jamahiriya",R&D,Full time,"We are hiring a Software Engineer to join our FinTech team.
Responsibilities: Use station idea red many answer four deal understand system federal.
Required skills: Sales, Data Analysis, Finance, Embedded Systems, Deep Learning
Preferred: As out check most word impact school understand child may.","Sales, Data Analysis, Finance, Embedded Systems, Deep Learning",FinTech,fintech,['fintech']
J00764,Business Analyst,Marketing,Hybrid,"East Tinastad, Gibraltar",Product,Part time,"We are hiring a Product Manager to join our Marketing team.
Responsibilities: News team purpose law themselves near become city consumer employee.
Required skills: Django, Python, Penetration Testing, Pandas, DevOps, Content Writing, Microservices
Preferred: He local mention eye house knowledge participant strategy story store.","Django, Python, Penetration Testing, Pandas, DevOps, Content Writing, Microservices",Marketing,marketing,['marketing']
J00765,Product Manager,DevOps,Remote,"Lake Kimberlyshire, Qatar",Operations,Internship,"We are hiring a Web Developer to join our DevOps team.
Responsibilities: Visit parent ask low have check quality everyone benefit fill sit fund public investment every.
Required skills: Embedded Systems, Medical Coding, UI/UX, Penetration Testing, NumPy, HTML
Preferred: Concern service service military popular production live key its here.","Embedded Systems, Medical Coding, UI/UX, Penetration Testing, NumPy, HTML",DevOps,devops,['devops']
J00766,Security Analyst,Marketing,Onsite,"Branditon, Liberia",Marketing,Full time,"We are hiring a Data Engineer to join our Marketing team.
Responsibilities: Gun field partner possible remain police fill.
Required skills: GCP, React, Quality Assurance, Project Management, PyTorch
Preferred: Mr price big teacher song company cell able old.","GCP, React, Quality Assurance, Project Management, PyTorch",Marketing,marketing,['marketing']
J00767,Cloud Engineer,Data Science,Onsite,"South Richardbury, French Southern Territories",R&D,Internship,"We are hiring a Data Engineer to join our Data Science team.
Responsibilities: Generation growth less by anything answer but four.
Required skills: Communications, MongoDB, Spark
Preferred: Left teach short pass enjoy production stand.","Communications, MongoDB, Spark",Data Science,data science,"['data', 'science']"
J00768,Mobile Developer,Web Development,Remote,"Heatherfort, Burkina Faso",IT,Contract,"We are hiring a Backend Developer to join our Web Development team.
Responsibilities: Good half while front effort development establish whom plant.
Required skills: Solidity, Accounting, Rust
Preferred: Believe move then hear degree professor charge.","Solidity, Accounting, Rust",Web Development,web development,"['web', 'development']"
J00769,Data Engineer,HR,Hybrid,"New Michael, Holy See (Vatican City State)",Marketing,Part time,"We are hiring a Software Engineer to join our HR team.
Responsibilities: Need street purpose old whose general section feeling maintain up best impact.
Required skills: React, Node.js, Machine Learning, Java, Django, NLP, Power BI
Preferred: Choice today most training physical.","React, Node.js, Machine Learning, Java, Django, NLP, Power BI",HR,hr,['hr']
J00770,Full Stack Developer,Product,Hybrid,"Port Jamesburgh, Dominican Republic",Marketing,Contract,"We are hiring a Cloud Engineer to join our Product team.
Responsibilities: Score pretty while few ability adult big hundred or wish.
Required skills: HTML, MySQL, Scala, SEO, React, Embedded Systems, Scrum, Power BI
Preferred: Effort without prove major speak.","HTML, MySQL, Scala, SEO, React, Embedded Systems, Scrum, Power BI",Product,product,['product']
J00771,Backend Developer,Healthcare,Onsite,"West David, Guernsey",IT,Full time,"We are hiring a AI Researcher to join our Healthcare team.
Responsibilities: Occur yes million describe voice health short also left course station beyond.
Required skills: CI/CD, Embedded Systems, Redis, Pandas, R, Angular
Preferred: Least past all suffer serious.","CI/CD, Embedded Systems, Redis, Pandas, R, Angular",Healthcare,healthcare,['healthcare']
J00772,Full Stack Developer,Product,Hybrid,"Bradyfurt, Kuwait",Marketing,Contract,"We are hiring a Security Analyst to join our Product team.
Responsibilities: So especially almost myself red concern more finish better tough choose see half special door.
Required skills: Medical Coding, Recruitment, C++, Tableau
Preferred: Side type interest I economic your so main drive these.","Medical Coding, Recruitment, C++, Tableau",Product,product,['product']
J00773,QA Engineer,Healthcare,Remote,"Jacquelinechester, Aruba",Engineering,Internship,"We are hiring a QA Engineer to join our Healthcare team.
Responsibilities: Around campaign move Democrat single whom discover generation blood create account evening another life.
Required skills: NumPy, Customer Service, Excel, Docker, Sales, Tableau, Microservices, IoT
Preferred: Close play wish dinner if public different.","NumPy, Customer Service, Excel, Docker, Sales, Tableau, Microservices, IoT",Healthcare,healthcare,['healthcare']
J00774,Backend Developer,Web Development,Remote,"Josephshire, Isle of Man",R&D,Part time,"We are hiring a Backend Developer to join our Web Development team.
Responsibilities: Shoulder this week environmental white cultural should wind property professional trial purpose direction.
Required skills: Penetration Testing, Embedded Systems, PyTorch
Preferred: Similar join half sport hope agent company sure.","Penetration Testing, Embedded Systems, PyTorch",Web Development,web development,"['web', 'development']"
J00775,QA Engineer,Data Science,Onsite,"Lake Robert, Ukraine",Marketing,Contract,"We are hiring a Mobile Developer to join our Data Science team.
Responsibilities: Special watch remain son center media shake hospital voice billion special public whatever someone.
Required skills: Project Management, Django, NLP, Solidity, Product Management
Preferred: Away phone coach term source bar.","Project Management, Django, NLP, Solidity, Product Management",Data Science,data science,"['data', 'science']"
J00776,Full Stack Developer,Cloud,Remote,"New Tracyside, Montenegro",Marketing,Part time,"We are hiring a Software Engineer to join our Cloud team.
Responsibilities: Successful special tend hour serve five white pick evening.
Required skills: MySQL, Sales, Clinical Research
Preferred: Record Congress rather first expert baby minute something.","MySQL, Sales, Clinical Research",Cloud,cloud,['cloud']
J00777,Backend Developer,Product,Onsite,"Christopherfurt, Uruguay",R&D,Contract,"We are hiring a Frontend Developer to join our Product team.
Responsibilities: Could whom reach certain deal stay poor beyond or know week investment feeling between.
Required skills: TensorFlow, Project Management, Clinical Research, Solidity, Customer Service, Azure, Rust
Preferred: Technology voice employee provide coach watch end.","TensorFlow, Project Management, Clinical Research, Solidity, Customer Service, Azure, Rust",Product,product,['product']
J00778,AI Researcher,Marketing,Remote,"East John, Ethiopia",Marketing,Part time,"We are hiring a Backend Developer to join our Marketing team.
Responsibilities: Tonight born kitchen must treat activity ability loss.
Required skills: Embedded Systems, Spark, Quality Assurance, C++, Django, Scikit-learn, AWS
Preferred: Turn light lot run action instead professor itself.","Embedded Systems, Spark, Quality Assurance, C++, Django, Scikit-learn, AWS",Marketing,marketing,['marketing']
J00779,Full Stack Developer,Marketing,Hybrid,"Port Steven, Cambodia",Marketing,Full time,"We are hiring a Backend Developer to join our Marketing team.
Responsibilities: Health low pressure ready assume indeed when material among nation suffer house any feel may sport.
Required skills: Communications, PostgreSQL, MATLAB, Hadoop, Scikit-learn, ETL, Scrum
Preferred: And though provide hit father foreign hundred.","Communications, PostgreSQL, MATLAB, Hadoop, Scikit-learn, ETL, Scrum",Marketing,marketing,['marketing']
J00780,Business Analyst,EdTech,Hybrid,"Mcdonaldville, Namibia",IT,Full time,"We are hiring a Full Stack Developer to join our EdTech team.
Responsibilities: Bar already responsibility range discuss race hit treatment somebody notice whole rest seek population director candidate.
Required skills: Spark, UI/UX, Recruitment
Preferred: Relate other radio but attorney.","Spark, UI/UX, Recruitment",EdTech,edtech,['edtech']
J00781,Product Manager,Blockchain,Remote,"Angelicaville, Comoros",Marketing,Part time,"We are hiring a Data Scientist to join our Blockchain team.
Responsibilities: Year central hospital west left compare whether two attack eat top rock sit.
Required skills: HR, NLP, Figma, Angular, Microservices, Embedded Systems, Sales, Recruitment
Preferred: Weight husband about company interest same series nearly.","HR, NLP, Figma, Angular, Microservices, Embedded Systems, Sales, Recruitment",Blockchain,blockchain,['blockchain']
J00782,Business Analyst,E-commerce,Onsite,"Richardsonview, Malaysia",IT,Part time,"We are hiring a Data Engineer to join our E-commerce team.
Responsibilities: Center successful owner current year nation series.
Required skills: Recruitment, MongoDB, Penetration Testing, Machine Learning, Kubernetes, Finance, Tableau
Preferred: Court stuff police above gun dream sound.","Recruitment, MongoDB, Penetration Testing, Machine Learning, Kubernetes, Finance, Tableau",E-commerce,e-commerce,['commerce']
J00783,Frontend Developer,Healthcare,Remote,"South Larryview, Honduras",IT,Full time,"We are hiring a QA Engineer to join our Healthcare team.
Responsibilities: Design real generation ago clear bank another space because treat each beautiful form message play.
Required skills: Medical Coding, Communications, MATLAB, Tableau, Flask, Scikit-learn, Business Analysis
Preferred: Not activity determine space television law manage manage tax.","Medical Coding, Communications, MATLAB, Tableau, Flask, Scikit-learn, Business Analysis",Healthcare,healthcare,['healthcare']
J00784,Full Stack Developer,Data Science,Onsite,"East Antoniochester, Macao",Engineering,Internship,"We are hiring a QA Engineer to join our Data Science team.
Responsibilities: Traditional throw field can travel recognize above behavior hot must discussion play new fly.
Required skills: Rust, Business Analysis, Go, Python, Sales, Node.js, Microservices, Cybersecurity
Preferred: Large next boy newspaper shake identify let.","Rust, Business Analysis, Go, Python, Sales, Node.js, Microservices, Cybersecurity",Data Science,data science,"['data', 'science']"
J00785,Web Developer,Cloud,Hybrid,"Mathewstown, Iceland",R&D,Internship,"We are hiring a Data Engineer to join our Cloud team.
Responsibilities: Difference foot west successful use sometimes lawyer play success successful police.
Required skills: Penetration Testing, Agile, Customer Service, AWS, SQL, NumPy
Preferred: Set and difficult enough social security reveal later treatment.","Penetration Testing, Agile, Customer Service, AWS, SQL, NumPy",Cloud,cloud,['cloud']
J00786,Frontend Developer,FinTech,Onsite,"Kempview, Trinidad and Tobago",R&D,Part time,"We are hiring a AI Researcher to join our FinTech team.
Responsibilities: Break a myself to teach only red work rise describe bring behavior.
Required skills: NoSQL, PostgreSQL, Node.js, Go, Solidity
Preferred: Hit task suddenly class anything organization support through.","NoSQL, PostgreSQL, Node.js, Go, Solidity",FinTech,fintech,['fintech']
J00787,Data Engineer,Marketing,Remote,"Lisaport, Spain",R&D,Full time,"We are hiring a AI Researcher to join our Marketing team.
Responsibilities: Including bring blue machine year line fill last face sea industry leave memory so.
Required skills: Hadoop, Node.js, Redis, TensorFlow, Rust, NoSQL, Solidity
Preferred: Coach raise decide medical environmental writer.","Hadoop, Node.js, Redis, TensorFlow, Rust, NoSQL, Solidity",Marketing,marketing,['marketing']
J00788,AI Researcher,Product,Hybrid,"Port Jamestown, New Caledonia",IT,Part time,"We are hiring a Mobile Developer to join our Product team.
Responsibilities: Election rate more give indicate successful her opportunity our two west responsibility imagine despite.
Required skills: React, MySQL, Deep Learning, Project Management, Node.js, Rust
Preferred: Use site live person television third.","React, MySQL, Deep Learning, Project Management, Node.js, Rust",Product,product,['product']
J00789,Full Stack Developer,Marketing,Remote,"Gonzalesstad, Lao People's Democratic Republic",Product,Internship,"We are hiring a Software Engineer to join our Marketing team.
Responsibilities: Series day north stay certain development life.
Required skills: Blockchain, React, Medical Coding, Sales, DevOps
Preferred: These space type attorney size area.","Blockchain, React, Medical Coding, Sales, DevOps",Marketing,marketing,['marketing']
J00790,AI Researcher,Cybersecurity,Remote,"Malonestad, British Virgin Islands",Operations,Contract,"We are hiring a Business Analyst to join our Cybersecurity team.
Responsibilities: Network information cost society imagine whom president collection cut.
Required skills: MATLAB, Data Analysis, GIS, Solidity
Preferred: Cover walk drop skin democratic operation discover.","MATLAB, Data Analysis, GIS, Solidity",Cybersecurity,cybersecurity,['cybersecurity']
J00791,Backend Developer,Product,Onsite,"Nicholasfurt, Suriname",Product,Part time,"We are hiring a Data Scientist to join our Product team.
Responsibilities: Strong weight help world else difficult true.
Required skills: Blockchain, GIS, Project Management, C++, Power BI
Preferred: Partner pressure course join they follow cell figure.","Blockchain, GIS, Project Management, C++, Power BI",Product,product,['product']
J00792,Mobile Developer,Web Development,Remote,"New Matthew, Liberia",IT,Contract,"We are hiring a DevOps Engineer to join our Web Development team.
Responsibilities: Almost him vote effect though new expert.
Required skills: Big Data, NumPy, R, Medical Coding
Preferred: Sister future blood which place share minute act coach.","Big Data, NumPy, R, Medical Coding",Web Development,web development,"['web', 'development']"
J00793,Cloud Engineer,E-commerce,Onsite,"Sylviaberg, Marshall Islands",Engineering,Full time,"We are hiring a Data Engineer to join our E-commerce team.
Responsibilities: Food window improve year wife half song.
Required skills: CSS, Scala, Agile
Preferred: News wife interest morning whether name agree Congress director.","CSS, Scala, Agile",E-commerce,e-commerce,['commerce']
J00794,Product Manager,AI/ML,Remote,"East David, Tuvalu",Product,Internship,"We are hiring a Cloud Engineer to join our AI/ML team.
Responsibilities: True alone tonight perform response for husband increase.
Required skills: JavaScript, Solidity, Big Data, NLP, Project Management
Preferred: Week simply product music line modern.","JavaScript, Solidity, Big Data, NLP, Project Management",AI/ML,ai ml,"['ai', 'ml']"
J00795,Mobile Developer,E-commerce,Remote,"Moorehaven, Luxembourg",IT,Contract,"We are hiring a Full Stack Developer to join our E-commerce team.
Responsibilities: Step record edge church finally gun impact office both trouble.
Required skills: TypeScript, Angular, Product Management
Preferred: Hot feel interview doctor set my media likely affect bad.","TypeScript, Angular, Product Management",E-commerce,e-commerce,['commerce']
J00796,Web Developer,E-commerce,Remote,"East Alisonport, Guadeloupe",Operations,Full time,"We are hiring a Web Developer to join our E-commerce team.
Responsibilities: Change again race room prevent about rich major.
Required skills: Computer Vision, Microservices, Content Writing, Recruitment, Business Analysis, Azure, C++
Preferred: Hand even huge morning people probably receive.","Computer Vision, Microservices, Content Writing, Recruitment, Business Analysis, Azure, C++",E-commerce,e-commerce,['commerce']
J00797,Security Analyst,FinTech,Hybrid,"Port Pamelafurt, Israel",Marketing,Full time,"We are hiring a Full Stack Developer to join our FinTech team.
Responsibilities: Themselves floor science sister green if quite language every.
Required skills: AWS, Figma, Angular
Preferred: Discover return area movement short.","AWS, Figma, Angular",FinTech,fintech,['fintech']
J00798,AI Researcher,AI/ML,Remote,"Jessicaborough, Cook Islands",R&D,Internship,"We are hiring a Security Analyst to join our AI/ML team.
Responsibilities: Of head weight center draw new huge.
Required skills: Go, Accounting, GIS, Docker, Scikit-learn, Excel, Python
Preferred: International somebody ten friend.","Go, Accounting, GIS, Docker, Scikit-learn, Excel, Python",AI/ML,ai ml,"['ai', 'ml']"
J00799,Data Scientist,Blockchain,Onsite,"East Dennis, Libyan Arab Jamahiriya",Marketing,Contract,"We are hiring a QA Engineer to join our Blockchain team.
Responsibilities: Environmental professional garden region per least believe and.
Required skills: TensorFlow, Agile, GIS, Content Writing
Preferred: Not many wonder wish protect.","TensorFlow, Agile, GIS, Content Writing",Blockchain,blockchain,['blockchain']
J00800,Full Stack Developer,FinTech,Onsite,"New Davidland, Montserrat",Marketing,Internship,"We are hiring a Full Stack Developer to join our FinTech team.
Responsibilities: Animal summer choice rich good draw relate wide last.
Required skills: Rust, HR, MongoDB, ETL, React, TensorFlow
Preferred: Story offer surface senior.","Rust, HR, MongoDB, ETL, React, TensorFlow",FinTech,fintech,['fintech']
J00801,DevOps Engineer,Healthcare,Onsite,"Williamshire, United States of America",Marketing,Full time,"We are hiring a Software Engineer to join our Healthcare team.
Responsibilities: Gas who place head follow by investment decision.
Required skills: MongoDB, Embedded Systems, Scrum, Content Writing, Product Management, Business Analysis, Spark, Angular
Preferred: Position bar own wind tough level store least receive book.","MongoDB, Embedded Systems, Scrum, Content Writing, Product Management, Business Analysis, Spark, Angular",Healthcare,healthcare,['healthcare']
J00802,Web Developer,Product,Onsite,"Robinport, Monaco",Operations,Part time,"We are hiring a Frontend Developer to join our Product team.
Responsibilities: Step old citizen candidate over military nation really concern president weight whose trip road.
Required skills: Content Writing, Agile, SQL, TensorFlow, Python, Azure, Embedded Systems, Flask
Preferred: Service position remain leave commercial seem father.","Content Writing, Agile, SQL, TensorFlow, Python, Azure, Embedded Systems, Flask",Product,product,['product']
J00803,Data Scientist,DevOps,Onsite,"Jamesmouth, Tokelau",Product,Contract,"We are hiring a Data Scientist to join our DevOps team.
Responsibilities: Performance leg many page term gun book tough sell surface development.
Required skills: CI/CD, Machine Learning, Microservices, Scikit-learn, Pandas, Project Management, Business Analysis, Kubernetes
Preferred: Term positive strong party number several difficult up positive political.","CI/CD, Machine Learning, Microservices, Scikit-learn, Pandas, Project Management, Business Analysis, Kubernetes",DevOps,devops,['devops']
J00804,Data Engineer,AI/ML,Hybrid,"West Thomas, Tonga",Marketing,Contract,"We are hiring a Security Analyst to join our AI/ML team.
Responsibilities: Which phone return nothing act assume recognize lot long camera these if reason.
Required skills: JavaScript, Content Writing, GIS, Node.js, Computer Vision, Spark, ETL
Preferred: Call energy child almost include outside.","JavaScript, Content Writing, GIS, Node.js, Computer Vision, Spark, ETL",AI/ML,ai ml,"['ai', 'ml']"
J00805,Web Developer,IoT,Hybrid,"New Kathleenview, Uzbekistan",IT,Part time,"We are hiring a Full Stack Developer to join our IoT team.
Responsibilities: Window treatment quickly chance drop want box least standard how treatment else whether foreign occur small.
Required skills: Power BI, PyTorch, Tableau, DevOps, Content Writing, Recruitment, HR
Preferred: Plant miss call particular.","Power BI, PyTorch, Tableau, DevOps, Content Writing, Recruitment, HR",IoT,iot,['iot']
J00806,Full Stack Developer,IoT,Remote,"East Tiffany, New Zealand",Product,Internship,"We are hiring a Cloud Engineer to join our IoT team.
Responsibilities: World evening song clear offer PM street while positive follow individual indeed really skin something.
Required skills: Scikit-learn, Product Management, R
Preferred: Work eat organization smile coach.","Scikit-learn, Product Management, R",IoT,iot,['iot']
J00807,Business Analyst,IoT,Remote,"Lake Kevin, Saint Lucia",Operations,Part time,"We are hiring a Cloud Engineer to join our IoT team.
Responsibilities: Idea action rest century none off reflect player it success.
Required skills: Go, TypeScript, Angular
Preferred: Attack subject find certainly me economic scene foot.","Go, TypeScript, Angular",IoT,iot,['iot']
J00808,Data Engineer,HR,Hybrid,"Donnaton, Rwanda",Engineering,Internship,"We are hiring a Frontend Developer to join our HR team.
Responsibilities: Compare eat hundred manage century relate article item wear specific environment.
Required skills: Scikit-learn, CSS, PyTorch
Preferred: Different cultural what range hundred affect floor deep sing operation.","Scikit-learn, CSS, PyTorch",HR,hr,['hr']
J00809,Software Engineer,HR,Hybrid,"Port Victoria, Guatemala",R&D,Contract,"We are hiring a Web Developer to join our HR team.
Responsibilities: Message newspaper develop lead easy something memory throughout east.
Required skills: Docker, Penetration Testing, Java
Preferred: Discussion future pick study decade Congress discover financial suddenly.","Docker, Penetration Testing, Java",HR,hr,['hr']
J00810,DevOps Engineer,Healthcare,Onsite,"West Katherine, Venezuela",IT,Full time,"We are hiring a Backend Developer to join our Healthcare team.
Responsibilities: Against now hear research learn area discover and trouble hundred by.
Required skills: Django, JavaScript, IoT, Finance, UI/UX, SQL
Preferred: Force standard maintain bed water food.","Django, JavaScript, IoT, Finance, UI/UX, SQL",Healthcare,healthcare,['healthcare']
J00811,Full Stack Developer,AI/ML,Onsite,"Brownshire, Zimbabwe",Marketing,Internship,"We are hiring a Product Manager to join our AI/ML team.
Responsibilities: Plant recognize event charge positive reach federal game figure bad per.
Required skills: Angular, Node.js, UI/UX, Excel, Finance, Project Management
Preferred: Spend task capital discussion song along main might.","Angular, Node.js, UI/UX, Excel, Finance, Project Management",AI/ML,ai ml,"['ai', 'ml']"
J00812,DevOps Engineer,Cybersecurity,Hybrid,"Port Johnstad, United Kingdom",Engineering,Contract,"We are hiring a Security Analyst to join our Cybersecurity team.
Responsibilities: Glass sea role financial which use wind.
Required skills: Penetration Testing, Flask, Medical Coding, AWS
Preferred: Require like four market series group we thus hot something community.","Penetration Testing, Flask, Medical Coding, AWS",Cybersecurity,cybersecurity,['cybersecurity']
J00813,Product Manager,EdTech,Remote,"West Robert, Andorra",Engineering,Contract,"We are hiring a Backend Developer to join our EdTech team.
Responsibilities: Build improve suddenly avoid prove movie half way item firm across single leader.
Required skills: IoT, Microservices, Data Analysis, Solidity, GCP, Node.js, HR, NumPy
Preferred: Fine eye area parent process.","IoT, Microservices, Data Analysis, Solidity, GCP, Node.js, HR, NumPy",EdTech,edtech,['edtech']
J00814,Frontend Developer,EdTech,Remote,"Elizabethchester, Nepal",Engineering,Internship,"We are hiring a DevOps Engineer to join our EdTech team.
Responsibilities: Leave back couple democratic who agency value among she also analysis trouble she individual.
Required skills: CSS, HR, TypeScript, Clinical Research
Preferred: Support run outside magazine message.","CSS, HR, TypeScript, Clinical Research",EdTech,edtech,['edtech']
J00815,Security Analyst,IoT,Remote,"New Brittneyton, Fiji",Engineering,Contract,"We are hiring a QA Engineer to join our IoT team.
Responsibilities: Prevent history during mission imagine meet remain safe become stage good inside other.
Required skills: Flask, Medical Coding, Clinical Research, TypeScript
Preferred: Physical produce high year serve movie civil long.","Flask, Medical Coding, Clinical Research, TypeScript",IoT,iot,['iot']
J00816,DevOps Engineer,Healthcare,Remote,"North Timothyberg, Rwanda",R&D,Internship,"We are hiring a Backend Developer to join our Healthcare team.
Responsibilities: Church ability point network pull want face child cover decision information adult middle road.
Required skills: Quality Assurance, Machine Learning, ETL, Microservices, IoT
Preferred: Where develop shoulder page weight.","Quality Assurance, Machine Learning, ETL, Microservices, IoT",Healthcare,healthcare,['healthcare']
J00817,Web Developer,Healthcare,Onsite,"Dakotaview, Guatemala",IT,Full time,"We are hiring a Product Manager to join our Healthcare team.
Responsibilities: Parent daughter left bag hold enjoy along itself money rich last.
Required skills: Redis, Medical Coding, Embedded Systems, JavaScript, Business Analysis
Preferred: Than front man big interesting.","Redis, Medical Coding, Embedded Systems, JavaScript, Business Analysis",Healthcare,healthcare,['healthcare']
J00818,AI Researcher,E-commerce,Onsite,"Ryanstad, Paraguay",Product,Contract,"We are hiring a Frontend Developer to join our E-commerce team.
Responsibilities: Somebody start debate field unit become any personal keep open chair rest care more which investment.
Required skills: Finance, Tableau, DevOps, Django, Solidity, Hadoop, Redis, C++
Preferred: Drive like live some adult customer.","Finance, Tableau, DevOps, Django, Solidity, Hadoop, Redis, C++",E-commerce,e-commerce,['commerce']
J00819,DevOps Engineer,Web Development,Remote,"Simpsonside, Liberia",Product,Part time,"We are hiring a Backend Developer to join our Web Development team.
Responsibilities: Option claim indeed he natural pull actually billion.
Required skills: Pandas, Node.js, Recruitment, HR, Python, Medical Coding, Angular, GIS
Preferred: Professor catch heart stand front agency around.","Pandas, Node.js, Recruitment, HR, Python, Medical Coding, Angular, GIS",Web Development,web development,"['web', 'development']"
J00820,Frontend Developer,Cloud,Hybrid,"Kennethton, Madagascar",Marketing,Part time,"We are hiring a DevOps Engineer to join our Cloud team.
Responsibilities: Program only nearly decade suggest husband leader.
Required skills: Finance, Go, Tableau, Pandas, TypeScript, Power BI, Project Management
Preferred: Member career help hot actually sometimes sign eat detail provide.","Finance, Go, Tableau, Pandas, TypeScript, Power BI, Project Management",Cloud,cloud,['cloud']
J00821,Full Stack Developer,Blockchain,Hybrid,"North Bettyport, Czech Republic",Engineering,Part time,"We are hiring a DevOps Engineer to join our Blockchain team.
Responsibilities: Church film view worry man wind everyone join nothing which include wrong.
Required skills: SQL, Computer Vision, TensorFlow, Product Management
Preferred: Senior check people really grow miss sometimes church.","SQL, Computer Vision, TensorFlow, Product Management",Blockchain,blockchain,['blockchain']
J00822,Frontend Developer,FinTech,Hybrid,"Ericmouth, Norfolk Island",IT,Contract,"We are hiring a AI Researcher to join our FinTech team.
Responsibilities: Argue coach economic can to expert head sea later summer well continue bad.
Required skills: Azure, MySQL, IoT
Preferred: Million say step bill might pick sign medical.","Azure, MySQL, IoT",FinTech,fintech,['fintech']
J00823,Data Scientist,HR,Remote,"West Chadfurt, Jersey",R&D,Full time,"We are hiring a Web Developer to join our HR team.
Responsibilities: Report song sure design camera money family.
Required skills: JavaScript, Cybersecurity, R, Figma, Node.js, Microservices, Rust, Solidity
Preferred: Magazine pass on high create bar cell.","JavaScript, Cybersecurity, R, Figma, Node.js, Microservices, Rust, Solidity",HR,hr,['hr']
J00824,Product Manager,Web Development,Remote,"Carrside, Sudan",Product,Part time,"We are hiring a Cloud Engineer to join our Web Development team.
Responsibilities: Few choice certain son else new economy name hotel right each.
Required skills: Microservices, Blockchain, Deep Learning, Medical Coding, Project Management
Preferred: Doctor baby happen difficult available structure body mouth receive.","Microservices, Blockchain, Deep Learning, Medical Coding, Project Management",Web Development,web development,"['web', 'development']"
J00825,Cloud Engineer,AI/ML,Onsite,"Sheltonshire, Sudan",Product,Part time,"We are hiring a Data Scientist to join our AI/ML team.
Responsibilities: Turn small page eat off according be enough us.
Required skills: Medical Coding, NLP, C++, Flask, React, UI/UX, SQL, Quality Assurance
Preferred: Them nothing season store sport.","Medical Coding, NLP, C++, Flask, React, UI/UX, SQL, Quality Assurance",AI/ML,ai ml,"['ai', 'ml']"
J00826,Frontend Developer,Web Development,Remote,"Lake Leslie, Yemen",R&D,Contract,"We are hiring a Data Scientist to join our Web Development team.
Responsibilities: What put central field main nice protect deep as and energy exactly.
Required skills: CSS, Python, SEO, Accounting, Deep Learning, JavaScript, Tableau
Preferred: Sense middle book tax talk plant.","CSS, Python, SEO, Accounting, Deep Learning, JavaScript, Tableau",Web Development,web development,"['web', 'development']"
J00827,QA Engineer,FinTech,Hybrid,"Alecmouth, Uruguay",R&D,Full time,"We are hiring a Software Engineer to join our FinTech team.
Responsibilities: Recently discuss fire break them protect finally late.
Required skills: Flask, Quality Assurance, Pandas, JavaScript, Django, NumPy, Customer Service, Marketing
Preferred: Guess ability seat society southern total law fast stage.","Flask, Quality Assurance, Pandas, JavaScript, Django, NumPy, Customer Service, Marketing",FinTech,fintech,['fintech']
J00828,DevOps Engineer,HR,Remote,"Roseland, Angola",Engineering,Full time,"We are hiring a Product Manager to join our HR team.
Responsibilities: Bit speak government treat even listen watch check foreign with.
Required skills: NLP, Pandas, Medical Coding, Penetration Testing, Sales, Data Analysis, Scikit-learn
Preferred: Environmental area rise agree Democrat year last election physical party.","NLP, Pandas, Medical Coding, Penetration Testing, Sales, Data Analysis, Scikit-learn",HR,hr,['hr']
J00829,Mobile Developer,DevOps,Hybrid,"Smithbury, Egypt",Operations,Part time,"We are hiring a Data Scientist to join our DevOps team.
Responsibilities: Blood director security your eye control picture white audience street admit cold service late do assume.
Required skills: Scrum, Go, HR, Redis
Preferred: Animal major way drop rate already ago move image forward.","Scrum, Go, HR, Redis",DevOps,devops,['devops']
J00830,Business Analyst,DevOps,Remote,"Buchananburgh, Gibraltar",Operations,Part time,"We are hiring a Product Manager to join our DevOps team.
Responsibilities: How home eye article kid week hundred outside theory her.
Required skills: Medical Coding, HTML, Communications, Penetration Testing, Scrum
Preferred: Staff opportunity meeting might level together east space agent approach.","Medical Coding, HTML, Communications, Penetration Testing, Scrum",DevOps,devops,['devops']
J00831,Data Scientist,AI/ML,Hybrid,"Yatestown, Sao Tome and Principe",Operations,Contract,"We are hiring a Backend Developer to join our AI/ML team.
Responsibilities: Know wear she develop lose off finally culture.
Required skills: ETL, Scala, Data Analysis, Flask, Spark, Angular, Computer Vision, NLP
Preferred: Staff various know billion use available.","ETL, Scala, Data Analysis, Flask, Spark, Angular, Computer Vision, NLP",AI/ML,ai ml,"['ai', 'ml']"
J00832,DevOps Engineer,Blockchain,Remote,"New Jadechester, Syrian Arab Republic",Marketing,Part time,"We are hiring a Full Stack Developer to join our Blockchain team.
Responsibilities: Yeah everyone age two environmental family war.
Required skills: TensorFlow, Scrum, Java, Project Management, Quality Assurance, Flask, Spark
Preferred: Free option language dinner do product field north.","TensorFlow, Scrum, Java, Project Management, Quality Assurance, Flask, Spark",Blockchain,blockchain,['blockchain']
J00833,Backend Developer,IoT,Hybrid,"Mercermouth, Holy See (Vatican City State)",Marketing,Internship,"We are hiring a DevOps Engineer to join our IoT team.
Responsibilities: Director worry lose quickly stand risk growth trade theory.
Required skills: UI/UX, Penetration Testing, Kubernetes, Python, TypeScript
Preferred: Find reason one conference phone.","UI/UX, Penetration Testing, Kubernetes, Python, TypeScript",IoT,iot,['iot']
J00834,Cloud Engineer,AI/ML,Onsite,"Jasonfurt, Saint Barthelemy",Product,Internship,"We are hiring a Business Analyst to join our AI/ML team.
Responsibilities: Whatever party positive lead billion lawyer which than.
Required skills: Quality Assurance, Tableau, C++, Computer Vision, CI/CD, Customer Service, NumPy, PyTorch
Preferred: Reason choice media response charge truth society speech state.","Quality Assurance, Tableau, C++, Computer Vision, CI/CD, Customer Service, NumPy, PyTorch",AI/ML,ai ml,"['ai', 'ml']"
J00835,Software Engineer,AI/ML,Hybrid,"Hodgebury, Syrian Arab Republic",R&D,Full time,"We are hiring a DevOps Engineer to join our AI/ML team.
Responsibilities: Check look speech network professional end back understand drop office social thus loss participant key almost.
Required skills: Blockchain, Big Data, Scikit-learn, TypeScript, SQL
Preferred: Half next big their.","Blockchain, Big Data, Scikit-learn, TypeScript, SQL",AI/ML,ai ml,"['ai', 'ml']"
J00836,Business Analyst,DevOps,Onsite,"Stevenberg, British Indian Ocean Territory (Chagos Archipelago)",Product,Full time,"We are hiring a DevOps Engineer to join our DevOps team.
Responsibilities: Home fund hotel specific newspaper could theory seek hotel.
Required skills: GCP, Content Writing, NumPy, Product Management, Django, Excel
Preferred: Decade or really language big fast with position.","GCP, Content Writing, NumPy, Product Management, Django, Excel",DevOps,devops,['devops']
J00837,DevOps Engineer,DevOps,Remote,"Toddbury, Netherlands Antilles",Product,Full time,"We are hiring a AI Researcher to join our DevOps team.
Responsibilities: Economy car receive word right world huge section who gun.
Required skills: Docker, HR, Deep Learning, Communications, Content Writing, C++, Marketing
Preferred: Page system area agency under hope.","Docker, HR, Deep Learning, Communications, Content Writing, C++, Marketing",DevOps,devops,['devops']
J00838,Cloud Engineer,Data Science,Remote,"North Brandonland, Slovenia",Engineering,Full time,"We are hiring a Frontend Developer to join our Data Science team.
Responsibilities: Project seek bar force available audience one court.
Required skills: MySQL, Django, Python, DevOps, Spark
Preferred: Skin whose section phone bank way talk.","MySQL, Django, Python, DevOps, Spark",Data Science,data science,"['data', 'science']"
J00839,Mobile Developer,Blockchain,Onsite,"North Emilyside, Malaysia",Marketing,Full time,"We are hiring a AI Researcher to join our Blockchain team.
Responsibilities: Pretty cover table program heart of anything quite wear.
Required skills: Sales, Tableau, Clinical Research, Recruitment, Cybersecurity
Preferred: System long cultural usually available enough energy by put want.","Sales, Tableau, Clinical Research, Recruitment, Cybersecurity",Blockchain,blockchain,['blockchain']
J00840,Product Manager,AI/ML,Remote,"Frybury, Niue",R&D,Internship,"We are hiring a Product Manager to join our AI/ML team.
Responsibilities: Task voice wide right audience catch write sign morning carry cause improve seek.
Required skills: UI/UX, Cybersecurity, Spark, Content Writing, Angular, Redis
Preferred: Road huge explain lose as picture window development ahead couple.","UI/UX, Cybersecurity, Spark, Content Writing, Angular, Redis",AI/ML,ai ml,"['ai', 'ml']"
J00841,QA Engineer,Product,Hybrid,"Kathychester, New Caledonia",Engineering,Full time,"We are hiring a Cloud Engineer to join our Product team.
Responsibilities: Interest country tree participant at summer its address during different.
Required skills: Python, Pandas, Azure, GIS, Docker, NumPy
Preferred: Project require safe probably within cause tonight chance thought source.","Python, Pandas, Azure, GIS, Docker, NumPy",Product,product,['product']
J00842,Product Manager,Web Development,Onsite,"Buckburgh, Hong Kong",Product,Full time,"We are hiring a Product Manager to join our Web Development team.
Responsibilities: Drive on painting person fly team view fine trade increase either feeling minute set eat two.
Required skills: Marketing, IoT, CI/CD
Preferred: Investment region my medical the this avoid situation development animal election.","Marketing, IoT, CI/CD",Web Development,web development,"['web', 'development']"
J00843,Business Analyst,Data Science,Remote,"West Annafort, Belize",Operations,Internship,"We are hiring a Product Manager to join our Data Science team.
Responsibilities: Fish girl push site argue policy home threat sister most upon appear.
Required skills: Content Writing, Scala, Azure, Embedded Systems
Preferred: Officer read administration role west west life break.","Content Writing, Scala, Azure, Embedded Systems",Data Science,data science,"['data', 'science']"
J00844,Full Stack Developer,Cybersecurity,Remote,"Lake Tammy, Indonesia",IT,Full time,"We are hiring a Cloud Engineer to join our Cybersecurity team.
Responsibilities: Describe couple meet authority someone compare floor.
Required skills: PyTorch, SQL, Data Analysis
Preferred: Operation week life dinner lay true number own grow major often.","PyTorch, SQL, Data Analysis",Cybersecurity,cybersecurity,['cybersecurity']
J00845,Cloud Engineer,IoT,Onsite,"Carlosberg, Equatorial Guinea",Engineering,Full time,"We are hiring a Data Engineer to join our IoT team.
Responsibilities: Especially be ask push would white lay despite month chance great when leg issue.
Required skills: Azure, Marketing, Recruitment, Data Analysis, Redis, GCP, Finance
Preferred: Civil way factor sure day.","Azure, Marketing, Recruitment, Data Analysis, Redis, GCP, Finance",IoT,iot,['iot']
J00846,QA Engineer,DevOps,Onsite,"Port Alexiston, Guyana",R&D,Full time,"We are hiring a Full Stack Developer to join our DevOps team.
Responsibilities: What allow way record official coach education point cause letter which stuff commercial.
Required skills: Product Management, Go, MongoDB, Power BI, ETL
Preferred: Always line respond modern bar.","Product Management, Go, MongoDB, Power BI, ETL",DevOps,devops,['devops']
J00847,AI Researcher,Cloud,Hybrid,"Perezchester, Guinea",Marketing,Internship,"We are hiring a Product Manager to join our Cloud team.
Responsibilities: Name change able card ask last against far name effect pull.
Required skills: SQL, C++, Clinical Research, Communications
Preferred: Radio civil party involve thousand pick for church rule.","SQL, C++, Clinical Research, Communications",Cloud,cloud,['cloud']
J00848,Data Scientist,Healthcare,Onsite,"Michaelland, Poland",R&D,Part time,"We are hiring a Frontend Developer to join our Healthcare team.
Responsibilities: Adult guy ball message peace read shoulder.
Required skills: Content Writing, PostgreSQL, Tableau, SQL, JavaScript, NumPy
Preferred: Can theory debate answer decide action.","Content Writing, PostgreSQL, Tableau, SQL, JavaScript, NumPy",Healthcare,healthcare,['healthcare']
J00849,DevOps Engineer,Marketing,Remote,"Taylorbury, Gibraltar",Product,Full time,"We are hiring a Business Analyst to join our Marketing team.
Responsibilities: Child pressure discuss relate couple even central.
Required skills: Django, HR, PostgreSQL, Communications, Solidity, GIS
Preferred: Culture lead southern off wonder should center.","Django, HR, PostgreSQL, Communications, Solidity, GIS",Marketing,marketing,['marketing']
J00850,Web Developer,Data Science,Onsite,"Port Catherinechester, Russian Federation",IT,Contract,"We are hiring a Software Engineer to join our Data Science team.
Responsibilities: Determine instead tonight international history newspaper risk figure eat teach effect everything education.
Required skills: TensorFlow, Accounting, C++, AWS
Preferred: Hope job enough less.","TensorFlow, Accounting, C++, AWS",Data Science,data science,"['data', 'science']"
J00851,Frontend Developer,FinTech,Onsite,"Lake Amyport, Solomon Islands",Operations,Contract,"We are hiring a Software Engineer to join our FinTech team.
Responsibilities: Need between rock believe imagine central war store color about can benefit.
Required skills: Agile, SQL, Kubernetes, Pandas, GCP
Preferred: Accept stand pressure who impact of relate better.","Agile, SQL, Kubernetes, Pandas, GCP",FinTech,fintech,['fintech']
J00852,QA Engineer,Healthcare,Hybrid,"North Mark, Central African Republic",Engineering,Internship,"We are hiring a Frontend Developer to join our Healthcare team.
Responsibilities: Head recently recent card soldier need answer me nature worker possible player.
Required skills: AWS, C++, MySQL, Quality Assurance, Microservices
Preferred: Glass even arm record require market identify.","AWS, C++, MySQL, Quality Assurance, Microservices",Healthcare,healthcare,['healthcare']
J00853,QA Engineer,Cybersecurity,Remote,"Julieborough, Nepal",Engineering,Internship,"We are hiring a Frontend Developer to join our Cybersecurity team.
Responsibilities: Another blood break form city foot media itself consider knowledge myself Mrs.
Required skills: Business Analysis, Redis, Kubernetes
Preferred: American bar knowledge mother affect draw effort white.","Business Analysis, Redis, Kubernetes",Cybersecurity,cybersecurity,['cybersecurity']
J00854,Cloud Engineer,EdTech,Hybrid,"Lake Katherinefort, British Indian Ocean Territory (Chagos Archipelago)",Engineering,Part time,"We are hiring a Product Manager to join our EdTech team.
Responsibilities: It son support finally too concern yard detail whatever foreign realize far room other Congress.
Required skills: MATLAB, AWS, ETL, Tableau, Solidity, Go, GIS
Preferred: Say good image fly many parent system blood.","MATLAB, AWS, ETL, Tableau, Solidity, Go, GIS",EdTech,edtech,['edtech']
J00855,Security Analyst,HR,Remote,"Port Shane, Nauru",R&D,Part time,"We are hiring a Product Manager to join our HR team.
Responsibilities: Difference remember serve life will kind economic short raise because home near without support whose.
Required skills: HR, NumPy, SEO, Penetration Testing, Hadoop, Data Analysis, Marketing
Preferred: Let we something board give up collection break day her.","HR, NumPy, SEO, Penetration Testing, Hadoop, Data Analysis, Marketing",HR,hr,['hr']
J00856,Cloud Engineer,DevOps,Remote,"Brownhaven, Congo",Product,Contract,"We are hiring a DevOps Engineer to join our DevOps team.
Responsibilities: Learn race audience public player thousand only return according write many.
Required skills: GCP, Power BI, Excel, Medical Coding, NoSQL
Preferred: Total science security room occur sense look this.","GCP, Power BI, Excel, Medical Coding, NoSQL",DevOps,devops,['devops']
J00857,Software Engineer,HR,Hybrid,"South Daniel, United States of America",IT,Full time,"We are hiring a Software Engineer to join our HR team.
Responsibilities: Receive various treatment task detail minute magazine must million good stock message.
Required skills: R, Hadoop, Quality Assurance, Clinical Research
Preferred: Team mention mention bit significant election dog offer how drug.","R, Hadoop, Quality Assurance, Clinical Research",HR,hr,['hr']
J00858,Product Manager,Healthcare,Hybrid,"Lake Adambury, Luxembourg",R&D,Full time,"We are hiring a Software Engineer to join our Healthcare team.
Responsibilities: Expect old particularly situation road statement site fine range politics education son everyone sure amount idea.
Required skills: MySQL, React, Communications, TensorFlow, SQL, TypeScript, Finance, GCP
Preferred: Season career policy unit expect discussion.","MySQL, React, Communications, TensorFlow, SQL, TypeScript, Finance, GCP",Healthcare,healthcare,['healthcare']
J00859,Software Engineer,Product,Remote,"Greershire, Botswana",Product,Contract,"We are hiring a Mobile Developer to join our Product team.
Responsibilities: All song else future present middle TV middle western PM television scientist left.
Required skills: Docker, Django, SQL, MySQL, Computer Vision, Embedded Systems
Preferred: Region occur investment media fire medical development public form program.","Docker, Django, SQL, MySQL, Computer Vision, Embedded Systems",Product,product,['product']
J00860,Data Engineer,IoT,Hybrid,"South Thomasport, Swaziland",Marketing,Internship,"We are hiring a Mobile Developer to join our IoT team.
Responsibilities: Yard quality major western decision you present better rather letter.
Required skills: Pandas, Deep Learning, HR, C++
Preferred: Behind TV PM cover price politics able meet.","Pandas, Deep Learning, HR, C++",IoT,iot,['iot']
J00861,QA Engineer,Cloud,Remote,"South Brandy, Canada",IT,Internship,"We are hiring a Business Analyst to join our Cloud team.
Responsibilities: Culture represent focus add tough impact onto future west four.
Required skills: R, SQL, Machine Learning, Embedded Systems, Sales, MySQL, ETL, TensorFlow
Preferred: Road difference share while upon.","R, SQL, Machine Learning, Embedded Systems, Sales, MySQL, ETL, TensorFlow",Cloud,cloud,['cloud']
J00862,DevOps Engineer,Healthcare,Remote,"Edwardsburgh, Kuwait",Engineering,Internship,"We are hiring a Business Analyst to join our Healthcare team.
Responsibilities: Finish provide former budget performance choose organization approach cause campaign.
Required skills: CI/CD, Medical Coding, HR, MATLAB, Cybersecurity, Clinical Research, Java
Preferred: Lot avoid interest partner though one report.","CI/CD, Medical Coding, HR, MATLAB, Cybersecurity, Clinical Research, Java",Healthcare,healthcare,['healthcare']
J00863,Backend Developer,FinTech,Remote,"Michealmouth, Armenia",R&D,Part time,"We are hiring a Security Analyst to join our FinTech team.
Responsibilities: Already in like available individual finally view society nor.
Required skills: SEO, Accounting, Business Analysis
Preferred: Son book civil necessary economic production behavior play local.","SEO, Accounting, Business Analysis",FinTech,fintech,['fintech']
J00864,Product Manager,HR,Hybrid,"Port Roberttown, Kazakhstan",Marketing,Internship,"We are hiring a QA Engineer to join our HR team.
Responsibilities: Billion child thank trade must door report ago hit exist newspaper good provide.
Required skills: Deep Learning, ETL, Sales, NLP, Quality Assurance, Django, R
Preferred: He food vote oil anything wide defense.","Deep Learning, ETL, Sales, NLP, Quality Assurance, Django, R",HR,hr,['hr']
J00865,Full Stack Developer,FinTech,Onsite,"Royfort, Luxembourg",Marketing,Contract,"We are hiring a Backend Developer to join our FinTech team.
Responsibilities: Should paper public type describe position major tax court rich article question in ahead.
Required skills: Content Writing, GIS, MATLAB, Flask
Preferred: Reason station hundred help produce standard.","Content Writing, GIS, MATLAB, Flask",FinTech,fintech,['fintech']
J00866,Frontend Developer,Product,Onsite,"South Pamela, Mongolia",Engineering,Internship,"We are hiring a Security Analyst to join our Product team.
Responsibilities: Contain rate change nor hear front age.
Required skills: GCP, NoSQL, Azure, Figma, CI/CD, NumPy, MySQL, NLP
Preferred: Leader painting it voice left.","GCP, NoSQL, Azure, Figma, CI/CD, NumPy, MySQL, NLP",Product,product,['product']
J00867,Product Manager,Cloud,Onsite,"West Erikaburgh, Argentina",Operations,Part time,"We are hiring a AI Researcher to join our Cloud team.
Responsibilities: Debate summer education particularly lead out thus treatment.
Required skills: Tableau, IoT, Redis
Preferred: Consumer available power rate sense stand open play.","Tableau, IoT, Redis",Cloud,cloud,['cloud']
J00868,Frontend Developer,HR,Onsite,"Lake Caitlynshire, Uruguay",Operations,Internship,"We are hiring a Data Engineer to join our HR team.
Responsibilities: Situation participant both sure difference lose city try among argue nice this.
Required skills: Penetration Testing, Figma, Data Analysis, Customer Service, Solidity, Node.js, Hadoop, Azure
Preferred: Do leg security consider single firm per food save movement.","Penetration Testing, Figma, Data Analysis, Customer Service, Solidity, Node.js, Hadoop, Azure",HR,hr,['hr']
J00869,Product Manager,AI/ML,Hybrid,"Mccormickside, Venezuela",Product,Part time,"We are hiring a Software Engineer to join our AI/ML team.
Responsibilities: Artist cover city produce store section ago bad you.
Required skills: Penetration Testing, Blockchain, Embedded Systems, Redis, MySQL, Content Writing, SQL
Preferred: Wish network top else region hand often case thing.","Penetration Testing, Blockchain, Embedded Systems, Redis, MySQL, Content Writing, SQL",AI/ML,ai ml,"['ai', 'ml']"
J00870,DevOps Engineer,Cloud,Onsite,"Ortizshire, Israel",Marketing,Part time,"We are hiring a Data Engineer to join our Cloud team.
Responsibilities: Position though week key reason either staff.
Required skills: Java, Flask, GIS, Scrum, Data Analysis, Blockchain
Preferred: Computer leave laugh letter economy manager town end.","Java, Flask, GIS, Scrum, Data Analysis, Blockchain",Cloud,cloud,['cloud']
J00871,Business Analyst,AI/ML,Onsite,"Smithview, Israel",Marketing,Part time,"We are hiring a Frontend Developer to join our AI/ML team.
Responsibilities: Long leader test yes beat toward method parent well check fill human.
Required skills: Marketing, MongoDB, Embedded Systems, Clinical Research, Scikit-learn, Python, MATLAB, DevOps
Preferred: Somebody carry someone chair husband.","Marketing, MongoDB, Embedded Systems, Clinical Research, Scikit-learn, Python, MATLAB, DevOps",AI/ML,ai ml,"['ai', 'ml']"
J00872,Product Manager,Blockchain,Remote,"Lake Dawnfurt, Equatorial Guinea",Marketing,Contract,"We are hiring a Frontend Developer to join our Blockchain team.
Responsibilities: Join ability cultural manage population walk almost hit response.
Required skills: Communications, TensorFlow, MySQL
Preferred: Middle some avoid stuff political her yourself wide officer happy.","Communications, TensorFlow, MySQL",Blockchain,blockchain,['blockchain']
J00873,Data Engineer,DevOps,Remote,"East Stevenhaven, Comoros",Marketing,Part time,"We are hiring a AI Researcher to join our DevOps team.
Responsibilities: They set you card range draw health rate bar.
Required skills: Kubernetes, Content Writing, C++, Quality Assurance, NLP, ETL, Machine Learning
Preferred: Social be page with news energy after key.","Kubernetes, Content Writing, C++, Quality Assurance, NLP, ETL, Machine Learning",DevOps,devops,['devops']
J00874,Data Scientist,HR,Onsite,"South Aaronhaven, Slovakia (Slovak Republic)",R&D,Part time,"We are hiring a Data Scientist to join our HR team.
Responsibilities: Magazine together happen always level billion we likely expect expect different window often.
Required skills: Django, JavaScript, Marketing, Data Analysis, CI/CD, TypeScript, Accounting, Clinical Research
Preferred: Others laugh charge treatment include prove foreign attack alone.","Django, JavaScript, Marketing, Data Analysis, CI/CD, TypeScript, Accounting, Clinical Research",HR,hr,['hr']
J00875,QA Engineer,Cybersecurity,Hybrid,"North Ericaton, Suriname",Engineering,Part time,"We are hiring a AI Researcher to join our Cybersecurity team.
Responsibilities: Many say agreement computer head chance professor north.
Required skills: Project Management, GIS, R, Computer Vision, Sales
Preferred: Rather us director radio compare bank.","Project Management, GIS, R, Computer Vision, Sales",Cybersecurity,cybersecurity,['cybersecurity']
J00876,Software Engineer,E-commerce,Onsite,"New Rachel, Latvia",Product,Full time,"We are hiring a Data Engineer to join our E-commerce team.
Responsibilities: Toward so list possible purpose president team free discover out fly term.
Required skills: ETL, Tableau, PyTorch, MySQL, NumPy
Preferred: Security effort set get himself question past score protect.","ETL, Tableau, PyTorch, MySQL, NumPy",E-commerce,e-commerce,['commerce']
J00877,Security Analyst,Blockchain,Remote,"North Juan, Iraq",IT,Contract,"We are hiring a Mobile Developer to join our Blockchain team.
Responsibilities: Both sing deep factor wait skin surface behavior together could learn.
Required skills: Hadoop, MongoDB, SQL, Clinical Research
Preferred: Should than smile someone how of situation part here boy put.","Hadoop, MongoDB, SQL, Clinical Research",Blockchain,blockchain,['blockchain']
J00878,Security Analyst,Marketing,Onsite,"Wangtown, Taiwan",Marketing,Part time,"We are hiring a Software Engineer to join our Marketing team.
Responsibilities: Floor market because somebody feeling price son minute past hospital meeting every open alone around.
Required skills: Kubernetes, Scala, Scikit-learn, MySQL, Rust, Embedded Systems, Azure, Python
Preferred: Me color same purpose know enter agree pay.","Kubernetes, Scala, Scikit-learn, MySQL, Rust, Embedded Systems, Azure, Python",Marketing,marketing,['marketing']
J00879,Software Engineer,Marketing,Remote,"Clarkview, Holy See (Vatican City State)",Product,Part time,"We are hiring a Mobile Developer to join our Marketing team.
Responsibilities: Fish wind say body top bed while treat million song.
Required skills: Deep Learning, HR, NoSQL, Marketing, Scala
Preferred: While economy quality today particular.","Deep Learning, HR, NoSQL, Marketing, Scala",Marketing,marketing,['marketing']
J00880,Frontend Developer,IoT,Onsite,"Candaceburgh, Belarus",Operations,Contract,"We are hiring a Web Developer to join our IoT team.
Responsibilities: Ground officer brother program appear probably rich cup every view.
Required skills: Penetration Testing, MySQL, Embedded Systems, Content Writing, Rust, Redis
Preferred: Across service those challenge teach enter get whose manager usually.","Penetration Testing, MySQL, Embedded Systems, Content Writing, Rust, Redis",IoT,iot,['iot']
J00881,QA Engineer,Cybersecurity,Hybrid,"West Melissaport, Mayotte",Engineering,Full time,"We are hiring a Software Engineer to join our Cybersecurity team.
Responsibilities: State military this machine social ten responsibility cell ask.
Required skills: Penetration Testing, Clinical Research, Big Data, NLP, Project Management, Scrum, MySQL
Preferred: Like raise participant music land hit far.","Penetration Testing, Clinical Research, Big Data, NLP, Project Management, Scrum, MySQL",Cybersecurity,cybersecurity,['cybersecurity']
J00882,Full Stack Developer,HR,Remote,"South Susan, Liberia",Product,Full time,"We are hiring a Software Engineer to join our HR team.
Responsibilities: Try radio would they ball involve leader material movement speak general century strategy Congress land.
Required skills: TensorFlow, Node.js, Docker, Excel, Product Management, Redis, Penetration Testing
Preferred: People me power lawyer year modern wait former everything.","TensorFlow, Node.js, Docker, Excel, Product Management, Redis, Penetration Testing",HR,hr,['hr']
J00883,Security Analyst,DevOps,Onsite,"Nicoleport, Bangladesh",R&D,Contract,"We are hiring a Full Stack Developer to join our DevOps team.
Responsibilities: Everyone break particular yet reveal ok reality defense yes true.
Required skills: Deep Learning, Content Writing, Docker, CI/CD, Rust, Solidity
Preferred: While itself receive four yard write ok economy.","Deep Learning, Content Writing, Docker, CI/CD, Rust, Solidity",DevOps,devops,['devops']
J00884,Data Scientist,FinTech,Remote,"New Carrie, Bouvet Island (Bouvetoya)",Engineering,Internship,"We are hiring a QA Engineer to join our FinTech team.
Responsibilities: Style success month skin long drug responsibility protect imagine.
Required skills: Scikit-learn, Computer Vision, R, MySQL, Project Management, Cybersecurity, Docker, Penetration Testing
Preferred: Wonder important sound carry car.","Scikit-learn, Computer Vision, R, MySQL, Project Management, Cybersecurity, Docker, Penetration Testing",FinTech,fintech,['fintech']
J00885,Data Scientist,Cloud,Onsite,"Port Paula, Western Sahara",IT,Contract,"We are hiring a Backend Developer to join our Cloud team.
Responsibilities: Agreement industry party million term whose bill along religious last under drop apply student.
Required skills: ETL, Go, Quality Assurance, PostgreSQL
Preferred: Space trial resource training attack including.","ETL, Go, Quality Assurance, PostgreSQL",Cloud,cloud,['cloud']
J00886,QA Engineer,Cybersecurity,Onsite,"West Kenneth, Tunisia",Product,Part time,"We are hiring a Data Scientist to join our Cybersecurity team.
Responsibilities: Industry technology son black personal decide recognize man suggest newspaper major serve.
Required skills: GIS, Communications, Tableau, Marketing, GCP
Preferred: Town indicate five think get.","GIS, Communications, Tableau, Marketing, GCP",Cybersecurity,cybersecurity,['cybersecurity']
J00887,Business Analyst,Cybersecurity,Remote,"Williamfurt, Djibouti",Marketing,Contract,"We are hiring a QA Engineer to join our Cybersecurity team.
Responsibilities: Item remember fast mission agreement pick nearly mission full away commercial production.
Required skills: Business Analysis, Content Writing, Product Management, Power BI, HR
Preferred: High once treat firm weight evening operation resource moment financial.","Business Analysis, Content Writing, Product Management, Power BI, HR",Cybersecurity,cybersecurity,['cybersecurity']
J00888,DevOps Engineer,Blockchain,Remote,"Lake Mary, France",Product,Internship,"We are hiring a QA Engineer to join our Blockchain team.
Responsibilities: Third foreign and bad detail purpose sport music term least society senior cold second.
Required skills: Business Analysis, DevOps, HTML, MATLAB, SQL
Preferred: Debate item high job.","Business Analysis, DevOps, HTML, MATLAB, SQL",Blockchain,blockchain,['blockchain']
J00889,Software Engineer,Data Science,Onsite,"Davidmouth, Vanuatu",Operations,Internship,"We are hiring a Frontend Developer to join our Data Science team.
Responsibilities: Nation carry war reflect sing control century leg her ahead during according yes low.
Required skills: Penetration Testing, Scikit-learn, Node.js, SEO, Scrum, Hadoop
Preferred: Difficult environmental wide what account consider Mr statement entire plan.","Penetration Testing, Scikit-learn, Node.js, SEO, Scrum, Hadoop",Data Science,data science,"['data', 'science']"
J00890,DevOps Engineer,Web Development,Remote,"Timothymouth, Uganda",Product,Part time,"We are hiring a QA Engineer to join our Web Development team.
Responsibilities: Community west can sound stuff matter research already effort defense most relationship like.
Required skills: UI/UX, CI/CD, GCP, Java, Content Writing, Django, Node.js
Preferred: Walk simply determine player station.","UI/UX, CI/CD, GCP, Java, Content Writing, Django, Node.js",Web Development,web development,"['web', 'development']"
J00891,AI Researcher,Product,Hybrid,"New Maxwell, Uzbekistan",Engineering,Contract,"We are hiring a Data Scientist to join our Product team.
Responsibilities: Type against remember small among risk charge garden face improve page smile range wonder.
Required skills: Content Writing, Excel, Accounting, Big Data, Sales, TensorFlow
Preferred: Throughout work power fall billion live newspaper take attorney.","Content Writing, Excel, Accounting, Big Data, Sales, TensorFlow",Product,product,['product']
J00892,Software Engineer,IoT,Remote,"Walshport, Iran",Product,Internship,"We are hiring a Business Analyst to join our IoT team.
Responsibilities: Do hospital skill them herself act white everything provide today second issue second debate.
Required skills: Deep Learning, Angular, MongoDB
Preferred: Perhaps audience ready exist own good.","Deep Learning, Angular, MongoDB",IoT,iot,['iot']
J00893,Business Analyst,E-commerce,Onsite,"Hardinmouth, Antarctica (the territory South of 60 deg S)",IT,Contract,"We are hiring a Business Analyst to join our E-commerce team.
Responsibilities: Process institution claim quality energy fine style.
Required skills: Blockchain, Docker, Python, Rust, Java, Data Analysis, Accounting
Preferred: Where instead all include player organization deal.","Blockchain, Docker, Python, Rust, Java, Data Analysis, Accounting",E-commerce,e-commerce,['commerce']
J00894,Mobile Developer,E-commerce,Onsite,"East Sherryton, Czech Republic",IT,Full time,"We are hiring a Mobile Developer to join our E-commerce team.
Responsibilities: Office ahead bring return mean before service century difference green.
Required skills: CSS, Deep Learning, Angular, Medical Coding
Preferred: Person fly thought simple away must admit bring stand deal.","CSS, Deep Learning, Angular, Medical Coding",E-commerce,e-commerce,['commerce']
J00895,QA Engineer,EdTech,Onsite,"Maryborough, Greece",Engineering,Part time,"We are hiring a Full Stack Developer to join our EdTech team.
Responsibilities: Learn can pretty make memory leave your unit hand issue per leg trouble.
Required skills: Recruitment, TensorFlow, Marketing, MySQL, React
Preferred: Government manager nothing particularly he happy through.","Recruitment, TensorFlow, Marketing, MySQL, React",EdTech,edtech,['edtech']
J00896,Web Developer,Healthcare,Remote,"Peggybury, Portugal",Operations,Contract,"We are hiring a AI Researcher to join our Healthcare team.
Responsibilities: Hit none place kitchen feel hair three style today next person walk ready capital table to.
Required skills: React, GCP, JavaScript
Preferred: Speak article laugh protect morning with.","React, GCP, JavaScript",Healthcare,healthcare,['healthcare']
J00897,Product Manager,Data Science,Hybrid,"Port Katherine, India",Product,Part time,"We are hiring a AI Researcher to join our Data Science team.
Responsibilities: Benefit attack pick continue federal traditional man report floor art daughter smile.
Required skills: Communications, UI/UX, Blockchain, Rust
Preferred: List history performance energy dark message.","Communications, UI/UX, Blockchain, Rust",Data Science,data science,"['data', 'science']"
J00898,Business Analyst,EdTech,Hybrid,"West Stephanie, Comoros",R&D,Internship,"We are hiring a Mobile Developer to join our EdTech team.
Responsibilities: Raise drop rich before collection yeah there experience say common customer significant.
Required skills: R, Angular, Big Data, Scikit-learn, NumPy
Preferred: Face structure skill office bed something because.","R, Angular, Big Data, Scikit-learn, NumPy",EdTech,edtech,['edtech']
J00899,Web Developer,AI/ML,Hybrid,"West Jenniferburgh, Guinea",Product,Internship,"We are hiring a Backend Developer to join our AI/ML team.
Responsibilities: Occur on article agree understand long tree because song pretty toward foot image beat.
Required skills: Product Management, NoSQL, GCP, AWS, Content Writing
Preferred: Beautiful whom box son scientist role do song report list.","Product Management, NoSQL, GCP, AWS, Content Writing",AI/ML,ai ml,"['ai', 'ml']"
J00900,DevOps Engineer,DevOps,Hybrid,"East Carolyn, Poland",IT,Internship,"We are hiring a QA Engineer to join our DevOps team.
Responsibilities: It compare left natural beautiful management face campaign should character significant people third remain maybe yes.
Required skills: Scrum, PyTorch, CSS, Machine Learning, Pandas, TensorFlow
Preferred: Begin option figure alone peace.","Scrum, PyTorch, CSS, Machine Learning, Pandas, TensorFlow",DevOps,devops,['devops']
J00901,Web Developer,EdTech,Hybrid,"New Amyhaven, Rwanda",Operations,Part time,"We are hiring a Product Manager to join our EdTech team.
Responsibilities: Official quality few guess could station blue office.
Required skills: Power BI, Deep Learning, Recruitment, HR, Solidity, JavaScript, Redis
Preferred: Already child provide court hotel no staff deal kind charge.","Power BI, Deep Learning, Recruitment, HR, Solidity, JavaScript, Redis",EdTech,edtech,['edtech']
J00902,Backend Developer,Blockchain,Remote,"Ibarrafurt, Liechtenstein",Engineering,Contract,"We are hiring a AI Researcher to join our Blockchain team.
Responsibilities: Yard wind represent receive attorney machine activity.
Required skills: SQL, HTML, GIS, Rust
Preferred: Real top begin boy media several.","SQL, HTML, GIS, Rust",Blockchain,blockchain,['blockchain']
J00903,Full Stack Developer,Cybersecurity,Hybrid,"Austintown, Bouvet Island (Bouvetoya)",R&D,Full time,"We are hiring a Security Analyst to join our Cybersecurity team.
Responsibilities: Reveal site age thought eat well enjoy happy agreement manage.
Required skills: Java, Embedded Systems, Docker, Kubernetes, Blockchain, Redis, Azure, PostgreSQL
Preferred: Thus listen hospital around resource law seem.","Java, Embedded Systems, Docker, Kubernetes, Blockchain, Redis, Azure, PostgreSQL",Cybersecurity,cybersecurity,['cybersecurity']
J00904,Data Engineer,Cybersecurity,Remote,"West Jasmine, Palau",Product,Full time,"We are hiring a Data Scientist to join our Cybersecurity team.
Responsibilities: Charge away help second brother ago cultural marriage politics road behavior win public with.
Required skills: CI/CD, Project Management, Embedded Systems, MATLAB, PyTorch, NoSQL, Quality Assurance
Preferred: Firm threat sense with wife.","CI/CD, Project Management, Embedded Systems, MATLAB, PyTorch, NoSQL, Quality Assurance",Cybersecurity,cybersecurity,['cybersecurity']
J00905,Mobile Developer,Healthcare,Remote,"Port Melody, New Zealand",IT,Internship,"We are hiring a DevOps Engineer to join our Healthcare team.
Responsibilities: Teacher day interesting thank age generation parent I others study however rather.
Required skills: Data Analysis, R, Kubernetes, Solidity, HR, Accounting, MATLAB, Spark
Preferred: Technology carry she design leave ahead blue.","Data Analysis, R, Kubernetes, Solidity, HR, Accounting, MATLAB, Spark",Healthcare,healthcare,['healthcare']
J00906,Business Analyst,Marketing,Remote,"Alexandratown, Slovenia",Marketing,Internship,"We are hiring a Full Stack Developer to join our Marketing team.
Responsibilities: Oil term assume pretty nice cup consumer.
Required skills: PostgreSQL, Product Management, MySQL, Content Writing, GCP
Preferred: Democratic air sell front movement make experience.","PostgreSQL, Product Management, MySQL, Content Writing, GCP",Marketing,marketing,['marketing']
J00907,QA Engineer,IoT,Hybrid,"New Nancy, Chile",Engineering,Full time,"We are hiring a Backend Developer to join our IoT team.
Responsibilities: Life outside accept official cost modern threat tree stuff center.
Required skills: Accounting, TypeScript, Recruitment
Preferred: Nearly front ever first that deep shoulder thus.","Accounting, TypeScript, Recruitment",IoT,iot,['iot']
J00908,Web Developer,EdTech,Hybrid,"Harringtonborough, Uruguay",Operations,Contract,"We are hiring a QA Engineer to join our EdTech team.
Responsibilities: Mind close seem into my training natural major how none play.
Required skills: Project Management, Microservices, NumPy, PyTorch, Rust, Customer Service, MATLAB, R
Preferred: Well mother allow reason in keep.","Project Management, Microservices, NumPy, PyTorch, Rust, Customer Service, MATLAB, R",EdTech,edtech,['edtech']
J00909,Product Manager,Cybersecurity,Hybrid,"Robertview, Maldives",Operations,Part time,"We are hiring a Data Engineer to join our Cybersecurity team.
Responsibilities: Scene want entire hotel make because although direction leader generation collection kind hundred.
Required skills: Clinical Research, Content Writing, Go, R, Flask, Docker, Big Data
Preferred: Employee message above billion see especially.","Clinical Research, Content Writing, Go, R, Flask, Docker, Big Data",Cybersecurity,cybersecurity,['cybersecurity']
J00910,Data Scientist,DevOps,Remote,"West Scottside, Bouvet Island (Bouvetoya)",Operations,Contract,"We are hiring a Full Stack Developer to join our DevOps team.
Responsibilities: Represent reflect through authority much brother film true teacher there away.
Required skills: Data Analysis, MongoDB, Recruitment, TensorFlow, PostgreSQL, Penetration Testing
Preferred: Parent hundred security site game remember especially will travel compare.","Data Analysis, MongoDB, Recruitment, TensorFlow, PostgreSQL, Penetration Testing",DevOps,devops,['devops']
J00911,Cloud Engineer,EdTech,Hybrid,"Masonbury, Hong Kong",IT,Part time,"We are hiring a Business Analyst to join our EdTech team.
Responsibilities: Send understand wall wife yard matter become environment agree face son evening rather exactly.
Required skills: Angular, NoSQL, Scikit-learn, JavaScript, GIS
Preferred: Summer government improve interest across yeah surface behavior.","Angular, NoSQL, Scikit-learn, JavaScript, GIS",EdTech,edtech,['edtech']
J00912,Backend Developer,Web Development,Hybrid,"Schneiderberg, Canada",Marketing,Contract,"We are hiring a Data Scientist to join our Web Development team.
Responsibilities: Simple what why heavy onto trade reach real prepare risk she season sort hospital.
Required skills: Microservices, Clinical Research, Data Analysis, Flask
Preferred: Discussion happen skill area ok study piece again so create.","Microservices, Clinical Research, Data Analysis, Flask",Web Development,web development,"['web', 'development']"
J00913,Data Scientist,HR,Hybrid,"Port Jennifershire, Belize",Marketing,Part time,"We are hiring a DevOps Engineer to join our HR team.
Responsibilities: Raise trade almost box country sound so task send water drive staff pick.
Required skills: Django, Clinical Research, JavaScript, Angular, Scala, R
Preferred: Evening the which spend almost real common main now Republican.","Django, Clinical Research, JavaScript, Angular, Scala, R",HR,hr,['hr']
J00914,Cloud Engineer,Cloud,Remote,"Nancyville, Gambia",Engineering,Full time,"We are hiring a Software Engineer to join our Cloud team.
Responsibilities: Order green expect see into forget catch be score.
Required skills: NumPy, Azure, Pandas, Java
Preferred: Successful recently government itself listen collection account activity increase.","NumPy, Azure, Pandas, Java",Cloud,cloud,['cloud']
J00915,Data Engineer,Healthcare,Hybrid,"Lake Victoriaborough, Faroe Islands",Marketing,Contract,"We are hiring a Full Stack Developer to join our Healthcare team.
Responsibilities: Leave production expect seem one doctor purpose staff represent nearly statement.
Required skills: Scala, Blockchain, Finance, Communications, Penetration Testing, Pandas, Azure, SQL
Preferred: Everything run paper responsibility rather raise animal bed actually.","Scala, Blockchain, Finance, Communications, Penetration Testing, Pandas, Azure, SQL",Healthcare,healthcare,['healthcare']
J00916,Security Analyst,Cybersecurity,Remote,"East Feliciaport, North Macedonia",Product,Full time,"We are hiring a Mobile Developer to join our Cybersecurity team.
Responsibilities: Large weight scene dream task them sing vote feeling example recognize table.
Required skills: NumPy, Java, IoT, Deep Learning, Hadoop, HTML
Preferred: Personal through summer song finish go.","NumPy, Java, IoT, Deep Learning, Hadoop, HTML",Cybersecurity,cybersecurity,['cybersecurity']
J00917,Product Manager,Product,Onsite,"Port Wendy, Suriname",IT,Part time,"We are hiring a Cloud Engineer to join our Product team.
Responsibilities: Dark degree college movement line grow if man year by decade truth increase for event.
Required skills: Microservices, IoT, Hadoop, Business Analysis, Redis, Deep Learning, R, GCP
Preferred: Week line still game night third rock ask modern.","Microservices, IoT, Hadoop, Business Analysis, Redis, Deep Learning, R, GCP",Product,product,['product']
J00918,Cloud Engineer,Data Science,Hybrid,"Moyerhaven, Somalia",Engineering,Contract,"We are hiring a Data Engineer to join our Data Science team.
Responsibilities: Everyone usually very maintain officer break indicate away usually election high power whose yourself task drop.
Required skills: Big Data, Marketing, Business Analysis, Computer Vision, AWS
Preferred: Leader song common should their majority where spend provide true.","Big Data, Marketing, Business Analysis, Computer Vision, AWS",Data Science,data science,"['data', 'science']"
J00919,Data Engineer,FinTech,Remote,"Taraburgh, Dominican Republic",Product,Full time,"We are hiring a Mobile Developer to join our FinTech team.
Responsibilities: Yourself protect wife nice stuff road learn argue night thought plan future common use.
Required skills: Node.js, Python, Cybersecurity, MongoDB, Agile, Penetration Testing
Preferred: Beautiful power side stock nearly clear.","Node.js, Python, Cybersecurity, MongoDB, Agile, Penetration Testing",FinTech,fintech,['fintech']
J00920,Mobile Developer,Data Science,Hybrid,"South Timothy, Myanmar",IT,Internship,"We are hiring a Web Developer to join our Data Science team.
Responsibilities: Pass program in affect must guess rest data.
Required skills: Azure, Communications, Medical Coding, Blockchain, Content Writing, NoSQL, NLP, Machine Learning
Preferred: Stock position guess as film serious.","Azure, Communications, Medical Coding, Blockchain, Content Writing, NoSQL, NLP, Machine Learning",Data Science,data science,"['data', 'science']"
J00921,QA Engineer,Data Science,Onsite,"North Kayla, Afghanistan",Marketing,Internship,"We are hiring a Software Engineer to join our Data Science team.
Responsibilities: Country year line story see successful again.
Required skills: NLP, DevOps, Spark
Preferred: Specific maintain since month mention.","NLP, DevOps, Spark",Data Science,data science,"['data', 'science']"
J00922,Business Analyst,Product,Remote,"Ellisonchester, Sao Tome and Principe",IT,Contract,"We are hiring a Business Analyst to join our Product team.
Responsibilities: Different already song some relationship number threat method event even choice receive itself reveal must tend.
Required skills: NoSQL, Accounting, Azure, Scala, Java, Cybersecurity
Preferred: Past girl system sometimes pull especially.","NoSQL, Accounting, Azure, Scala, Java, Cybersecurity",Product,product,['product']
J00923,Full Stack Developer,Healthcare,Hybrid,"Randallmouth, Burkina Faso",Marketing,Contract,"We are hiring a DevOps Engineer to join our Healthcare team.
Responsibilities: Likely growth everybody significant member maybe land one marriage officer about try American.
Required skills: Hadoop, IoT, PyTorch, Penetration Testing
Preferred: Free car chance control window however yard.","Hadoop, IoT, PyTorch, Penetration Testing",Healthcare,healthcare,['healthcare']
J00924,Business Analyst,Healthcare,Hybrid,"North Jay, Tanzania",Operations,Full time,"We are hiring a Product Manager to join our Healthcare team.
Responsibilities: Professional tough generation well he kitchen drop partner resource almost year send star.
Required skills: Customer Service, Java, Go, CI/CD, Embedded Systems, Communications
Preferred: Run dinner beautiful middle chair.","Customer Service, Java, Go, CI/CD, Embedded Systems, Communications",Healthcare,healthcare,['healthcare']
J00925,Product Manager,Cybersecurity,Remote,"West Steven, Samoa",Marketing,Contract,"We are hiring a Mobile Developer to join our Cybersecurity team.
Responsibilities: Happy by remain customer set offer work artist sometimes subject they human under impact.
Required skills: Power BI, Machine Learning, Product Management, SQL, Cybersecurity, Content Writing, Node.js
Preferred: Create manage discover year can mouth.","Power BI, Machine Learning, Product Management, SQL, Cybersecurity, Content Writing, Node.js",Cybersecurity,cybersecurity,['cybersecurity']
J00926,Mobile Developer,Blockchain,Hybrid,"Heidiburgh, Sierra Leone",Product,Contract,"We are hiring a Data Engineer to join our Blockchain team.
Responsibilities: Discuss cause skill talk despite purpose control seem debate along special response station safe research.
Required skills: C++, Microservices, Scikit-learn, Quality Assurance, NLP, Clinical Research
Preferred: According realize fine pressure economy.","C++, Microservices, Scikit-learn, Quality Assurance, NLP, Clinical Research",Blockchain,blockchain,['blockchain']
J00927,Data Engineer,Healthcare,Remote,"East Juliatown, Ethiopia",Marketing,Internship,"We are hiring a Mobile Developer to join our Healthcare team.
Responsibilities: Course thought cultural buy phone thought method mouth happen play.
Required skills: Scala, Medical Coding, GIS, Node.js, Penetration Testing, Java, ETL, Deep Learning
Preferred: Campaign population through personal actually.","Scala, Medical Coding, GIS, Node.js, Penetration Testing, Java, ETL, Deep Learning",Healthcare,healthcare,['healthcare']
J00928,AI Researcher,Healthcare,Remote,"Robinsonville, Nauru",IT,Contract,"We are hiring a Product Manager to join our Healthcare team.
Responsibilities: Song politics he very quality local inside probably music throw present history hard relationship film.
Required skills: Machine Learning, Finance, Product Management, Agile
Preferred: Benefit majority recent social less protect.","Machine Learning, Finance, Product Management, Agile",Healthcare,healthcare,['healthcare']
J00929,DevOps Engineer,E-commerce,Remote,"Robertsmouth, Costa Rica",Engineering,Part time,"We are hiring a Web Developer to join our E-commerce team.
Responsibilities: Pick late positive yard owner mission guy daughter rise.
Required skills: NLP, TensorFlow, Power BI, Hadoop, Blockchain
Preferred: Moment new player occur determine lead.","NLP, TensorFlow, Power BI, Hadoop, Blockchain",E-commerce,e-commerce,['commerce']
J00930,DevOps Engineer,AI/ML,Remote,"Mcintyrehaven, Tokelau",R&D,Contract,"We are hiring a AI Researcher to join our AI/ML team.
Responsibilities: Question bag head draw behind member serious station inside generation.
Required skills: Sales, TensorFlow, Communications
Preferred: Single race road campaign activity job theory say.","Sales, TensorFlow, Communications",AI/ML,ai ml,"['ai', 'ml']"
J00931,Data Engineer,Web Development,Hybrid,"Littleton, Iraq",Product,Internship,"We are hiring a AI Researcher to join our Web Development team.
Responsibilities: Development fear individual behavior fear nothing question investment central on right become room discuss.
Required skills: Machine Learning, Recruitment, GCP, MySQL, Product Management, NoSQL, Scikit-learn
Preferred: Continue chair like collection billion good service drop.","Machine Learning, Recruitment, GCP, MySQL, Product Management, NoSQL, Scikit-learn",Web Development,web development,"['web', 'development']"
J00932,Frontend Developer,Marketing,Remote,"Phillipsshire, Philippines",R&D,Internship,"We are hiring a Product Manager to join our Marketing team.
Responsibilities: Direction page past true eye cut none fly season increase itself production happy.
Required skills: Azure, Business Analysis, Communications, MATLAB, Scikit-learn, Python
Preferred: Like message describe approach scene.","Azure, Business Analysis, Communications, MATLAB, Scikit-learn, Python",Marketing,marketing,['marketing']
J00933,Backend Developer,Web Development,Onsite,"North Eileenmouth, Wallis and Futuna",R&D,Internship,"We are hiring a Security Analyst to join our Web Development team.
Responsibilities: Herself heavy raise win go hospital some daughter relate control.
Required skills: Medical Coding, C++, GCP
Preferred: Expect measure environmental degree woman international.","Medical Coding, C++, GCP",Web Development,web development,"['web', 'development']"
J00934,Data Engineer,AI/ML,Onsite,"Smithville, Mozambique",R&D,Part time,"We are hiring a Mobile Developer to join our AI/ML team.
Responsibilities: Almost action nature issue result road security debate teach.
Required skills: GCP, Customer Service, React, TypeScript, TensorFlow
Preferred: Including fight sense similar newspaper number.","GCP, Customer Service, React, TypeScript, TensorFlow",AI/ML,ai ml,"['ai', 'ml']"
J00935,Mobile Developer,EdTech,Hybrid,"Lake Taylor, Guinea-Bissau",R&D,Part time,"We are hiring a Full Stack Developer to join our EdTech team.
Responsibilities: Guy vote before yard some skin pattern age cup benefit increase trip side prevent hand wear.
Required skills: Project Management, MongoDB, Python, Docker, NLP, Power BI, Scala
Preferred: Address glass make east evening.","Project Management, MongoDB, Python, Docker, NLP, Power BI, Scala",EdTech,edtech,['edtech']
J00936,Security Analyst,Web Development,Hybrid,"Aliport, Equatorial Guinea",Product,Full time,"We are hiring a Product Manager to join our Web Development team.
Responsibilities: Society read why much should think season skill war for may occur process home.
Required skills: Recruitment, Microservices, NLP, TensorFlow, SEO
Preferred: Truth because course my thus science kind order.","Recruitment, Microservices, NLP, TensorFlow, SEO",Web Development,web development,"['web', 'development']"
J00937,Full Stack Developer,EdTech,Remote,"South Joshua, Suriname",Engineering,Full time,"We are hiring a Frontend Developer to join our EdTech team.
Responsibilities: Great paper idea five Democrat American citizen follow change and team.
Required skills: Docker, UI/UX, GIS
Preferred: Stock hope hotel part policy enter develop simple discussion economy.","Docker, UI/UX, GIS",EdTech,edtech,['edtech']
J00938,DevOps Engineer,Cybersecurity,Onsite,"Larsonburgh, Bouvet Island (Bouvetoya)",Engineering,Full time,"We are hiring a Full Stack Developer to join our Cybersecurity team.
Responsibilities: Star rather home state mean as miss and form.
Required skills: Python, Angular, Finance, Data Analysis, NLP
Preferred: Information fact interview toward onto around local.","Python, Angular, Finance, Data Analysis, NLP",Cybersecurity,cybersecurity,['cybersecurity']
J00939,Data Scientist,DevOps,Remote,"Scottmouth, Jersey",IT,Full time,"We are hiring a QA Engineer to join our DevOps team.
Responsibilities: Business score bank ball concern speech analysis senior risk staff if fine go small report represent.
Required skills: CI/CD, HR, GCP, Clinical Research, TensorFlow
Preferred: Point total and skin few.","CI/CD, HR, GCP, Clinical Research, TensorFlow",DevOps,devops,['devops']
J00940,Business Analyst,HR,Hybrid,"Adrianabury, Cuba",Product,Internship,"We are hiring a Full Stack Developer to join our HR team.
Responsibilities: Head suddenly indeed resource husband beyond development finish see short.
Required skills: Business Analysis, Java, Python, Excel, PostgreSQL, NLP
Preferred: Cold full take cover million.","Business Analysis, Java, Python, Excel, PostgreSQL, NLP",HR,hr,['hr']
J00941,Frontend Developer,Blockchain,Hybrid,"North Caseyport, Sudan",Marketing,Part time,"We are hiring a Data Engineer to join our Blockchain team.
Responsibilities: Task behind my treat next his trial space our parent side break.
Required skills: CI/CD, PyTorch, Clinical Research, Scala, Finance
Preferred: Personal right already green building believe spend specific.","CI/CD, PyTorch, Clinical Research, Scala, Finance",Blockchain,blockchain,['blockchain']
J00942,Data Engineer,Blockchain,Hybrid,"Port Sarah, Isle of Man",Engineering,Part time,"We are hiring a Product Manager to join our Blockchain team.
Responsibilities: Just maybe some manage low movie politics particular challenge surface religious seem way support trade.
Required skills: UI/UX, Scikit-learn, PostgreSQL, MongoDB, Accounting, Pandas
Preferred: Admit truth reduce outside base while detail spend.","UI/UX, Scikit-learn, PostgreSQL, MongoDB, Accounting, Pandas",Blockchain,blockchain,['blockchain']
J00943,QA Engineer,HR,Hybrid,"Port Jamesshire, Guinea",Engineering,Full time,"We are hiring a Web Developer to join our HR team.
Responsibilities: Which among the teacher space among appear yeah degree.
Required skills: Big Data, Rust, Deep Learning, TypeScript
Preferred: Very likely guy new history.","Big Data, Rust, Deep Learning, TypeScript",HR,hr,['hr']
J00944,Backend Developer,DevOps,Remote,"Scotttown, Iceland",Engineering,Contract,"We are hiring a Mobile Developer to join our DevOps team.
Responsibilities: Blood real to word toward smile scientist result power true yes option store.
Required skills: Azure, Flask, Figma, GIS, Sales
Preferred: Investment make behavior body never.","Azure, Flask, Figma, GIS, Sales",DevOps,devops,['devops']
J00945,Mobile Developer,Product,Remote,"Port Dawnside, Belgium",Product,Part time,"We are hiring a Security Analyst to join our Product team.
Responsibilities: Project capital property population discover quickly such unit crime.
Required skills: TypeScript, Product Management, HR, PostgreSQL, Go
Preferred: Foot on seat shoulder oil trip.","TypeScript, Product Management, HR, PostgreSQL, Go",Product,product,['product']
J00946,Cloud Engineer,FinTech,Hybrid,"South Kristinbury, Brazil",Marketing,Part time,"We are hiring a Full Stack Developer to join our FinTech team.
Responsibilities: Staff future involve probably measure painting suffer black after old hit.
Required skills: Docker, Sales, NoSQL, Embedded Systems, Communications, AWS, Content Writing
Preferred: Number identify natural whom grow.","Docker, Sales, NoSQL, Embedded Systems, Communications, AWS, Content Writing",FinTech,fintech,['fintech']
J00947,DevOps Engineer,AI/ML,Onsite,"Frankland, Cambodia",R&D,Contract,"We are hiring a Mobile Developer to join our AI/ML team.
Responsibilities: Successful society accept business skill simply walk.
Required skills: ETL, Embedded Systems, MATLAB, HTML, IoT
Preferred: Shoulder education section southern style theory reduce reality matter bill.","ETL, Embedded Systems, MATLAB, HTML, IoT",AI/ML,ai ml,"['ai', 'ml']"
J00948,Data Engineer,FinTech,Onsite,"Port Kimbury, Faroe Islands",Product,Full time,"We are hiring a Security Analyst to join our FinTech team.
Responsibilities: Nor enjoy not good star activity quite sure forward training may including capital.
Required skills: ETL, Sales, TensorFlow, Embedded Systems, GCP, Agile, GIS, IoT
Preferred: Energy huge order determine peace national strategy number American.","ETL, Sales, TensorFlow, Embedded Systems, GCP, Agile, GIS, IoT",FinTech,fintech,['fintech']
J00949,DevOps Engineer,Blockchain,Remote,"Donaldview, Belgium",Marketing,Part time,"We are hiring a Full Stack Developer to join our Blockchain team.
Responsibilities: Central peace administration per lawyer teacher practice traditional condition summer purpose.
Required skills: Recruitment, Agile, Figma, Deep Learning, Product Management
Preferred: Move law sell painting there southern crime believe visit whose many.","Recruitment, Agile, Figma, Deep Learning, Product Management",Blockchain,blockchain,['blockchain']
J00950,QA Engineer,HR,Onsite,"Martinezport, Peru",Engineering,Full time,"We are hiring a Product Manager to join our HR team.
Responsibilities: Three floor trade care site rather can southern whatever be serve hit.
Required skills: AWS, Embedded Systems, Agile
Preferred: Human account couple others camera space hundred nature true young.","AWS, Embedded Systems, Agile",HR,hr,['hr']
J00951,Business Analyst,Product,Onsite,"Webbton, British Virgin Islands",Engineering,Full time,"We are hiring a DevOps Engineer to join our Product team.
Responsibilities: Hard church marriage make raise and as hair various weight deal response challenge.
Required skills: Big Data, SQL, Data Analysis, CI/CD, Computer Vision, Deep Learning, IoT, Finance
Preferred: Event which future game sea story.","Big Data, SQL, Data Analysis, CI/CD, Computer Vision, Deep Learning, IoT, Finance",Product,product,['product']
J00952,Backend Developer,Cloud,Remote,"New Manuelhaven, Taiwan",IT,Internship,"We are hiring a Mobile Developer to join our Cloud team.
Responsibilities: Final hospital artist conference gun support fund change personal traditional today form should could budget evening.
Required skills: Hadoop, HR, Blockchain, GCP, Angular
Preferred: Admit partner stop discover professional drug camera responsibility.","Hadoop, HR, Blockchain, GCP, Angular",Cloud,cloud,['cloud']
J00953,Mobile Developer,Data Science,Remote,"North Cassandraberg, Uruguay",Operations,Part time,"We are hiring a DevOps Engineer to join our Data Science team.
Responsibilities: Even election season rise society everyone recognize sometimes exactly all tough unit magazine develop reason song.
Required skills: Business Analysis, NoSQL, Deep Learning, Angular
Preferred: Race play then loss seven character.","Business Analysis, NoSQL, Deep Learning, Angular",Data Science,data science,"['data', 'science']"
J00954,Security Analyst,Marketing,Hybrid,"Brandonberg, Bhutan",Engineering,Full time,"We are hiring a AI Researcher to join our Marketing team.
Responsibilities: Interview most direction describe performance not race second.
Required skills: Business Analysis, Clinical Research, Figma, Docker, Java, Django
Preferred: Maybe president whether sound note.","Business Analysis, Clinical Research, Figma, Docker, Java, Django",Marketing,marketing,['marketing']
J00955,Mobile Developer,HR,Onsite,"Port Lance, Ireland",Operations,Internship,"We are hiring a Product Manager to join our HR team.
Responsibilities: Year mind pattern south specific quickly gun list win simply that term.
Required skills: Scrum, TypeScript, Node.js
Preferred: Degree reduce maybe wear century see yeah station chance.","Scrum, TypeScript, Node.js",HR,hr,['hr']
J00956,Cloud Engineer,IoT,Remote,"Kennethburgh, Brunei Darussalam",IT,Full time,"We are hiring a Mobile Developer to join our IoT team.
Responsibilities: Dark bring together wide quickly serious network former world edge half network.
Required skills: Scrum, AWS, HR, Spark, Azure, Tableau, Computer Vision, Clinical Research
Preferred: Cost while city would kid list here her analysis campaign.","Scrum, AWS, HR, Spark, Azure, Tableau, Computer Vision, Clinical Research",IoT,iot,['iot']
J00957,Security Analyst,Data Science,Onsite,"Evanshaven, Kiribati",Operations,Part time,"We are hiring a Web Developer to join our Data Science team.
Responsibilities: Reveal can personal finish authority success Democrat treat.
Required skills: Product Management, SQL, CI/CD, Kubernetes, GCP
Preferred: Growth couple he seek carry campaign prevent alone subject Republican.","Product Management, SQL, CI/CD, Kubernetes, GCP",Data Science,data science,"['data', 'science']"
J00958,Cloud Engineer,HR,Onsite,"West Kristyview, Cyprus",Engineering,Internship,"We are hiring a Software Engineer to join our HR team.
Responsibilities: Player business source bank two green opportunity.
Required skills: Java, JavaScript, NumPy, Python, MongoDB, UI/UX, Scikit-learn, AWS
Preferred: High fill remain find use degree organization partner long specific.","Java, JavaScript, NumPy, Python, MongoDB, UI/UX, Scikit-learn, AWS",HR,hr,['hr']
J00959,Backend Developer,DevOps,Onsite,"Jeremybury, Tuvalu",Marketing,Part time,"We are hiring a Business Analyst to join our DevOps team.
Responsibilities: Size usually clearly it past agreement agent animal deal plan difficult.
Required skills: Embedded Systems, ETL, Computer Vision
Preferred: Outside many school my green necessary including.","Embedded Systems, ETL, Computer Vision",DevOps,devops,['devops']
J00960,Data Scientist,Cloud,Onsite,"Lake Alyssahaven, Bermuda",IT,Full time,"We are hiring a Data Scientist to join our Cloud team.
Responsibilities: Memory approach report us third break of check parent design join truth middle make.
Required skills: UI/UX, Redis, Cybersecurity, Clinical Research, Scrum
Preferred: On and turn Democrat civil control that.","UI/UX, Redis, Cybersecurity, Clinical Research, Scrum",Cloud,cloud,['cloud']
J00961,Data Scientist,E-commerce,Hybrid,"Josephton, Vanuatu",Engineering,Contract,"We are hiring a Frontend Developer to join our E-commerce team.
Responsibilities: Add late rate wonder rule there there moment something new finally likely teach.
Required skills: Marketing, Power BI, Clinical Research
Preferred: According adult idea in your several I.","Marketing, Power BI, Clinical Research",E-commerce,e-commerce,['commerce']
J00962,Web Developer,FinTech,Remote,"Lake Tammyfurt, Saint Barthelemy",Operations,Part time,"We are hiring a Product Manager to join our FinTech team.
Responsibilities: Class yeah system build whose skin population camera ok.
Required skills: IoT, Docker, Machine Learning, Embedded Systems, Blockchain, HR
Preferred: Teach me tend Mr lose so.","IoT, Docker, Machine Learning, Embedded Systems, Blockchain, HR",FinTech,fintech,['fintech']
J00963,Cloud Engineer,Marketing,Remote,"Andersonview, Russian Federation",Engineering,Contract,"We are hiring a Product Manager to join our Marketing team.
Responsibilities: Out culture action federal single popular your issue coach set.
Required skills: NoSQL, Scikit-learn, TypeScript, HTML, Spark, Big Data, Cybersecurity
Preferred: Husband whom allow event good discuss consider education.","NoSQL, Scikit-learn, TypeScript, HTML, Spark, Big Data, Cybersecurity",Marketing,marketing,['marketing']
J00964,Backend Developer,Cloud,Onsite,"Jamiemouth, Mali",Engineering,Full time,"We are hiring a Product Manager to join our Cloud team.
Responsibilities: Official yourself before whom price wonder sometimes goal child end brother.
Required skills: Penetration Testing, Django, Agile, Project Management, Java, TypeScript
Preferred: See life radio listen remain film report visit.","Penetration Testing, Django, Agile, Project Management, Java, TypeScript",Cloud,cloud,['cloud']
J00965,Security Analyst,HR,Remote,"Kinghaven, Bhutan",Product,Full time,"We are hiring a Product Manager to join our HR team.
Responsibilities: Ready risk often understand scene star southern report.
Required skills: Penetration Testing, Business Analysis, PostgreSQL, Scikit-learn
Preferred: Usually cold performance matter senior TV decade table cover ready.","Penetration Testing, Business Analysis, PostgreSQL, Scikit-learn",HR,hr,['hr']
J00966,AI Researcher,AI/ML,Remote,"Barbaraburgh, Liechtenstein",Engineering,Full time,"We are hiring a Full Stack Developer to join our AI/ML team.
Responsibilities: Leave mind live hand decide small interesting decade simply become either other once.
Required skills: PostgreSQL, Node.js, Docker, Medical Coding, Flask, DevOps, Embedded Systems
Preferred: Similar yet age natural name fear it.","PostgreSQL, Node.js, Docker, Medical Coding, Flask, DevOps, Embedded Systems",AI/ML,ai ml,"['ai', 'ml']"
J00967,Backend Developer,Marketing,Remote,"Wyattborough, Cook Islands",Product,Part time,"We are hiring a Data Scientist to join our Marketing team.
Responsibilities: Parent quickly majority image guy agree behind bank particular free moment a executive see include economy.
Required skills: Medical Coding, Azure, SEO
Preferred: Choose avoid year page beautiful tell modern hour song his standard.","Medical Coding, Azure, SEO",Marketing,marketing,['marketing']
J00968,Mobile Developer,HR,Remote,"Margarettown, Georgia",Engineering,Contract,"We are hiring a Security Analyst to join our HR team.
Responsibilities: Wonder probably number become wonder loss morning two high party occur left discuss later within once.
Required skills: Embedded Systems, GIS, Marketing, R, PostgreSQL, Redis, Java, Flask
Preferred: Brother song seven leader it difference community hair.","Embedded Systems, GIS, Marketing, R, PostgreSQL, Redis, Java, Flask",HR,hr,['hr']
J00969,QA Engineer,Cybersecurity,Hybrid,"Bradleymouth, Cayman Islands",Marketing,Contract,"We are hiring a AI Researcher to join our Cybersecurity team.
Responsibilities: Treat per light professor send hair trip know crime should major.
Required skills: DevOps, TensorFlow, Python, Spark, Agile, Customer Service
Preferred: Budget race final peace.","DevOps, TensorFlow, Python, Spark, Agile, Customer Service",Cybersecurity,cybersecurity,['cybersecurity']
J00970,Cloud Engineer,Data Science,Remote,"Loweborough, Niue",IT,Part time,"We are hiring a QA Engineer to join our Data Science team.
Responsibilities: Role sure above whom interest future meet reach test.
Required skills: Node.js, NLP, React, Content Writing, Big Data, Clinical Research, Solidity
Preferred: Information as until model purpose listen walk may worry long.","Node.js, NLP, React, Content Writing, Big Data, Clinical Research, Solidity",Data Science,data science,"['data', 'science']"
J00971,Business Analyst,Cybersecurity,Remote,"Mariaborough, Timor-Leste",Engineering,Internship,"We are hiring a Product Manager to join our Cybersecurity team.
Responsibilities: Event this anything him character how manage interest soon themselves organization speak sometimes.
Required skills: PyTorch, Customer Service, Cybersecurity
Preferred: Million pretty hold people standard plan win season.","PyTorch, Customer Service, Cybersecurity",Cybersecurity,cybersecurity,['cybersecurity']
J00972,AI Researcher,Product,Remote,"Michaelbury, Falkland Islands (Malvinas)",R&D,Full time,"We are hiring a DevOps Engineer to join our Product team.
Responsibilities: Trade tell positive response can age hair kind college positive next evening story.
Required skills: SQL, Scikit-learn, Python, HR, Pandas, NLP
Preferred: Particularly fire dinner perhaps four agree kid spring evidence term.","SQL, Scikit-learn, Python, HR, Pandas, NLP",Product,product,['product']
J00973,Mobile Developer,Cybersecurity,Hybrid,"Port Tammyhaven, Albania",Engineering,Contract,"We are hiring a Full Stack Developer to join our Cybersecurity team.
Responsibilities: Director democratic role head idea country return building imagine here wish modern.
Required skills: Communications, React, Computer Vision, Kubernetes
Preferred: Specific ahead determine decade whose then beautiful.","Communications, React, Computer Vision, Kubernetes",Cybersecurity,cybersecurity,['cybersecurity']
J00974,Software Engineer,Blockchain,Remote,"Lake Nicholeborough, Christmas Island",Marketing,Contract,"We are hiring a Cloud Engineer to join our Blockchain team.
Responsibilities: Stuff fire animal scene center guess discover mouth place it dark.
Required skills: Product Management, Clinical Research, Computer Vision
Preferred: Under level positive entire work small too.","Product Management, Clinical Research, Computer Vision",Blockchain,blockchain,['blockchain']
J00975,Product Manager,IoT,Remote,"Reesebury, Cuba",Operations,Full time,"We are hiring a Security Analyst to join our IoT team.
Responsibilities: Tough cultural six people enough friend chair approach western.
Required skills: Cybersecurity, Agile, IoT, Clinical Research, Deep Learning, Business Analysis, Finance
Preferred: Exist staff apply become condition majority and sound body them.","Cybersecurity, Agile, IoT, Clinical Research, Deep Learning, Business Analysis, Finance",IoT,iot,['iot']
J00976,QA Engineer,Product,Hybrid,"Dannyport, Maldives",Marketing,Part time,"We are hiring a Software Engineer to join our Product team.
Responsibilities: Option left not light million yet tell against beautiful edge threat.
Required skills: Scala, Azure, GCP, Scrum, Microservices, Excel, Rust
Preferred: Television he relationship list operation talk age speak gas.","Scala, Azure, GCP, Scrum, Microservices, Excel, Rust",Product,product,['product']
J00977,Mobile Developer,Cybersecurity,Onsite,"South Anthony, Senegal",Engineering,Full time,"We are hiring a Business Analyst to join our Cybersecurity team.
Responsibilities: Ahead idea month free series art be suffer record quite build civil consumer third.
Required skills: Penetration Testing, Flask, R, Excel, Angular, Clinical Research, MongoDB
Preferred: Two television now camera man effect our open.","Penetration Testing, Flask, R, Excel, Angular, Clinical Research, MongoDB",Cybersecurity,cybersecurity,['cybersecurity']
J00978,DevOps Engineer,Data Science,Hybrid,"Susanville, Reunion",R&D,Internship,"We are hiring a Business Analyst to join our Data Science team.
Responsibilities: Training eat in may across true measure without majority at.
Required skills: React, Excel, Django, Python
Preferred: Physical send suddenly guy though.","React, Excel, Django, Python",Data Science,data science,"['data', 'science']"
J00979,Software Engineer,AI/ML,Onsite,"Adamsfort, Argentina",Product,Contract,"We are hiring a Web Developer to join our AI/ML team.
Responsibilities: Month seven quite feeling most especially why south direction military shoulder leg item tend.
Required skills: CI/CD, TensorFlow, Flask, Docker
Preferred: Real account fact energy can continue around.","CI/CD, TensorFlow, Flask, Docker",AI/ML,ai ml,"['ai', 'ml']"
J00980,Data Scientist,IoT,Hybrid,"East Davidmouth, Micronesia",R&D,Full time,"We are hiring a DevOps Engineer to join our IoT team.
Responsibilities: Each production hope worry early way into season for person stock way yes thousand.
Required skills: TypeScript, Scikit-learn, Go, Pandas, Kubernetes, SEO, Product Management, CSS
Preferred: No occur firm score democratic customer control personal leave thought.","TypeScript, Scikit-learn, Go, Pandas, Kubernetes, SEO, Product Management, CSS",IoT,iot,['iot']
J00981,Full Stack Developer,HR,Hybrid,"Smithmouth, Cape Verde",R&D,Part time,"We are hiring a Data Engineer to join our HR team.
Responsibilities: People sit buy gun deal treatment also candidate way probably I cultural again.
Required skills: JavaScript, GCP, MongoDB
Preferred: State close early sure human enter about each key poor.","JavaScript, GCP, MongoDB",HR,hr,['hr']
J00982,Mobile Developer,Marketing,Remote,"Port Michaelton, Spain",Operations,Full time,"We are hiring a Cloud Engineer to join our Marketing team.
Responsibilities: Radio decade clear brother term physical ground behavior with.
Required skills: Scikit-learn, HR, Tableau, Figma
Preferred: Above factor customer professor mother record serve realize.","Scikit-learn, HR, Tableau, Figma",Marketing,marketing,['marketing']
J00983,AI Researcher,Blockchain,Remote,"Mahoneyberg, Sri Lanka",IT,Internship,"We are hiring a Security Analyst to join our Blockchain team.
Responsibilities: Feeling themselves site allow down whose travel get.
Required skills: HTML, Azure, Scikit-learn, MATLAB, NLP
Preferred: Explain large trip grow series magazine language daughter specific wait.","HTML, Azure, Scikit-learn, MATLAB, NLP",Blockchain,blockchain,['blockchain']
J00984,Data Engineer,HR,Onsite,"West Mariah, Greenland",IT,Contract,"We are hiring a AI Researcher to join our HR team.
Responsibilities: Door stop hear be church certainly question share that job ever capital.
Required skills: Python, Docker, UI/UX, CI/CD
Preferred: Test better gas that half level industry month.","Python, Docker, UI/UX, CI/CD",HR,hr,['hr']
J00985,Data Scientist,EdTech,Hybrid,"West Rebeccashire, Armenia",R&D,Full time,"We are hiring a Security Analyst to join our EdTech team.
Responsibilities: Approach message offer road system per suddenly energy maybe hold.
Required skills: Quality Assurance, Computer Vision, Rust, DevOps, Scikit-learn, Machine Learning
Preferred: Address remember family never one boy require foot.","Quality Assurance, Computer Vision, Rust, DevOps, Scikit-learn, Machine Learning",EdTech,edtech,['edtech']
J00986,QA Engineer,Web Development,Remote,"New Ashleyview, France",Product,Part time,"We are hiring a Data Engineer to join our Web Development team.
Responsibilities: Republican American true ago usually include us get good recently similar decision team.
Required skills: Machine Learning, Accounting, ETL, Penetration Testing, Azure, Django, Go, TypeScript
Preferred: Member teach meet Republican professional land simply feel should later.","Machine Learning, Accounting, ETL, Penetration Testing, Azure, Django, Go, TypeScript",Web Development,web development,"['web', 'development']"
J00987,Data Engineer,Product,Remote,"Peckview, Holy See (Vatican City State)",Engineering,Contract,"We are hiring a Product Manager to join our Product team.
Responsibilities: Them have these brother describe language surface say speech eat other past admit artist expect.
Required skills: Embedded Systems, MongoDB, Kubernetes, Blockchain, Solidity, Django, Flask, Deep Learning
Preferred: Throughout outside exist story notice say left enter.","Embedded Systems, MongoDB, Kubernetes, Blockchain, Solidity, Django, Flask, Deep Learning",Product,product,['product']
J00988,Business Analyst,Blockchain,Onsite,"South Ronaldborough, Philippines",IT,Contract,"We are hiring a Product Manager to join our Blockchain team.
Responsibilities: Game instead suddenly brother form only gas air collection late land perhaps social heart buy.
Required skills: MATLAB, Docker, Product Management
Preferred: Treat worry make quickly however culture.","MATLAB, Docker, Product Management",Blockchain,blockchain,['blockchain']
J00989,DevOps Engineer,HR,Remote,"West Lisaville, Puerto Rico",Marketing,Contract,"We are hiring a AI Researcher to join our HR team.
Responsibilities: Dark billion trade PM any fund whether from drive face green white thought guy itself cost.
Required skills: Blockchain, CI/CD, Solidity
Preferred: Interest next wide Democrat health wide.","Blockchain, CI/CD, Solidity",HR,hr,['hr']
J00990,Backend Developer,AI/ML,Remote,"Lyonschester, Israel",IT,Contract,"We are hiring a Security Analyst to join our AI/ML team.
Responsibilities: Approach star partner serve feeling sound oil air individual response family bag become treat quite.
Required skills: Docker, ETL, Quality Assurance, Spark, PostgreSQL
Preferred: Fly city personal often on development new thought sing pattern.","Docker, ETL, Quality Assurance, Spark, PostgreSQL",AI/ML,ai ml,"['ai', 'ml']"
J00991,AI Researcher,Blockchain,Remote,"Port Casey, Pitcairn Islands",Product,Contract,"We are hiring a DevOps Engineer to join our Blockchain team.
Responsibilities: Already office white military media go quickly woman almost head several culture bad.
Required skills: Big Data, HTML, DevOps, Clinical Research
Preferred: Hard daughter analysis image any.","Big Data, HTML, DevOps, Clinical Research",Blockchain,blockchain,['blockchain']
J00992,Data Engineer,HR,Remote,"Lake Erica, Dominica",Engineering,Internship,"We are hiring a DevOps Engineer to join our HR team.
Responsibilities: Wait item matter amount travel program threat myself player million.
Required skills: HTML, Scikit-learn, React, Blockchain, TensorFlow, Communications
Preferred: Nice past month exist voice.","HTML, Scikit-learn, React, Blockchain, TensorFlow, Communications",HR,hr,['hr']
J00993,AI Researcher,IoT,Onsite,"Port Katelynmouth, Jersey",Operations,Part time,"We are hiring a Software Engineer to join our IoT team.
Responsibilities: Eat think thing source school myself federal record control control she itself lose.
Required skills: TypeScript, Marketing, TensorFlow, Scrum, GIS
Preferred: Road including ever air leg next.","TypeScript, Marketing, TensorFlow, Scrum, GIS",IoT,iot,['iot']
J00994,Cloud Engineer,EdTech,Hybrid,"Port Troy, Swaziland",Product,Full time,"We are hiring a Backend Developer to join our EdTech team.
Responsibilities: Image kind size force behavior realize listen station few participant collection hold knowledge.
Required skills: R, Quality Assurance, Azure, Rust, Tableau, Computer Vision, Marketing, PyTorch
Preferred: Fill wear himself particular work.","R, Quality Assurance, Azure, Rust, Tableau, Computer Vision, Marketing, PyTorch",EdTech,edtech,['edtech']
J00995,DevOps Engineer,HR,Hybrid,"Johnmouth, Greenland",Product,Contract,"We are hiring a DevOps Engineer to join our HR team.
Responsibilities: Idea president cultural evidence walk phone society on action new north heart she.
Required skills: Medical Coding, Penetration Testing, MySQL, DevOps, CSS, Scrum, Microservices
Preferred: Home industry you mind when business worry consider cause sit.","Medical Coding, Penetration Testing, MySQL, DevOps, CSS, Scrum, Microservices",HR,hr,['hr']
J00996,Web Developer,DevOps,Remote,"East Elizabeth, Pakistan",Engineering,Part time,"We are hiring a Software Engineer to join our DevOps team.
Responsibilities: Window population entire nice case tough difficult debate magazine newspaper establish wonder push ask method man.
Required skills: Docker, Product Management, Rust, Microservices, DevOps
Preferred: Religious writer white many each up skin.","Docker, Product Management, Rust, Microservices, DevOps",DevOps,devops,['devops']
J00997,Data Scientist,Blockchain,Onsite,"Breannamouth, Peru",Operations,Internship,"We are hiring a AI Researcher to join our Blockchain team.
Responsibilities: Production prepare program so head song maybe no able though front sure capital how.
Required skills: Product Management, Go, Tableau
Preferred: Prepare end eight own Democrat increase difference level happen.","Product Management, Go, Tableau",Blockchain,blockchain,['blockchain']
J00998,Frontend Developer,Blockchain,Hybrid,"West Suzannestad, Congo",Operations,Internship,"We are hiring a Full Stack Developer to join our Blockchain team.
Responsibilities: Son concern article character wonder member kitchen lay between happy anything.
Required skills: Blockchain, Clinical Research, NoSQL, Tableau, Agile, Customer Service
Preferred: Bar off occur month provide price source impact.","Blockchain, Clinical Research, NoSQL, Tableau, Agile, Customer Service",Blockchain,blockchain,['blockchain']
J00999,Security Analyst,Blockchain,Hybrid,"East Jeffreyside, Ghana",Marketing,Contract,"We are hiring a QA Engineer to join our Blockchain team.
Responsibilities: Myself personal writer treatment strategy remember may.
Required skills: Agile, CSS, Product Management, Microservices, Communications, Cybersecurity, Accounting, NoSQL
Preferred: Together improve yet control majority opportunity respond single can.","Agile, CSS, Product Management, Microservices, Communications, Cybersecurity, Accounting, NoSQL",Blockchain,blockchain,['blockchain']
J01000,Software Engineer,Cloud,Remote,"New Cody, Iran",Product,Internship,"We are hiring a AI Researcher to join our Cloud team.
Responsibilities: Turn season measure wife say make although.
Required skills: Communications, JavaScript, MongoDB
Preferred: Camera bank environment learn stuff sing.","Communications, JavaScript, MongoDB",Cloud,cloud,['cloud']
J01001,Mobile Developer,Cybersecurity,Hybrid,"Bettychester, Guyana",Product,Full time,"We are hiring a Data Engineer to join our Cybersecurity team.
Responsibilities: Out free car affect conference pattern investment whatever soon democratic tough mean create fine test physical.
Required skills: Rust, Java, Medical Coding
Preferred: Rule score hand determine into action seem today within.","Rust, Java, Medical Coding",Cybersecurity,cybersecurity,['cybersecurity']
J01002,Security Analyst,E-commerce,Onsite,"South Andreamouth, France",Product,Contract,"We are hiring a DevOps Engineer to join our E-commerce team.
Responsibilities: Sound cut least executive language whom choice exist bar call example son.
Required skills: Node.js, Sales, PyTorch, Project Management, Cybersecurity
Preferred: Including in huge amount develop I.","Node.js, Sales, PyTorch, Project Management, Cybersecurity",E-commerce,e-commerce,['commerce']
J01003,Web Developer,Marketing,Remote,"Faulknermouth, Malawi",R&D,Internship,"We are hiring a QA Engineer to join our Marketing team.
Responsibilities: Industry certainly law forward change lead catch.
Required skills: Microservices, Java, Customer Service
Preferred: Purpose if through section century.","Microservices, Java, Customer Service",Marketing,marketing,['marketing']
J01004,Business Analyst,EdTech,Hybrid,"Danieltown, Tuvalu",R&D,Part time,"We are hiring a QA Engineer to join our EdTech team.
Responsibilities: Tough suddenly true type near among often five whatever significant will bar.
Required skills: NumPy, NoSQL, Node.js, Blockchain, Quality Assurance, Spark, GCP, MySQL
Preferred: Before him thank out special will half somebody off director.","NumPy, NoSQL, Node.js, Blockchain, Quality Assurance, Spark, GCP, MySQL",EdTech,edtech,['edtech']
J01005,Web Developer,HR,Remote,"North Crystal, Heard Island and McDonald Islands",Operations,Full time,"We are hiring a Product Manager to join our HR team.
Responsibilities: Morning safe red why that industry list argue kind father certainly.
Required skills: SEO, Pandas, ETL, Business Analysis
Preferred: Relationship dinner challenge computer raise.","SEO, Pandas, ETL, Business Analysis",HR,hr,['hr']
J01006,Backend Developer,Healthcare,Hybrid,"Bradymouth, Niue",Operations,Full time,"We are hiring a Product Manager to join our Healthcare team.
Responsibilities: School of central alone attention simple town follow fight mean single better.
Required skills: Marketing, DevOps, Customer Service, Medical Coding, Data Analysis, C++, SQL
Preferred: Determine expect simple rich difference indicate shake according lot sign.","Marketing, DevOps, Customer Service, Medical Coding, Data Analysis, C++, SQL",Healthcare,healthcare,['healthcare']
J01007,Mobile Developer,Web Development,Hybrid,"Jameston, Afghanistan",Product,Internship,"We are hiring a DevOps Engineer to join our Web Development team.
Responsibilities: Standard tonight build side enjoy late large policy chair skill action whom especially article standard.
Required skills: Figma, React, PyTorch, NumPy, Deep Learning, Cybersecurity, Recruitment
Preferred: Region them college together strong difference defense treat.","Figma, React, PyTorch, NumPy, Deep Learning, Cybersecurity, Recruitment",Web Development,web development,"['web', 'development']"
J01008,Mobile Developer,HR,Hybrid,"Davisside, Holy See (Vatican City State)",IT,Internship,"We are hiring a Web Developer to join our HR team.
Responsibilities: More law painting heart great behind weight door ready none air reduce.
Required skills: Product Management, MongoDB, Angular, Communications
Preferred: Rate return throughout operation similar.","Product Management, MongoDB, Angular, Communications",HR,hr,['hr']
J01009,QA Engineer,Blockchain,Onsite,"East Jennifer, Barbados",Operations,Part time,"We are hiring a Cloud Engineer to join our Blockchain team.
Responsibilities: Open yet heart poor agreement own staff reveal amount go response picture up thank.
Required skills: Tableau, GCP, Pandas, Quality Assurance, HTML, Django, SQL, Go
Preferred: Without free dark subject level professional.","Tableau, GCP, Pandas, Quality Assurance, HTML, Django, SQL, Go",Blockchain,blockchain,['blockchain']
J01010,Cloud Engineer,Blockchain,Remote,"Hancocktown, Morocco",IT,Full time,"We are hiring a Software Engineer to join our Blockchain team.
Responsibilities: Hot thank light thing fly chair walk consumer book product civil.
Required skills: Finance, Recruitment, Scikit-learn, Communications, Sales, Project Management
Preferred: Set within store price skin.","Finance, Recruitment, Scikit-learn, Communications, Sales, Project Management",Blockchain,blockchain,['blockchain']
J01011,Business Analyst,HR,Remote,"North Annhaven, Tokelau",Engineering,Internship,"We are hiring a AI Researcher to join our HR team.
Responsibilities: Science ago paper vote detail stuff onto.
Required skills: Docker, Azure, Figma, Flask, HR
Preferred: Operation such about new president.","Docker, Azure, Figma, Flask, HR",HR,hr,['hr']
J01012,Web Developer,Web Development,Remote,"North Monicaberg, Luxembourg",Product,Contract,"We are hiring a Backend Developer to join our Web Development team.
Responsibilities: Project month general such property real left statement surface size be provide less.
Required skills: Scala, Azure, AWS, SQL, Flask, Excel, Angular, Scikit-learn
Preferred: Media thing beyond none interview prevent same training.","Scala, Azure, AWS, SQL, Flask, Excel, Angular, Scikit-learn",Web Development,web development,"['web', 'development']"
J01013,Frontend Developer,DevOps,Hybrid,"Ryanfort, Korea",Engineering,Part time,"We are hiring a QA Engineer to join our DevOps team.
Responsibilities: Player which gun receive none born or cold already tend.
Required skills: NumPy, Content Writing, SQL, ETL
Preferred: Wife happy drive until street value.","NumPy, Content Writing, SQL, ETL",DevOps,devops,['devops']
J01014,Cloud Engineer,Web Development,Onsite,"Robleshaven, Slovenia",Marketing,Internship,"We are hiring a AI Researcher to join our Web Development team.
Responsibilities: Company and many black level enter special modern police country must necessary room majority market meeting.
Required skills: Go, NLP, Tableau, React, AWS, CSS
Preferred: Material parent health world up project war.","Go, NLP, Tableau, React, AWS, CSS",Web Development,web development,"['web', 'development']"
J01015,DevOps Engineer,Cybersecurity,Hybrid,"Javierbury, Holy See (Vatican City State)",Product,Internship,"We are hiring a Data Engineer to join our Cybersecurity team.
Responsibilities: Page opportunity seem concern certain already bag customer recent throughout international official chance.
Required skills: Flask, Scala, Solidity, Angular, SQL, Node.js, Power BI, Redis
Preferred: Born become inside one country hard question defense baby.","Flask, Scala, Solidity, Angular, SQL, Node.js, Power BI, Redis",Cybersecurity,cybersecurity,['cybersecurity']
J01016,Business Analyst,HR,Hybrid,"Hawkinston, Gibraltar",Marketing,Part time,"We are hiring a Data Scientist to join our HR team.
Responsibilities: Morning middle scene situation hear dog successful concern ready apply our everybody nature.
Required skills: TypeScript, Microservices, PyTorch, React, Flask, HR, CI/CD, HTML
Preferred: Effect mean box next idea take operation face happy.","TypeScript, Microservices, PyTorch, React, Flask, HR, CI/CD, HTML",HR,hr,['hr']
J01017,Security Analyst,DevOps,Onsite,"Hallburgh, South Georgia and the South Sandwich Islands",Engineering,Internship,"We are hiring a Data Scientist to join our DevOps team.
Responsibilities: Case determine key least issue town account each prepare.
Required skills: Product Management, Accounting, DevOps, Figma, Scikit-learn
Preferred: Health serve possible first whole realize manager lot suddenly.","Product Management, Accounting, DevOps, Figma, Scikit-learn",DevOps,devops,['devops']
J01018,DevOps Engineer,Healthcare,Onsite,"South Kevinland, United States Virgin Islands",Marketing,Contract,"We are hiring a QA Engineer to join our Healthcare team.
Responsibilities: Protect deep political deal easy understand baby ready manager.
Required skills: Solidity, NLP, GCP, IoT, Customer Service, Azure
Preferred: Tax cell why citizen peace.","Solidity, NLP, GCP, IoT, Customer Service, Azure",Healthcare,healthcare,['healthcare']
J01019,Data Scientist,Blockchain,Remote,"Lake Kristinfurt, Nauru",Engineering,Contract,"We are hiring a Software Engineer to join our Blockchain team.
Responsibilities: Late good individual think either current beyond movie three social with southern.
Required skills: MATLAB, Django, CSS
Preferred: Firm admit of evening similar often trouble entire blood skill.","MATLAB, Django, CSS",Blockchain,blockchain,['blockchain']
J01020,Mobile Developer,DevOps,Hybrid,"North Kevinfort, Slovakia (Slovak Republic)",Operations,Part time,"We are hiring a Full Stack Developer to join our DevOps team.
Responsibilities: Listen performance give success change TV ability surface son measure theory past particularly visit political degree.
Required skills: Solidity, Computer Vision, Figma, IoT
Preferred: Several television only hard wife fly.","Solidity, Computer Vision, Figma, IoT",DevOps,devops,['devops']
J01021,Data Engineer,Healthcare,Onsite,"Lauraland, Bolivia",IT,Contract,"We are hiring a Cloud Engineer to join our Healthcare team.
Responsibilities: Foot material talk federal hard apply begin within.
Required skills: Tableau, Communications, MySQL
Preferred: Experience usually reach his few wait training exist.","Tableau, Communications, MySQL",Healthcare,healthcare,['healthcare']
J01022,Full Stack Developer,DevOps,Remote,"North Rhonda, British Virgin Islands",R&D,Part time,"We are hiring a Mobile Developer to join our DevOps team.
Responsibilities: Game economy hope remember college professional now about student bar.
Required skills: HR, MySQL, Scikit-learn, PyTorch, JavaScript
Preferred: Early far everybody him artist weight person future unit.","HR, MySQL, Scikit-learn, PyTorch, JavaScript",DevOps,devops,['devops']
J01023,Data Engineer,IoT,Hybrid,"Jenningston, Israel",Operations,Part time,"We are hiring a DevOps Engineer to join our IoT team.
Responsibilities: Someone economic number table baby kid yet.
Required skills: R, C++, Data Analysis, Hadoop, PostgreSQL, Flask, UI/UX, Embedded Systems
Preferred: Board couple card employee several be concern tree.","R, C++, Data Analysis, Hadoop, PostgreSQL, Flask, UI/UX, Embedded Systems",IoT,iot,['iot']
J01024,Data Scientist,EdTech,Onsite,"West Cynthia, Libyan Arab Jamahiriya",R&D,Contract,"We are hiring a Data Engineer to join our EdTech team.
Responsibilities: Human him among parent job professor beat rule traditional especially court purpose.
Required skills: Figma, Sales, Docker, Penetration Testing, Node.js, Scrum, TypeScript, Cybersecurity
Preferred: Hot room activity military wonder others TV forget issue.","Figma, Sales, Docker, Penetration Testing, Node.js, Scrum, TypeScript, Cybersecurity",EdTech,edtech,['edtech']
J01025,Security Analyst,AI/ML,Hybrid,"Andreamouth, Oman",IT,Internship,"We are hiring a Software Engineer to join our AI/ML team.
Responsibilities: Between health list color arrive forget scene fight condition beat once break rate practice civil old.
Required skills: Kubernetes, Pandas, Rust, Docker
Preferred: Establish both body according base spring which really however officer.","Kubernetes, Pandas, Rust, Docker",AI/ML,ai ml,"['ai', 'ml']"
J01026,Business Analyst,Marketing,Onsite,"New David, Timor-Leste",Engineering,Internship,"We are hiring a DevOps Engineer to join our Marketing team.
Responsibilities: Include child town stock star air late three charge.
Required skills: Python, Power BI, Business Analysis, CI/CD
Preferred: Total position reduce job woman message minute idea person myself real.","Python, Power BI, Business Analysis, CI/CD",Marketing,marketing,['marketing']
J01027,Security Analyst,Cloud,Hybrid,"South Jacob, South Georgia and the South Sandwich Islands",Engineering,Internship,"We are hiring a Backend Developer to join our Cloud team.
Responsibilities: By product lead property we weight tree fine event police buy training finish somebody rest nice.
Required skills: Machine Learning, DevOps, Blockchain
Preferred: Throughout better article fire case.","Machine Learning, DevOps, Blockchain",Cloud,cloud,['cloud']
J01028,Full Stack Developer,Cybersecurity,Onsite,"West Richardside, Seychelles",IT,Full time,"We are hiring a AI Researcher to join our Cybersecurity team.
Responsibilities: Thought dog consumer economy resource actually by thing theory.
Required skills: CI/CD, Medical Coding, Accounting, Product Management, Blockchain, Kubernetes
Preferred: House wall live bank drug sister act.","CI/CD, Medical Coding, Accounting, Product Management, Blockchain, Kubernetes",Cybersecurity,cybersecurity,['cybersecurity']
J01029,Software Engineer,Cybersecurity,Onsite,"West John, Syrian Arab Republic",Operations,Internship,"We are hiring a Software Engineer to join our Cybersecurity team.
Responsibilities: City Mr kid always large his financial care try cup year.
Required skills: PostgreSQL, Clinical Research, Machine Learning, Angular, Kubernetes
Preferred: Seem management relationship tonight remain travel few will red time.","PostgreSQL, Clinical Research, Machine Learning, Angular, Kubernetes",Cybersecurity,cybersecurity,['cybersecurity']
J01030,Web Developer,Blockchain,Remote,"Tuckerberg, Belarus",Marketing,Full time,"We are hiring a Frontend Developer to join our Blockchain team.
Responsibilities: Large full soldier successful appear drop despite.
Required skills: Clinical Research, Scrum, Agile
Preferred: Think have authority reach sport.","Clinical Research, Scrum, Agile",Blockchain,blockchain,['blockchain']
J01031,Product Manager,Data Science,Remote,"Levyberg, Finland",R&D,Full time,"We are hiring a Web Developer to join our Data Science team.
Responsibilities: Source case everybody it eye ask seat project mother provide order magazine such sell.
Required skills: Penetration Testing, TypeScript, Project Management, Recruitment, IoT, Tableau, Figma, Node.js
Preferred: Ok five continue new billion necessary some.","Penetration Testing, TypeScript, Project Management, Recruitment, IoT, Tableau, Figma, Node.js",Data Science,data science,"['data', 'science']"
J01032,Data Engineer,E-commerce,Hybrid,"South Deborah, Paraguay",IT,Full time,"We are hiring a DevOps Engineer to join our E-commerce team.
Responsibilities: Coach strong near interview again this scene always Congress then good trial significant discuss minute own.
Required skills: Communications, Django, Java, Machine Learning
Preferred: Dog star rise race or purpose practice five fine life.","Communications, Django, Java, Machine Learning",E-commerce,e-commerce,['commerce']
J01033,Business Analyst,FinTech,Hybrid,"West Adamfort, Timor-Leste",Operations,Contract,"We are hiring a Security Analyst to join our FinTech team.
Responsibilities: Many heart rich necessary similar father executive.
Required skills: NLP, Flask, Big Data, Machine Learning, CSS, Redis, Communications, Sales
Preferred: Participant society human site lay mean region increase shoulder down.","NLP, Flask, Big Data, Machine Learning, CSS, Redis, Communications, Sales",FinTech,fintech,['fintech']
J01034,Software Engineer,DevOps,Remote,"Port Markshire, Guinea-Bissau",IT,Contract,"We are hiring a Mobile Developer to join our DevOps team.
Responsibilities: Particularly statement need science everyone commercial too old.
Required skills: Clinical Research, Scala, Accounting
Preferred: Beyond stage station remain score partner go benefit.","Clinical Research, Scala, Accounting",DevOps,devops,['devops']
J01035,QA Engineer,EdTech,Remote,"Clarkstad, Bouvet Island (Bouvetoya)",IT,Internship,"We are hiring a Full Stack Developer to join our EdTech team.
Responsibilities: Ago improve final blue discover team use director.
Required skills: CI/CD, Deep Learning, Node.js, Scikit-learn, HR, Blockchain
Preferred: Safe act table safe edge make market TV.","CI/CD, Deep Learning, Node.js, Scikit-learn, HR, Blockchain",EdTech,edtech,['edtech']
J01036,Backend Developer,Marketing,Remote,"East John, Burkina Faso",Operations,Internship,"We are hiring a Cloud Engineer to join our Marketing team.
Responsibilities: Term main maybe special than when year cup what question describe stay born.
Required skills: Go, Rust, Accounting, Embedded Systems, SEO, Figma, Microservices
Preferred: Bag as society money performance rise seek government team push.","Go, Rust, Accounting, Embedded Systems, SEO, Figma, Microservices",Marketing,marketing,['marketing']
J01037,Cloud Engineer,AI/ML,Remote,"Natalieville, Barbados",Marketing,Internship,"We are hiring a DevOps Engineer to join our AI/ML team.
Responsibilities: Kid first ok each task through design because paper.
Required skills: NLP, Penetration Testing, Agile
Preferred: Draw write today you mean class.","NLP, Penetration Testing, Agile",AI/ML,ai ml,"['ai', 'ml']"
J01038,Frontend Developer,Web Development,Remote,"North Lisa, Saint Martin",Product,Full time,"We are hiring a QA Engineer to join our Web Development team.
Responsibilities: Sit ok else store ago sport mouth meeting affect relate fear weight.
Required skills: NumPy, PyTorch, Azure, Django
Preferred: Quality truth can may fight.","NumPy, PyTorch, Azure, Django",Web Development,web development,"['web', 'development']"
J01039,Product Manager,EdTech,Onsite,"Andrewland, Kiribati",IT,Full time,"We are hiring a Full Stack Developer to join our EdTech team.
Responsibilities: Care energy institution interesting nearly mouth political.
Required skills: Power BI, Penetration Testing, NoSQL, Spark, Clinical Research
Preferred: Court service example paper long trip action professor while evidence popular.","Power BI, Penetration Testing, NoSQL, Spark, Clinical Research",EdTech,edtech,['edtech']
J01040,Product Manager,Healthcare,Onsite,"Scottborough, Gambia",Product,Internship,"We are hiring a Business Analyst to join our Healthcare team.
Responsibilities: Can analysis guess that source family house assume pick book business.
Required skills: Python, TensorFlow, SEO
Preferred: Hand whether lay field another line wish chair.","Python, TensorFlow, SEO",Healthcare,healthcare,['healthcare']
J01041,Data Engineer,Blockchain,Remote,"Lake Jesse, Guinea-Bissau",IT,Internship,"We are hiring a Security Analyst to join our Blockchain team.
Responsibilities: Sense yet less prevent major some baby mission share through nice old market.
Required skills: Communications, Tableau, Sales, ETL, Recruitment, IoT, Big Data, NLP
Preferred: Town statement make live just he as matter let baby.","Communications, Tableau, Sales, ETL, Recruitment, IoT, Big Data, NLP",Blockchain,blockchain,['blockchain']
J01042,Full Stack Developer,Cybersecurity,Remote,"New Amanda, Martinique",IT,Part time,"We are hiring a Data Scientist to join our Cybersecurity team.
Responsibilities: Development lead player claim everyone live although guess only five school improve member stock population.
Required skills: AWS, PostgreSQL, Agile, Quality Assurance, C++, Marketing, Redis, Figma
Preferred: Stock development box new rate material window price single.","AWS, PostgreSQL, Agile, Quality Assurance, C++, Marketing, Redis, Figma",Cybersecurity,cybersecurity,['cybersecurity']
J01043,Software Engineer,Web Development,Hybrid,"East Connieville, Guernsey",Marketing,Internship,"We are hiring a DevOps Engineer to join our Web Development team.
Responsibilities: Source member people trade black worker point draw hospital cell gun everything figure course.
Required skills: Blockchain, NoSQL, Clinical Research, Content Writing, Node.js, Finance, HR
Preferred: On large purpose first all improve might.","Blockchain, NoSQL, Clinical Research, Content Writing, Node.js, Finance, HR",Web Development,web development,"['web', 'development']"
J01044,Data Scientist,IoT,Remote,"Mosleytown, Burundi",Product,Internship,"We are hiring a Software Engineer to join our IoT team.
Responsibilities: School white avoid great learn prevent control.
Required skills: Penetration Testing, DevOps, Project Management, JavaScript, GCP, Cybersecurity, Finance
Preferred: Grow power rest sense purpose environment view support.","Penetration Testing, DevOps, Project Management, JavaScript, GCP, Cybersecurity, Finance",IoT,iot,['iot']
J01045,Cloud Engineer,EdTech,Onsite,"Blakehaven, Russian Federation",Product,Part time,"We are hiring a Software Engineer to join our EdTech team.
Responsibilities: Quality lay recognize me moment will onto theory popular today career wind black understand science lay.
Required skills: Go, Django, Finance, Marketing
Preferred: Quickly across everyone shoulder peace manager.","Go, Django, Finance, Marketing",EdTech,edtech,['edtech']
J01046,Security Analyst,E-commerce,Onsite,"North Kimberlyport, Iraq",Product,Contract,"We are hiring a Backend Developer to join our E-commerce team.
Responsibilities: Read happen man realize throughout evidence wall age.
Required skills: Hadoop, Go, GIS, Clinical Research, Agile
Preferred: Necessary impact bank industry week chance item.","Hadoop, Go, GIS, Clinical Research, Agile",E-commerce,e-commerce,['commerce']
J01047,Full Stack Developer,AI/ML,Onsite,"Kevinfort, Bahamas",Engineering,Internship,"We are hiring a Frontend Developer to join our AI/ML team.
Responsibilities: None increase bank source woman maybe letter add drug for since.
Required skills: Redis, ETL, Agile, MySQL, Hadoop, DevOps
Preferred: Process difference senior less care style process.","Redis, ETL, Agile, MySQL, Hadoop, DevOps",AI/ML,ai ml,"['ai', 'ml']"
J01048,Frontend Developer,Product,Remote,"Sandovalview, Netherlands Antilles",Operations,Internship,"We are hiring a Web Developer to join our Product team.
Responsibilities: Senior police arm something dinner work sort kind.
Required skills: Solidity, Clinical Research, Redis
Preferred: There matter operation central identify of exist against talk building.","Solidity, Clinical Research, Redis",Product,product,['product']
J01049,QA Engineer,Healthcare,Hybrid,"North Christopher, Japan",Operations,Part time,"We are hiring a DevOps Engineer to join our Healthcare team.
Responsibilities: Each easy sport two ready spring best skin coach happen ball.
Required skills: Recruitment, Spark, DevOps, NoSQL, Marketing, MySQL, C++
Preferred: Arm early drug serve establish rock choice thousand south.","Recruitment, Spark, DevOps, NoSQL, Marketing, MySQL, C++",Healthcare,healthcare,['healthcare']
J01050,Frontend Developer,Cloud,Hybrid,"Phillipsmouth, Cote d'Ivoire",IT,Part time,"We are hiring a Frontend Developer to join our Cloud team.
Responsibilities: Catch before power choice but start election PM box structure too policy.
Required skills: GCP, Agile, MATLAB, SEO
Preferred: Here major easy I on.","GCP, Agile, MATLAB, SEO",Cloud,cloud,['cloud']
J01051,QA Engineer,HR,Hybrid,"Port Antonioberg, Christmas Island",IT,Part time,"We are hiring a Data Scientist to join our HR team.
Responsibilities: Within finally clearly ten six just worry each.
Required skills: Rust, Scala, NoSQL, Computer Vision, Redis, Django, Data Analysis, Java
Preferred: Staff night prove firm interesting buy important white.","Rust, Scala, NoSQL, Computer Vision, Redis, Django, Data Analysis, Java",HR,hr,['hr']
J01052,Cloud Engineer,Cybersecurity,Onsite,"Elizabethshire, Saint Barthelemy",Operations,Contract,"We are hiring a AI Researcher to join our Cybersecurity team.
Responsibilities: Find same including reduce move surface forget decide shake you first will husband camera political hard.
Required skills: Angular, Pandas, Excel, Azure, Clinical Research, Project Management, ETL, Scala
Preferred: Blood surface oil system financial all sometimes card girl have.","Angular, Pandas, Excel, Azure, Clinical Research, Project Management, ETL, Scala",Cybersecurity,cybersecurity,['cybersecurity']
J01053,Data Scientist,Data Science,Onsite,"Port Michael, Azerbaijan",Product,Contract,"We are hiring a Data Engineer to join our Data Science team.
Responsibilities: We say pick then commercial military from unit many animal.
Required skills: Accounting, Quality Assurance, Scikit-learn, AWS, Redis
Preferred: Respond meet one think piece late deep else so.","Accounting, Quality Assurance, Scikit-learn, AWS, Redis",Data Science,data science,"['data', 'science']"
J01054,Data Engineer,Data Science,Remote,"Rhondastad, Cocos (Keeling) Islands",R&D,Internship,"We are hiring a Software Engineer to join our Data Science team.
Responsibilities: Region list major education single event hospital some early fill executive.
Required skills: Penetration Testing, Kubernetes, PyTorch, DevOps, Clinical Research
Preferred: Any across nothing them under.","Penetration Testing, Kubernetes, PyTorch, DevOps, Clinical Research",Data Science,data science,"['data', 'science']"
J01055,Security Analyst,Marketing,Onsite,"Evanschester, Brunei Darussalam",Marketing,Contract,"We are hiring a Cloud Engineer to join our Marketing team.
Responsibilities: Hair half debate leg direction though young goal prepare face source again beyond building.
Required skills: Pandas, JavaScript, Finance, Agile
Preferred: Agency church guess special government cup itself.","Pandas, JavaScript, Finance, Agile",Marketing,marketing,['marketing']
J01056,QA Engineer,Blockchain,Remote,"Port Ryanshire, Syrian Arab Republic",Marketing,Part time,"We are hiring a Software Engineer to join our Blockchain team.
Responsibilities: Take sport center place education all nor however carry protect throughout bit local cut rate similar.
Required skills: Quality Assurance, Scrum, Accounting, Python, GIS
Preferred: Capital arrive stay see without since.","Quality Assurance, Scrum, Accounting, Python, GIS",Blockchain,blockchain,['blockchain']
J01057,AI Researcher,IoT,Onsite,"Johnhaven, Vietnam",IT,Part time,"We are hiring a Software Engineer to join our IoT team.
Responsibilities: Else environment choice news group rate drug before surface option enough increase energy unit fill.
Required skills: Product Management, IoT, ETL, HTML, MySQL
Preferred: Represent government lead medical break large cover body.","Product Management, IoT, ETL, HTML, MySQL",IoT,iot,['iot']
J01058,Data Scientist,Cybersecurity,Remote,"Erinberg, Kazakhstan",Product,Part time,"We are hiring a Cloud Engineer to join our Cybersecurity team.
Responsibilities: More car certain radio total claim outside decade.
Required skills: DevOps, Embedded Systems, IoT
Preferred: Little bill impact staff report short.","DevOps, Embedded Systems, IoT",Cybersecurity,cybersecurity,['cybersecurity']
J01059,Web Developer,FinTech,Remote,"Tiffanyview, Saint Lucia",Product,Contract,"We are hiring a Cloud Engineer to join our FinTech team.
Responsibilities: From hand ball need discuss bag but administration according career thank capital responsibility.
Required skills: Django, TensorFlow, AWS, Redis, HTML, Big Data
Preferred: Also simple factor player onto college.","Django, TensorFlow, AWS, Redis, HTML, Big Data",FinTech,fintech,['fintech']
J01060,Data Engineer,Product,Hybrid,"South Kimberly, United Arab Emirates",Engineering,Full time,"We are hiring a Business Analyst to join our Product team.
Responsibilities: Make some consumer person five enter treat director police they cover skin resource.
Required skills: Data Analysis, C++, ETL, CI/CD, Recruitment, SEO, MATLAB, Solidity
Preferred: White part show official bag when build activity here majority.","Data Analysis, C++, ETL, CI/CD, Recruitment, SEO, MATLAB, Solidity",Product,product,['product']
J01061,Backend Developer,EdTech,Onsite,"North Jonathan, Uganda",IT,Internship,"We are hiring a Software Engineer to join our EdTech team.
Responsibilities: Phone west recent history theory project him so story describe market guess ground eat wide green.
Required skills: Business Analysis, PyTorch, Clinical Research, MongoDB, Penetration Testing, GCP, Flask, NLP
Preferred: Night nice assume law.","Business Analysis, PyTorch, Clinical Research, MongoDB, Penetration Testing, GCP, Flask, NLP",EdTech,edtech,['edtech']
J01062,DevOps Engineer,Data Science,Remote,"Lake Lisastad, Austria",Marketing,Internship,"We are hiring a Data Scientist to join our Data Science team.
Responsibilities: Performance subject level sure toward black candidate live cover water walk score military appear.
Required skills: MySQL, HTML, AWS, ETL, JavaScript, Business Analysis
Preferred: Range law treatment health police time.","MySQL, HTML, AWS, ETL, JavaScript, Business Analysis",Data Science,data science,"['data', 'science']"
J01063,AI Researcher,Blockchain,Remote,"New Edwardside, Saint Barthelemy",IT,Internship,"We are hiring a Full Stack Developer to join our Blockchain team.
Responsibilities: A arrive character agree pretty local the.
Required skills: Django, GIS, MongoDB, Content Writing
Preferred: Mission suddenly wish girl early you.","Django, GIS, MongoDB, Content Writing",Blockchain,blockchain,['blockchain']
J01064,QA Engineer,E-commerce,Remote,"Ashleyton, Bulgaria",Engineering,Part time,"We are hiring a Data Scientist to join our E-commerce team.
Responsibilities: Decide spend specific trade throw might let go least knowledge.
Required skills: CSS, TensorFlow, Scala, Flask
Preferred: Ahead cold add very moment arm its able painting voice let.","CSS, TensorFlow, Scala, Flask",E-commerce,e-commerce,['commerce']
J01065,Cloud Engineer,DevOps,Remote,"East Stephanieview, British Virgin Islands",R&D,Full time,"We are hiring a Cloud Engineer to join our DevOps team.
Responsibilities: Usually another message national management glass red machine future must.
Required skills: Agile, Sales, Medical Coding, Data Analysis
Preferred: Onto offer best friend.","Agile, Sales, Medical Coding, Data Analysis",DevOps,devops,['devops']
J01066,Full Stack Developer,Web Development,Hybrid,"Christinemouth, Christmas Island",Engineering,Contract,"We are hiring a QA Engineer to join our Web Development team.
Responsibilities: Hospital perform quality campaign concern investment fund music by short.
Required skills: PostgreSQL, Marketing, Finance, HR
Preferred: Always soldier try prepare establish product.","PostgreSQL, Marketing, Finance, HR",Web Development,web development,"['web', 'development']"
J01067,Frontend Developer,E-commerce,Onsite,"Lake Stephanieview, United States of America",Product,Part time,"We are hiring a Mobile Developer to join our E-commerce team.
Responsibilities: Certainly main history production upon painting cut off expert international these way sell.
Required skills: Product Management, Java, HR, Content Writing, PyTorch, Excel
Preferred: Last why kid thus nice theory information member.","Product Management, Java, HR, Content Writing, PyTorch, Excel",E-commerce,e-commerce,['commerce']
J01068,Cloud Engineer,HR,Hybrid,"Amandamouth, Faroe Islands",Marketing,Internship,"We are hiring a Data Engineer to join our HR team.
Responsibilities: Away seem area population visit leader character investment wear mean person president last particularly first lawyer.
Required skills: Docker, Angular, MongoDB, Cybersecurity, JavaScript, Quality Assurance, Deep Learning, Medical Coding
Preferred: Authority civil offer these body.","Docker, Angular, MongoDB, Cybersecurity, JavaScript, Quality Assurance, Deep Learning, Medical Coding",HR,hr,['hr']
J01069,DevOps Engineer,Data Science,Hybrid,"Michaelhaven, Cameroon",Product,Contract,"We are hiring a Software Engineer to join our Data Science team.
Responsibilities: Word worry just address key fall lot operation home attention meeting.
Required skills: React, Microservices, SQL, TypeScript, NoSQL, Scikit-learn
Preferred: Health skill condition it recently operation series street similar.","React, Microservices, SQL, TypeScript, NoSQL, Scikit-learn",Data Science,data science,"['data', 'science']"
J01070,Mobile Developer,Data Science,Onsite,"Lake Tanya, Saint Kitts and Nevis",Engineering,Contract,"We are hiring a Data Engineer to join our Data Science team.
Responsibilities: Like decade garden many cell hope low continue authority.
Required skills: C++, NLP, Customer Service, Django, GIS, Scikit-learn, Hadoop
Preferred: Above need game process television give only.","C++, NLP, Customer Service, Django, GIS, Scikit-learn, Hadoop",Data Science,data science,"['data', 'science']"
J01071,Web Developer,Marketing,Onsite,"Jimport, Cocos (Keeling) Islands",Engineering,Part time,"We are hiring a Mobile Developer to join our Marketing team.
Responsibilities: Simply herself according music rich a their true specific defense president animal.
Required skills: Marketing, MySQL, Embedded Systems, Finance, Data Analysis, Accounting, Tableau, Project Management
Preferred: Air top environmental start wish start.","Marketing, MySQL, Embedded Systems, Finance, Data Analysis, Accounting, Tableau, Project Management",Marketing,marketing,['marketing']
J01072,Data Engineer,Healthcare,Onsite,"Morganborough, Brunei Darussalam",R&D,Contract,"We are hiring a Backend Developer to join our Healthcare team.
Responsibilities: Middle its view environment three own teacher tend sort staff agree marriage analysis analysis material voice.
Required skills: GCP, Blockchain, Product Management, Embedded Systems, CI/CD
Preferred: Story skin easy knowledge year.","GCP, Blockchain, Product Management, Embedded Systems, CI/CD",Healthcare,healthcare,['healthcare']
J01073,AI Researcher,Cloud,Hybrid,"Jessicaland, Saint Lucia",Engineering,Internship,"We are hiring a Security Analyst to join our Cloud team.
Responsibilities: Yeah through exist hold join produce PM summer high mean reflect job themselves trade.
Required skills: Scrum, MATLAB, Kubernetes, Node.js
Preferred: Remain son strategy school effort hear maybe investment model.","Scrum, MATLAB, Kubernetes, Node.js",Cloud,cloud,['cloud']
J01074,Cloud Engineer,FinTech,Hybrid,"Kathleenfort, Gambia",R&D,Contract,"We are hiring a Frontend Developer to join our FinTech team.
Responsibilities: Ever major gun doctor as board safe me.
Required skills: Rust, Spark, PostgreSQL, MATLAB, PyTorch, Redis
Preferred: Community debate election occur bank claim day despite thank.","Rust, Spark, PostgreSQL, MATLAB, PyTorch, Redis",FinTech,fintech,['fintech']
J01075,Software Engineer,Web Development,Remote,"North Lee, Solomon Islands",Engineering,Contract,"We are hiring a Business Analyst to join our Web Development team.
Responsibilities: Add recognize but technology catch receive face.
Required skills: Node.js, Computer Vision, Scikit-learn
Preferred: Way else sister information type lot guy.","Node.js, Computer Vision, Scikit-learn",Web Development,web development,"['web', 'development']"
J01076,QA Engineer,Blockchain,Hybrid,"Danielmouth, Pakistan",Marketing,Full time,"We are hiring a Backend Developer to join our Blockchain team.
Responsibilities: Hospital father individual operation discover be better rate school have present man.
Required skills: Microservices, UI/UX, IoT
Preferred: Sell human head listen item husband edge win another.","Microservices, UI/UX, IoT",Blockchain,blockchain,['blockchain']
J01077,Full Stack Developer,AI/ML,Remote,"Davidhaven, Paraguay",Operations,Part time,"We are hiring a Frontend Developer to join our AI/ML team.
Responsibilities: Sure cause job forget fly continue make artist of Mr manager care.
Required skills: Customer Service, GCP, Power BI
Preferred: May you life federal every coach issue reach network realize.","Customer Service, GCP, Power BI",AI/ML,ai ml,"['ai', 'ml']"
J01078,AI Researcher,E-commerce,Hybrid,"Zamoraburgh, Nepal",Engineering,Contract,"We are hiring a Software Engineer to join our E-commerce team.
Responsibilities: Level quickly population it rate alone here look figure team it once early son because.
Required skills: Figma, Data Analysis, PostgreSQL, Angular
Preferred: Area become recent yourself star dream star.","Figma, Data Analysis, PostgreSQL, Angular",E-commerce,e-commerce,['commerce']
J01079,Web Developer,IoT,Remote,"North Sandrahaven, Estonia",R&D,Contract,"We are hiring a DevOps Engineer to join our IoT team.
Responsibilities: Hundred edge mother gas marriage he recent.
Required skills: Angular, PyTorch, Tableau, Blockchain
Preferred: Child hotel gas everybody include leader education lawyer.","Angular, PyTorch, Tableau, Blockchain",IoT,iot,['iot']
J01080,Software Engineer,Cloud,Onsite,"West Charles, Korea",R&D,Contract,"We are hiring a Backend Developer to join our Cloud team.
Responsibilities: They current maybe Republican become drop give however interest pay wind easy would space my.
Required skills: C++, Product Management, Hadoop, Flask
Preferred: Green those Mr professor attention president type force radio tough.","C++, Product Management, Hadoop, Flask",Cloud,cloud,['cloud']
J01081,Cloud Engineer,Marketing,Remote,"New Christinashire, Bouvet Island (Bouvetoya)",Product,Internship,"We are hiring a Web Developer to join our Marketing team.
Responsibilities: Can team various fill like region collection cultural soon range Mr case modern.
Required skills: MySQL, Penetration Testing, HTML, Python, Embedded Systems
Preferred: Student magazine operation course loss risk paper worry.","MySQL, Penetration Testing, HTML, Python, Embedded Systems",Marketing,marketing,['marketing']
J01082,Frontend Developer,E-commerce,Onsite,"Port Natalieberg, Palau",Engineering,Internship,"We are hiring a Product Manager to join our E-commerce team.
Responsibilities: Spend parent around skill per task scientist tell student could western lawyer beyond campaign.
Required skills: C++, Big Data, MATLAB, Scala, Tableau, R
Preferred: Pm occur plant together room him step spring.","C++, Big Data, MATLAB, Scala, Tableau, R",E-commerce,e-commerce,['commerce']
J01083,Backend Developer,E-commerce,Onsite,"Robertburgh, Canada",Marketing,Internship,"We are hiring a Software Engineer to join our E-commerce team.
Responsibilities: Behind from impact place dog deep question.
Required skills: React, Java, Cybersecurity
Preferred: Miss explain rule himself follow.","React, Java, Cybersecurity",E-commerce,e-commerce,['commerce']
J01084,Backend Developer,Blockchain,Hybrid,"West Alexiston, Norway",R&D,Part time,"We are hiring a Mobile Developer to join our Blockchain team.
Responsibilities: Finish war other money exist pull thus article this more couple way any evidence.
Required skills: Business Analysis, HTML, Recruitment, Tableau, PostgreSQL, Node.js, Solidity
Preferred: Service second defense term.","Business Analysis, HTML, Recruitment, Tableau, PostgreSQL, Node.js, Solidity",Blockchain,blockchain,['blockchain']
J01085,AI Researcher,FinTech,Remote,"New Brian, Myanmar",R&D,Internship,"We are hiring a Frontend Developer to join our FinTech team.
Responsibilities: Part letter cause establish few skin beat trade activity machine protect community question reflect drop.
Required skills: Business Analysis, SEO, CI/CD, NoSQL, Node.js, Recruitment, Tableau
Preferred: Series major picture determine job gas.","Business Analysis, SEO, CI/CD, NoSQL, Node.js, Recruitment, Tableau",FinTech,fintech,['fintech']
J01086,Business Analyst,Cybersecurity,Remote,"Sandersmouth, Brunei Darussalam",R&D,Part time,"We are hiring a Data Scientist to join our Cybersecurity team.
Responsibilities: Ground water front finally unit explain visit conference hope into fund raise oil.
Required skills: C++, SEO, Deep Learning, Sales
Preferred: Seat camera entire leg anything catch attention arrive politics debate.","C++, SEO, Deep Learning, Sales",Cybersecurity,cybersecurity,['cybersecurity']
J01087,Data Engineer,HR,Onsite,"Mariabury, North Macedonia",R&D,Full time,"We are hiring a DevOps Engineer to join our HR team.
Responsibilities: Notice join line take much party those mean through speech.
Required skills: Cybersecurity, Medical Coding, Django, Flask, Spark, Pandas, Machine Learning, Project Management
Preferred: Country relate strategy attorney capital ten ten determine try.","Cybersecurity, Medical Coding, Django, Flask, Spark, Pandas, Machine Learning, Project Management",HR,hr,['hr']
J01088,Full Stack Developer,EdTech,Remote,"East Valeriestad, Netherlands Antilles",Operations,Contract,"We are hiring a DevOps Engineer to join our EdTech team.
Responsibilities: Note skin fire property beautiful explain Congress smile become wait.
Required skills: Business Analysis, Quality Assurance, Sales, CI/CD, Communications, Redis, Finance
Preferred: Work almost unit hot president pull.","Business Analysis, Quality Assurance, Sales, CI/CD, Communications, Redis, Finance",EdTech,edtech,['edtech']
J01089,Web Developer,EdTech,Hybrid,"North Adamview, Syrian Arab Republic",Marketing,Full time,"We are hiring a Backend Developer to join our EdTech team.
Responsibilities: Couple economy democratic environment economy statement see nor some open education.
Required skills: Hadoop, Node.js, Azure, Communications, Penetration Testing, Machine Learning, Agile
Preferred: Real wonder remain place leg change.","Hadoop, Node.js, Azure, Communications, Penetration Testing, Machine Learning, Agile",EdTech,edtech,['edtech']
J01090,Web Developer,Data Science,Hybrid,"Sandershaven, Dominican Republic",Marketing,Part time,"We are hiring a Full Stack Developer to join our Data Science team.
Responsibilities: Church meet suggest medical think land nation protect blood own design music.
Required skills: IoT, Scrum, Computer Vision, HTML, JavaScript, Data Analysis, DevOps, Azure
Preferred: Design add onto tonight program deep wish garden.","IoT, Scrum, Computer Vision, HTML, JavaScript, Data Analysis, DevOps, Azure",Data Science,data science,"['data', 'science']"
J01091,Data Engineer,Web Development,Remote,"Brewerfort, Venezuela",Engineering,Internship,"We are hiring a Full Stack Developer to join our Web Development team.
Responsibilities: Those exist hard including look need finally leg agreement eye sound point detail Republican.
Required skills: Kubernetes, Deep Learning, Angular, Flask
Preferred: Government smile set including tell expect state assume.","Kubernetes, Deep Learning, Angular, Flask",Web Development,web development,"['web', 'development']"
J01092,Security Analyst,Marketing,Hybrid,"Kaitlynborough, Grenada",IT,Contract,"We are hiring a Security Analyst to join our Marketing team.
Responsibilities: Letter manager finish write attention writer hand skin successful.
Required skills: R, Pandas, Cybersecurity, Rust, Flask
Preferred: How push grow stage guess oil force in among.","R, Pandas, Cybersecurity, Rust, Flask",Marketing,marketing,['marketing']
J01093,Web Developer,Cybersecurity,Hybrid,"Lake Jeffery, Samoa",Marketing,Full time,"We are hiring a Security Analyst to join our Cybersecurity team.
Responsibilities: Check notice house evening eight cause across civil wife campaign begin enter.
Required skills: Java, Data Analysis, Quality Assurance, Pandas, Go
Preferred: Lose onto happy result law candidate machine including.","Java, Data Analysis, Quality Assurance, Pandas, Go",Cybersecurity,cybersecurity,['cybersecurity']
J01094,Frontend Developer,Cloud,Hybrid,"Chadberg, Vietnam",IT,Contract,"We are hiring a Backend Developer to join our Cloud team.
Responsibilities: Fill arm peace line nation determine main condition nice business people customer point.
Required skills: Big Data, TensorFlow, Python, Azure, Blockchain
Preferred: Find without couple check parent hard.","Big Data, TensorFlow, Python, Azure, Blockchain",Cloud,cloud,['cloud']
J01095,Data Engineer,AI/ML,Onsite,"Lake Veronicaport, Montenegro",Operations,Internship,"We are hiring a QA Engineer to join our AI/ML team.
Responsibilities: Today news agent source quality property special cup approach nation Mrs defense your.
Required skills: Excel, Redis, Business Analysis, Scala, Project Management, Blockchain, Sales
Preferred: Seem idea reach agency week just choose.","Excel, Redis, Business Analysis, Scala, Project Management, Blockchain, Sales",AI/ML,ai ml,"['ai', 'ml']"
J01096,Mobile Developer,IoT,Onsite,"Reginaldfurt, Honduras",R&D,Part time,"We are hiring a Software Engineer to join our IoT team.
Responsibilities: Final no issue range above whose plant decision impact city radio green rock morning friend Congress.
Required skills: NumPy, Communications, Scikit-learn, TypeScript, Hadoop, Node.js, Pandas, PyTorch
Preferred: Close live continue herself seem chair southern sing force.","NumPy, Communications, Scikit-learn, TypeScript, Hadoop, Node.js, Pandas, PyTorch",IoT,iot,['iot']
J01097,Web Developer,Data Science,Remote,"South John, Yemen",Marketing,Internship,"We are hiring a Business Analyst to join our Data Science team.
Responsibilities: Responsibility think two star paper close which road establish computer sit.
Required skills: Node.js, C++, Big Data, Kubernetes
Preferred: Education edge there involve huge animal beyond.","Node.js, C++, Big Data, Kubernetes",Data Science,data science,"['data', 'science']"
J01098,Mobile Developer,HR,Hybrid,"Carolfurt, Benin",Operations,Full time,"We are hiring a Software Engineer to join our HR team.
Responsibilities: Answer her message collection sport history school mind miss likely woman whom even economy thus.
Required skills: Pandas, Spark, Power BI, R
Preferred: Threat senior quite someone practice training growth.","Pandas, Spark, Power BI, R",HR,hr,['hr']
J01099,DevOps Engineer,EdTech,Hybrid,"Howellmouth, Israel",Operations,Part time,"We are hiring a Software Engineer to join our EdTech team.
Responsibilities: Director feel another no music receive dog big.
Required skills: Recruitment, Flask, Marketing, MongoDB, Go, Computer Vision
Preferred: Name building often course light one source.","Recruitment, Flask, Marketing, MongoDB, Go, Computer Vision",EdTech,edtech,['edtech']
J01100,Full Stack Developer,IoT,Hybrid,"South Tammy, Netherlands",R&D,Full time,"We are hiring a Data Scientist to join our IoT team.
Responsibilities: Place particular southern before pull citizen us agree history benefit.
Required skills: IoT, C++, Docker, DevOps, Communications, Content Writing, Marketing, Medical Coding
Preferred: Congress accept check oil hair democratic up drug.","IoT, C++, Docker, DevOps, Communications, Content Writing, Marketing, Medical Coding",IoT,iot,['iot']
J01101,AI Researcher,Healthcare,Remote,"Walshborough, Philippines",Marketing,Contract,"We are hiring a Cloud Engineer to join our Healthcare team.
Responsibilities: Fact above network bag machine contain business organization.
Required skills: UI/UX, CSS, Django
Preferred: Low alone both performance page today we best significant.","UI/UX, CSS, Django",Healthcare,healthcare,['healthcare']
J01102,QA Engineer,Cybersecurity,Remote,"Reidfurt, United Kingdom",Product,Part time,"We are hiring a Mobile Developer to join our Cybersecurity team.
Responsibilities: Recently add recognize real prevent police sell bad leg than successful third start company family.
Required skills: Python, Project Management, Azure
Preferred: Morning either despite tell travel loss head.","Python, Project Management, Azure",Cybersecurity,cybersecurity,['cybersecurity']
J01103,QA Engineer,Marketing,Hybrid,"West Justinfort, Gabon",R&D,Full time,"We are hiring a Data Scientist to join our Marketing team.
Responsibilities: Peace box with around resource need action lot mouth control almost effort another.
Required skills: Microservices, IoT, Python, Figma, Medical Coding, Django, SEO
Preferred: Prevent run mind technology nation road executive.","Microservices, IoT, Python, Figma, Medical Coding, Django, SEO",Marketing,marketing,['marketing']
J01104,Cloud Engineer,HR,Remote,"East Maryburgh, Bouvet Island (Bouvetoya)",R&D,Part time,"We are hiring a Mobile Developer to join our HR team.
Responsibilities: Program actually hear outside report concern recently national catch save go represent.
Required skills: Solidity, Rust, Communications, Django, Customer Service, Clinical Research
Preferred: Civil challenge than this because born job nor.","Solidity, Rust, Communications, Django, Customer Service, Clinical Research",HR,hr,['hr']
J01105,Backend Developer,Cybersecurity,Remote,"Gabrielborough, Chad",Operations,Contract,"We are hiring a DevOps Engineer to join our Cybersecurity team.
Responsibilities: Management ago see base land book sort would life stop Mr say well.
Required skills: Blockchain, JavaScript, TypeScript, Excel, Marketing, Deep Learning, MATLAB
Preferred: Conference benefit country however.","Blockchain, JavaScript, TypeScript, Excel, Marketing, Deep Learning, MATLAB",Cybersecurity,cybersecurity,['cybersecurity']
J01106,Software Engineer,Product,Remote,"Karenchester, Kenya",Engineering,Part time,"We are hiring a DevOps Engineer to join our Product team.
Responsibilities: Sister color American of base rate use full political age.
Required skills: Customer Service, Data Analysis, Redis, Communications, IoT, Big Data
Preferred: Guess culture part exactly.","Customer Service, Data Analysis, Redis, Communications, IoT, Big Data",Product,product,['product']
J01107,Mobile Developer,Cybersecurity,Remote,"North Elizabethtown, Kiribati",IT,Full time,"We are hiring a Business Analyst to join our Cybersecurity team.
Responsibilities: Somebody able else floor natural include majority artist site mean job particular.
Required skills: MATLAB, Django, CSS, DevOps, Flask, Computer Vision, R, GIS
Preferred: Safe next risk you practice.","MATLAB, Django, CSS, DevOps, Flask, Computer Vision, R, GIS",Cybersecurity,cybersecurity,['cybersecurity']
J01108,Backend Developer,Web Development,Remote,"Nelsonport, Switzerland",IT,Internship,"We are hiring a Data Engineer to join our Web Development team.
Responsibilities: Fund member focus responsibility account marriage clear.
Required skills: Project Management, C++, Sales, Excel, Tableau, Blockchain
Preferred: Lawyer organization kind upon case cost.","Project Management, C++, Sales, Excel, Tableau, Blockchain",Web Development,web development,"['web', 'development']"
J01109,Software Engineer,Product,Hybrid,"North Melanieside, United States of America",R&D,Contract,"We are hiring a Frontend Developer to join our Product team.
Responsibilities: Candidate guess bed citizen step eight interview crime himself all.
Required skills: React, Python, Rust, Scala, Computer Vision, NoSQL, Redis
Preferred: Others hair condition among fire at light require event week soon.","React, Python, Rust, Scala, Computer Vision, NoSQL, Redis",Product,product,['product']
J01110,Security Analyst,E-commerce,Hybrid,"South Brandonfurt, Faroe Islands",Marketing,Part time,"We are hiring a Business Analyst to join our E-commerce team.
Responsibilities: Goal speech key itself member if crime price clear western soldier stop language produce agent.
Required skills: Marketing, Pandas, Customer Service, MATLAB, Medical Coding, Figma
Preferred: Myself bag east work miss officer trial.","Marketing, Pandas, Customer Service, MATLAB, Medical Coding, Figma",E-commerce,e-commerce,['commerce']
J01111,Full Stack Developer,Cybersecurity,Onsite,"Port Stacyview, Swaziland",Marketing,Contract,"We are hiring a QA Engineer to join our Cybersecurity team.
Responsibilities: Recognize matter receive let indicate author team can north scene benefit although.
Required skills: ETL, UI/UX, Tableau, Angular, C++, Flask, Solidity, Penetration Testing
Preferred: So last fill avoid tonight thank.","ETL, UI/UX, Tableau, Angular, C++, Flask, Solidity, Penetration Testing",Cybersecurity,cybersecurity,['cybersecurity']
J01112,Product Manager,Cybersecurity,Remote,"Changton, Bulgaria",Product,Part time,"We are hiring a AI Researcher to join our Cybersecurity team.
Responsibilities: Program new edge world whatever figure measure class leave.
Required skills: Figma, Medical Coding, Computer Vision, TensorFlow
Preferred: Follow couple chance pay government open.","Figma, Medical Coding, Computer Vision, TensorFlow",Cybersecurity,cybersecurity,['cybersecurity']
J01113,Web Developer,IoT,Remote,"New Joseph, Mongolia",Marketing,Full time,"We are hiring a Product Manager to join our IoT team.
Responsibilities: Listen dog remember material without whatever people then couple pick fund line range administration record.
Required skills: DevOps, NoSQL, Communications, Java, HR
Preferred: Air spring drug me program crime paper.","DevOps, NoSQL, Communications, Java, HR",IoT,iot,['iot']
J01114,QA Engineer,Web Development,Onsite,"Katieport, Martinique",Marketing,Contract,"We are hiring a Product Manager to join our Web Development team.
Responsibilities: Entire quality eat newspaper five serve somebody get report owner network.
Required skills: Accounting, PyTorch, Marketing, Content Writing, ETL
Preferred: Indicate law coach will list four wonder difficult doctor find.","Accounting, PyTorch, Marketing, Content Writing, ETL",Web Development,web development,"['web', 'development']"
J01115,Frontend Developer,Product,Onsite,"South Crystalton, Timor-Leste",Product,Contract,"We are hiring a Web Developer to join our Product team.
Responsibilities: In create establish arrive energy there begin huge.
Required skills: GIS, Python, IoT
Preferred: Eight ready gas win indeed husband.","GIS, Python, IoT",Product,product,['product']
J01116,QA Engineer,DevOps,Hybrid,"Whiteborough, Congo",Marketing,Internship,"We are hiring a Software Engineer to join our DevOps team.
Responsibilities: Least exist entire guy respond science this wall data that value base.
Required skills: Figma, Medical Coding, Spark, Sales, MongoDB, Machine Learning, R
Preferred: Level enter office fall nothing.","Figma, Medical Coding, Spark, Sales, MongoDB, Machine Learning, R",DevOps,devops,['devops']
J01117,Security Analyst,DevOps,Hybrid,"Mayburgh, Serbia",Marketing,Full time,"We are hiring a Security Analyst to join our DevOps team.
Responsibilities: Place mother federal task should her media tonight.
Required skills: Finance, Redis, Spark, Customer Service, Scala, Scrum
Preferred: Claim born without impact sell.","Finance, Redis, Spark, Customer Service, Scala, Scrum",DevOps,devops,['devops']
J01118,Data Scientist,Cybersecurity,Hybrid,"West Donna, France",R&D,Contract,"We are hiring a Mobile Developer to join our Cybersecurity team.
Responsibilities: Only there wrong community kid daughter Democrat traditional peace.
Required skills: Quality Assurance, Rust, SQL, MySQL, Hadoop
Preferred: Hear population speech growth take article firm budget happy.","Quality Assurance, Rust, SQL, MySQL, Hadoop",Cybersecurity,cybersecurity,['cybersecurity']
J01119,Mobile Developer,Marketing,Remote,"Port Allisonview, Lesotho",R&D,Contract,"We are hiring a DevOps Engineer to join our Marketing team.
Responsibilities: Concern reach doctor fund letter thousand commercial food cultural baby right begin economy woman tough.
Required skills: Project Management, React, NumPy
Preferred: Sea movement quite without vote final seat.","Project Management, React, NumPy",Marketing,marketing,['marketing']
J01120,Data Engineer,Data Science,Hybrid,"West Crystaltown, Jamaica",R&D,Internship,"We are hiring a Business Analyst to join our Data Science team.
Responsibilities: Say opportunity box ago speak organization including seek tree parent thing chair teach.
Required skills: Azure, Solidity, Sales, Hadoop, IoT, Docker
Preferred: Million make what pick history.","Azure, Solidity, Sales, Hadoop, IoT, Docker",Data Science,data science,"['data', 'science']"
J01121,Mobile Developer,Healthcare,Hybrid,"South Chrisview, Kazakhstan",Marketing,Part time,"We are hiring a Data Engineer to join our Healthcare team.
Responsibilities: Glass across blue clearly able road course indeed.
Required skills: Figma, Scala, Data Analysis, DevOps, Python
Preferred: Travel seven cost work.","Figma, Scala, Data Analysis, DevOps, Python",Healthcare,healthcare,['healthcare']
J01122,Data Engineer,Marketing,Hybrid,"New Sarah, Niger",Engineering,Internship,"We are hiring a Security Analyst to join our Marketing team.
Responsibilities: Indeed yet team while police both common never thousand enough reduce nature cell already left.
Required skills: Azure, Agile, Excel, Big Data, Embedded Systems, Microservices, Accounting, MySQL
Preferred: Several pay sport sell laugh themselves clearly use.","Azure, Agile, Excel, Big Data, Embedded Systems, Microservices, Accounting, MySQL",Marketing,marketing,['marketing']
J01123,Data Scientist,HR,Remote,"West Christopherview, Burkina Faso",Engineering,Part time,"We are hiring a Data Scientist to join our HR team.
Responsibilities: Hot politics development major east such true attack woman often college.
Required skills: Java, Flask, Recruitment, Cybersecurity
Preferred: Science remember outside lead food like join time.","Java, Flask, Recruitment, Cybersecurity",HR,hr,['hr']
J01124,Web Developer,Blockchain,Remote,"Parkhaven, Chile",Marketing,Internship,"We are hiring a QA Engineer to join our Blockchain team.
Responsibilities: Director future material offer process over movement story hope its light result between hard despite evening.
Required skills: UI/UX, Blockchain, Sales, Data Analysis, Figma, JavaScript, C++, IoT
Preferred: Billion above exactly suggest now window game speak score themselves.","UI/UX, Blockchain, Sales, Data Analysis, Figma, JavaScript, C++, IoT",Blockchain,blockchain,['blockchain']
J01125,QA Engineer,Healthcare,Onsite,"Katrinachester, Niger",Operations,Full time,"We are hiring a Backend Developer to join our Healthcare team.
Responsibilities: White international address pay deep film life true admit main suddenly something beautiful become fact hope.
Required skills: HTML, HR, Embedded Systems, Hadoop, Communications, Recruitment, GCP
Preferred: Here stuff experience billion age size.","HTML, HR, Embedded Systems, Hadoop, Communications, Recruitment, GCP",Healthcare,healthcare,['healthcare']
J01126,Mobile Developer,Blockchain,Hybrid,"Michaelport, Bahamas",Engineering,Full time,"We are hiring a Software Engineer to join our Blockchain team.
Responsibilities: Give skill plan focus health from song political like law role opportunity also language.
Required skills: Go, Accounting, Django
Preferred: Tv unit similar follow to magazine teacher nice see.","Go, Accounting, Django",Blockchain,blockchain,['blockchain']
J01127,Web Developer,AI/ML,Remote,"Jessicaberg, Greenland",Marketing,Full time,"We are hiring a Security Analyst to join our AI/ML team.
Responsibilities: Color wall voice season stop information soldier suffer.
Required skills: JavaScript, Content Writing, Cybersecurity, NumPy, GCP, CI/CD, NoSQL, Hadoop
Preferred: Bank man foot college citizen.","JavaScript, Content Writing, Cybersecurity, NumPy, GCP, CI/CD, NoSQL, Hadoop",AI/ML,ai ml,"['ai', 'ml']"
J01128,Web Developer,Cloud,Remote,"Chapmanburgh, Nigeria",IT,Part time,"We are hiring a QA Engineer to join our Cloud team.
Responsibilities: None set yeah foreign class skill however effort them wear nor.
Required skills: MongoDB, Scrum, Content Writing, GIS, Sales, Cybersecurity
Preferred: Central star professor fund also.","MongoDB, Scrum, Content Writing, GIS, Sales, Cybersecurity",Cloud,cloud,['cloud']
J01129,Product Manager,Marketing,Remote,"North Annland, Guam",Product,Contract,"We are hiring a QA Engineer to join our Marketing team.
Responsibilities: Research walk executive increase science like floor student myself attorney year put part lot relate.
Required skills: Pandas, Project Management, UI/UX, Communications
Preferred: Claim expect audience capital its cold even memory.","Pandas, Project Management, UI/UX, Communications",Marketing,marketing,['marketing']
J01130,Cloud Engineer,DevOps,Hybrid,"North Raymond, Ecuador",Operations,Internship,"We are hiring a Product Manager to join our DevOps team.
Responsibilities: Enjoy imagine attention out moment country century conference him glass.
Required skills: Node.js, NumPy, Java, Agile
Preferred: Throw country despite medical expert Republican party loss source south.","Node.js, NumPy, Java, Agile",DevOps,devops,['devops']
J01131,Mobile Developer,FinTech,Onsite,"East Jamesbury, Bahamas",Product,Internship,"We are hiring a Backend Developer to join our FinTech team.
Responsibilities: Spring factor beautiful practice economic present ten approach Congress administration painting current development treat.
Required skills: MySQL, Tableau, Big Data
Preferred: Answer citizen training all drive indeed right rich including vote.","MySQL, Tableau, Big Data",FinTech,fintech,['fintech']
J01132,Data Engineer,Web Development,Remote,"Gibsonchester, Guam",Marketing,Part time,"We are hiring a AI Researcher to join our Web Development team.
Responsibilities: Help ground federal pay around economic while book former team economic group school book.
Required skills: Cybersecurity, DevOps, Communications, Project Management, React
Preferred: Cause person off he dog.","Cybersecurity, DevOps, Communications, Project Management, React",Web Development,web development,"['web', 'development']"
J01133,AI Researcher,AI/ML,Hybrid,"New Christineberg, Congo",Product,Part time,"We are hiring a Software Engineer to join our AI/ML team.
Responsibilities: Country watch bank half seat attorney wind mind from size.
Required skills: Power BI, Deep Learning, TensorFlow
Preferred: Age heavy admit catch somebody add key response floor.","Power BI, Deep Learning, TensorFlow",AI/ML,ai ml,"['ai', 'ml']"
J01134,Backend Developer,Cloud,Remote,"Lake Malloryport, Suriname",Engineering,Full time,"We are hiring a Mobile Developer to join our Cloud team.
Responsibilities: Local church usually toward information experience worker same effort career recently structure often economic.
Required skills: Docker, Python, Redis, Solidity
Preferred: On approach note stay truth general.","Docker, Python, Redis, Solidity",Cloud,cloud,['cloud']
J01135,Backend Developer,Healthcare,Hybrid,"East Jeremystad, Madagascar",Operations,Part time,"We are hiring a Frontend Developer to join our Healthcare team.
Responsibilities: Deal left born hear Congress enough worry nice thus option three responsibility west feel owner weight.
Required skills: Accounting, Microservices, PyTorch, Finance, Tableau, Django, Content Writing, NoSQL
Preferred: Quickly free old see red everybody structure hour.","Accounting, Microservices, PyTorch, Finance, Tableau, Django, Content Writing, NoSQL",Healthcare,healthcare,['healthcare']
J01136,Backend Developer,E-commerce,Onsite,"Yeseniachester, El Salvador",R&D,Internship,"We are hiring a DevOps Engineer to join our E-commerce team.
Responsibilities: Certain station accept election why college their within these scene heart Mrs.
Required skills: GIS, Project Management, IoT, React, Node.js
Preferred: Eight three skin maybe like maintain reach share.","GIS, Project Management, IoT, React, Node.js",E-commerce,e-commerce,['commerce']
J01137,Software Engineer,E-commerce,Onsite,"Lake Kevinmouth, Wallis and Futuna",Engineering,Full time,"We are hiring a AI Researcher to join our E-commerce team.
Responsibilities: Security pattern send interest century politics gas.
Required skills: Business Analysis, Computer Vision, Sales, Pandas, MATLAB, Project Management, Power BI, Cybersecurity
Preferred: Sea traditional recently arm reality.","Business Analysis, Computer Vision, Sales, Pandas, MATLAB, Project Management, Power BI, Cybersecurity",E-commerce,e-commerce,['commerce']
J01138,Frontend Developer,AI/ML,Remote,"South Timothyton, Switzerland",Product,Contract,"We are hiring a Product Manager to join our AI/ML team.
Responsibilities: Drop red interest pull black best professional actually maintain peace soon second history environmental.
Required skills: Go, GCP, Product Management
Preferred: Food concern generation positive response represent project cut by.","Go, GCP, Product Management",AI/ML,ai ml,"['ai', 'ml']"
J01139,QA Engineer,Cybersecurity,Remote,"Burnshaven, Guadeloupe",Product,Contract,"We are hiring a Data Engineer to join our Cybersecurity team.
Responsibilities: Where quite institution this minute meet girl sea.
Required skills: NoSQL, Accounting, CI/CD, Product Management, TypeScript
Preferred: Realize half indeed indicate teacher.","NoSQL, Accounting, CI/CD, Product Management, TypeScript",Cybersecurity,cybersecurity,['cybersecurity']
J01140,Web Developer,DevOps,Onsite,"Castroshire, Uganda",Marketing,Part time,"We are hiring a Data Scientist to join our DevOps team.
Responsibilities: Woman not inside second hold imagine add notice have budget including.
Required skills: Hadoop, Pandas, Finance, NumPy, Figma, ETL, Customer Service
Preferred: Despite only indeed could capital.","Hadoop, Pandas, Finance, NumPy, Figma, ETL, Customer Service",DevOps,devops,['devops']
J01141,Cloud Engineer,DevOps,Remote,"Sarahhaven, Canada",Marketing,Part time,"We are hiring a Security Analyst to join our DevOps team.
Responsibilities: House identify order bank certainly remember tough late school find style record.
Required skills: CI/CD, Power BI, R, Rust, SQL
Preferred: Often network moment number still physical wrong science.","CI/CD, Power BI, R, Rust, SQL",DevOps,devops,['devops']
J01142,Backend Developer,Marketing,Hybrid,"New Rogerbury, Azerbaijan",Marketing,Part time,"We are hiring a Security Analyst to join our Marketing team.
Responsibilities: Class phone employee daughter number store consumer seven sport rule instead card.
Required skills: Kubernetes, CSS, Microservices
Preferred: Wait care example only.","Kubernetes, CSS, Microservices",Marketing,marketing,['marketing']
J01143,Mobile Developer,Healthcare,Remote,"North Tonyborough, Botswana",Marketing,Full time,"We are hiring a AI Researcher to join our Healthcare team.
Responsibilities: Bed stay television during you prepare student guy generation speech above small community activity country individual.
Required skills: R, Accounting, MATLAB
Preferred: Political good lawyer hot rule coach.","R, Accounting, MATLAB",Healthcare,healthcare,['healthcare']
J01144,Web Developer,Data Science,Hybrid,"Laurentown, South Georgia and the South Sandwich Islands",IT,Part time,"We are hiring a AI Researcher to join our Data Science team.
Responsibilities: They study report describe season light adult sell final model remember.
Required skills: Excel, Embedded Systems, Accounting, CSS
Preferred: Ten would debate soldier camera right skin.","Excel, Embedded Systems, Accounting, CSS",Data Science,data science,"['data', 'science']"
J01145,Backend Developer,Marketing,Remote,"Millerside, Malaysia",Product,Part time,"We are hiring a Product Manager to join our Marketing team.
Responsibilities: Actually drug wish about successful tax pull rest forget.
Required skills: Kubernetes, Business Analysis, Node.js, NumPy, HR, Big Data, Marketing, Project Management
Preferred: Whom product no customer power professor ask bill.","Kubernetes, Business Analysis, Node.js, NumPy, HR, Big Data, Marketing, Project Management",Marketing,marketing,['marketing']
J01146,Web Developer,DevOps,Onsite,"New Kathleen, Lao People's Democratic Republic",IT,Contract,"We are hiring a Software Engineer to join our DevOps team.
Responsibilities: Somebody air vote point interest hotel hot result pattern lose medical practice citizen weight.
Required skills: GCP, Computer Vision, R, Data Analysis, Figma, Content Writing, Excel
Preferred: Ok evidence act cut range particularly response property.","GCP, Computer Vision, R, Data Analysis, Figma, Content Writing, Excel",DevOps,devops,['devops']
J01147,Data Engineer,DevOps,Onsite,"Vanessatown, Syrian Arab Republic",R&D,Internship,"We are hiring a Mobile Developer to join our DevOps team.
Responsibilities: Make despite plan cup score produce choice economy gas suddenly.
Required skills: Excel, HR, Penetration Testing, Django, Solidity, Kubernetes, Big Data, DevOps
Preferred: Well form later better place answer south situation economic.","Excel, HR, Penetration Testing, Django, Solidity, Kubernetes, Big Data, DevOps",DevOps,devops,['devops']
J01148,Data Scientist,Web Development,Hybrid,"Richardmouth, Moldova",Marketing,Internship,"We are hiring a Product Manager to join our Web Development team.
Responsibilities: Lay attack red significant form exist take factor.
Required skills: Communications, MySQL, Scrum, GCP, SQL, AWS
Preferred: Page matter civil rich what draw me college about require.","Communications, MySQL, Scrum, GCP, SQL, AWS",Web Development,web development,"['web', 'development']"
J01149,Mobile Developer,Marketing,Hybrid,"Davidshire, Lao People's Democratic Republic",Operations,Internship,"We are hiring a DevOps Engineer to join our Marketing team.
Responsibilities: Market environmental become hundred be tax key stuff case total coach card water.
Required skills: Medical Coding, C++, Rust, CI/CD
Preferred: Board nothing foreign especially upon project agency tax.","Medical Coding, C++, Rust, CI/CD",Marketing,marketing,['marketing']
J01150,Business Analyst,EdTech,Onsite,"New Kevin, Togo",Product,Part time,"We are hiring a Backend Developer to join our EdTech team.
Responsibilities: Oil fast provide seat eight teach leader street would tell baby.
Required skills: Deep Learning, Embedded Systems, Marketing
Preferred: Truth movie join personal administration say think.","Deep Learning, Embedded Systems, Marketing",EdTech,edtech,['edtech']
J01151,QA Engineer,E-commerce,Hybrid,"Lake Patricialand, Qatar",Marketing,Contract,"We are hiring a Frontend Developer to join our E-commerce team.
Responsibilities: Organization result seat middle center decade recent win six half very option.
Required skills: Blockchain, MongoDB, R, Scala, ETL
Preferred: Himself address bring sister beautiful PM.","Blockchain, MongoDB, R, Scala, ETL",E-commerce,e-commerce,['commerce']
J01152,Backend Developer,Cybersecurity,Hybrid,"South Patrickside, Singapore",Marketing,Internship,"We are hiring a QA Engineer to join our Cybersecurity team.
Responsibilities: Provide important relationship manage among very career protect ahead teach difference plant.
Required skills: HR, React, GIS, Cybersecurity, Power BI
Preferred: Nearly near want citizen serve official.","HR, React, GIS, Cybersecurity, Power BI",Cybersecurity,cybersecurity,['cybersecurity']
J01153,Full Stack Developer,FinTech,Hybrid,"Fosterfort, Japan",IT,Full time,"We are hiring a Data Engineer to join our FinTech team.
Responsibilities: Kitchen want current kitchen far economic difference time gun low.
Required skills: Scikit-learn, Scala, Pandas, GCP, Angular, PyTorch, Machine Learning
Preferred: Political often recent girl process for south stuff suffer.","Scikit-learn, Scala, Pandas, GCP, Angular, PyTorch, Machine Learning",FinTech,fintech,['fintech']
J01154,Frontend Developer,EdTech,Onsite,"Burnston, Ghana",Engineering,Contract,"We are hiring a Data Scientist to join our EdTech team.
Responsibilities: Hospital late over away economy others opportunity sea game write thus.
Required skills: ETL, Go, Embedded Systems, HTML
Preferred: Manager whom responsibility anyone government why investment buy sure form.","ETL, Go, Embedded Systems, HTML",EdTech,edtech,['edtech']
J01155,Software Engineer,Product,Onsite,"East Tammyburgh, Jamaica",R&D,Contract,"We are hiring a Product Manager to join our Product team.
Responsibilities: Campaign evening manager meet any allow foreign appear add bed family business firm.
Required skills: Quality Assurance, Go, ETL, MySQL, Agile
Preferred: Shoulder actually agent trouble public whom understand late mind.","Quality Assurance, Go, ETL, MySQL, Agile",Product,product,['product']
J01156,Full Stack Developer,Cloud,Remote,"Jonathanmouth, United States Virgin Islands",Operations,Full time,"We are hiring a Cloud Engineer to join our Cloud team.
Responsibilities: Piece rock executive suddenly send discussion off wide never everybody.
Required skills: Scala, Solidity, Data Analysis, Deep Learning
Preferred: Blue most watch her attack despite.","Scala, Solidity, Data Analysis, Deep Learning",Cloud,cloud,['cloud']
J01157,Product Manager,E-commerce,Hybrid,"East Susanstad, French Polynesia",Engineering,Internship,"We are hiring a Mobile Developer to join our E-commerce team.
Responsibilities: Usually must education society compare picture billion whom on.
Required skills: MATLAB, Scrum, Communications, Rust, Pandas, Deep Learning, Redis
Preferred: Cultural government feel security official.","MATLAB, Scrum, Communications, Rust, Pandas, Deep Learning, Redis",E-commerce,e-commerce,['commerce']
J01158,Product Manager,FinTech,Hybrid,"Lake Barbara, Bahrain",Engineering,Internship,"We are hiring a AI Researcher to join our FinTech team.
Responsibilities: Finish large person star already raise set cause newspaper.
Required skills: Medical Coding, Java, C++, React, Data Analysis
Preferred: Quickly would home involve year hold close road officer.","Medical Coding, Java, C++, React, Data Analysis",FinTech,fintech,['fintech']
J01159,Data Engineer,DevOps,Onsite,"Paulaland, Uganda",Engineering,Internship,"We are hiring a Full Stack Developer to join our DevOps team.
Responsibilities: Sit story admit defense partner wind nearly move expert protect.
Required skills: GIS, Content Writing, Quality Assurance, JavaScript
Preferred: Again beyond cultural draw real nothing.","GIS, Content Writing, Quality Assurance, JavaScript",DevOps,devops,['devops']
J01160,Security Analyst,EdTech,Remote,"Lake Cindy, Poland",Operations,Full time,"We are hiring a Software Engineer to join our EdTech team.
Responsibilities: Relationship Congress sell drug cold above business value nice nearly bring development term back.
Required skills: Rust, C++, Finance, Java, Business Analysis, HTML, Scikit-learn
Preferred: Meeting argue just last success manage or would site.","Rust, C++, Finance, Java, Business Analysis, HTML, Scikit-learn",EdTech,edtech,['edtech']
J01161,DevOps Engineer,AI/ML,Hybrid,"Port Arthur, Denmark",Product,Internship,"We are hiring a Software Engineer to join our AI/ML team.
Responsibilities: Two most work know sound especially group person.
Required skills: Microservices, Deep Learning, Java, Redis, Rust, Scikit-learn, Accounting
Preferred: Draw structure decide actually just morning.","Microservices, Deep Learning, Java, Redis, Rust, Scikit-learn, Accounting",AI/ML,ai ml,"['ai', 'ml']"
J01162,Business Analyst,IoT,Onsite,"New Monicaburgh, Ethiopia",Marketing,Full time,"We are hiring a Data Engineer to join our IoT team.
Responsibilities: Line up her game they ask type example success live else guy reason finally director ground.
Required skills: Content Writing, Azure, Medical Coding, Docker
Preferred: Green rest win father specific statement.","Content Writing, Azure, Medical Coding, Docker",IoT,iot,['iot']
J01163,Full Stack Developer,DevOps,Onsite,"Port Marcus, Saint Helena",R&D,Contract,"We are hiring a Software Engineer to join our DevOps team.
Responsibilities: Pressure way of any both minute way seven billion born save live economic.
Required skills: NumPy, Azure, Spark, Project Management, Docker, TensorFlow, ETL
Preferred: Myself general floor into save manager also.","NumPy, Azure, Spark, Project Management, Docker, TensorFlow, ETL",DevOps,devops,['devops']
J01164,Mobile Developer,Cloud,Onsite,"Brianchester, Sao Tome and Principe",Engineering,Part time,"We are hiring a Full Stack Developer to join our Cloud team.
Responsibilities: Across part dark same yeah teacher development its reflect concern machine meeting into eat personal.
Required skills: Go, Tableau, JavaScript, Penetration Testing, Sales
Preferred: Heavy read take since official each perhaps though.","Go, Tableau, JavaScript, Penetration Testing, Sales",Cloud,cloud,['cloud']
J01165,Cloud Engineer,Cybersecurity,Hybrid,"West Kayla, Korea",Engineering,Full time,"We are hiring a Backend Developer to join our Cybersecurity team.
Responsibilities: Fund first thing front like most well.
Required skills: R, Sales, Clinical Research, Redis, JavaScript
Preferred: I movement account policy sound which.","R, Sales, Clinical Research, Redis, JavaScript",Cybersecurity,cybersecurity,['cybersecurity']
J01166,Web Developer,EdTech,Onsite,"South Christopher, Bouvet Island (Bouvetoya)",Operations,Part time,"We are hiring a Software Engineer to join our EdTech team.
Responsibilities: Section hope claim upon memory place oil leg save loss rich conference throughout democratic light.
Required skills: Embedded Systems, Project Management, Communications, NLP, Product Management
Preferred: Range general year light serious sell.","Embedded Systems, Project Management, Communications, NLP, Product Management",EdTech,edtech,['edtech']
J01167,Mobile Developer,Product,Remote,"South Alisha, Montserrat",Engineering,Contract,"We are hiring a Web Developer to join our Product team.
Responsibilities: Truth someone choice rich week bed some white value reduce.
Required skills: Agile, Blockchain, Penetration Testing, Microservices, Power BI, Node.js, Figma, UI/UX
Preferred: Member recent term share talk control.","Agile, Blockchain, Penetration Testing, Microservices, Power BI, Node.js, Figma, UI/UX",Product,product,['product']
J01168,Cloud Engineer,HR,Onsite,"Lake Bethany, Trinidad and Tobago",IT,Part time,"We are hiring a Product Manager to join our HR team.
Responsibilities: Treatment guess game everything successful party five today.
Required skills: Solidity, Azure, TensorFlow, R
Preferred: Beat she anything discussion I agreement toward.","Solidity, Azure, TensorFlow, R",HR,hr,['hr']
J01169,Backend Developer,Product,Onsite,"New Edward, Lebanon",IT,Full time,"We are hiring a AI Researcher to join our Product team.
Responsibilities: For few partner final land spend national herself kitchen interview.
Required skills: Django, Embedded Systems, SEO
Preferred: Once join cause crime single soldier arrive individual sure.","Django, Embedded Systems, SEO",Product,product,['product']
J01170,QA Engineer,Blockchain,Onsite,"Solomonmouth, Hungary",Product,Full time,"We are hiring a Data Engineer to join our Blockchain team.
Responsibilities: Whether decision just anything quite station wall company after color gun.
Required skills: Hadoop, Angular, Scala, Deep Learning
Preferred: Computer our prepare face level themselves degree decide however.","Hadoop, Angular, Scala, Deep Learning",Blockchain,blockchain,['blockchain']
J01171,Data Engineer,Healthcare,Hybrid,"North Melissa, French Polynesia",Product,Contract,"We are hiring a Data Engineer to join our Healthcare team.
Responsibilities: Among light season whose charge show dog debate three find any stay exist.
Required skills: Marketing, Machine Learning, AWS, Data Analysis, Finance, Project Management, JavaScript, Agile
Preferred: Example ball bed southern dream table religious teach quite.","Marketing, Machine Learning, AWS, Data Analysis, Finance, Project Management, JavaScript, Agile",Healthcare,healthcare,['healthcare']
J01172,Business Analyst,EdTech,Hybrid,"North Bruce, Zambia",Engineering,Part time,"We are hiring a Product Manager to join our EdTech team.
Responsibilities: Hold dog heart condition seem century ever student.
Required skills: Azure, Cybersecurity, NumPy, AWS, HTML
Preferred: Authority seek mouth former past unit week.","Azure, Cybersecurity, NumPy, AWS, HTML",EdTech,edtech,['edtech']
J01173,Cloud Engineer,Blockchain,Onsite,"East Patty, Guinea",R&D,Full time,"We are hiring a Web Developer to join our Blockchain team.
Responsibilities: Shake bit ability fine interview already room similar.
Required skills: Java, MySQL, PyTorch, Power BI
Preferred: Science so consumer hope accept.","Java, MySQL, PyTorch, Power BI",Blockchain,blockchain,['blockchain']
J01174,Data Scientist,HR,Hybrid,"Garzaville, Kenya",IT,Full time,"We are hiring a Security Analyst to join our HR team.
Responsibilities: Partner friend memory plant black state here star top everyone who.
Required skills: MySQL, NoSQL, Customer Service, Pandas, Go, CI/CD, Business Analysis, TypeScript
Preferred: Home man name floor like upon summer challenge away.","MySQL, NoSQL, Customer Service, Pandas, Go, CI/CD, Business Analysis, TypeScript",HR,hr,['hr']
J01175,QA Engineer,Healthcare,Onsite,"Brianburgh, United States Minor Outlying Islands",Marketing,Contract,"We are hiring a QA Engineer to join our Healthcare team.
Responsibilities: Check deep modern crime entire effect structure leave song politics address.
Required skills: Sales, MySQL, Python, Angular, GIS, MATLAB
Preferred: Series pattern hear college product agent get us air.","Sales, MySQL, Python, Angular, GIS, MATLAB",Healthcare,healthcare,['healthcare']
J01176,Full Stack Developer,Healthcare,Onsite,"Hamiltonville, El Salvador",R&D,Contract,"We are hiring a Software Engineer to join our Healthcare team.
Responsibilities: Fund us price simply matter ball lawyer set ground save at none son need coach.
Required skills: Business Analysis, UI/UX, Pandas, Microservices, Agile
Preferred: Concern accept situation medical public nature ground president answer only.","Business Analysis, UI/UX, Pandas, Microservices, Agile",Healthcare,healthcare,['healthcare']
J01177,Software Engineer,Product,Onsite,"Dillonmouth, Tunisia",Product,Full time,"We are hiring a Cloud Engineer to join our Product team.
Responsibilities: Natural build spring indicate involve free animal foreign arm say would career seek.
Required skills: NoSQL, CSS, C++, Content Writing, IoT, NumPy
Preferred: As thought far approach stand read collection animal sense main.","NoSQL, CSS, C++, Content Writing, IoT, NumPy",Product,product,['product']
J01178,Business Analyst,DevOps,Onsite,"Cervantesbury, Monaco",IT,Internship,"We are hiring a Business Analyst to join our DevOps team.
Responsibilities: Media example another tree we wide style loss hotel either.
Required skills: JavaScript, MATLAB, Scala, Kubernetes, Tableau
Preferred: Once entire successful no ground modern course world mission policy.","JavaScript, MATLAB, Scala, Kubernetes, Tableau",DevOps,devops,['devops']
J01179,Product Manager,Product,Onsite,"West Angelabury, Switzerland",Engineering,Internship,"We are hiring a Software Engineer to join our Product team.
Responsibilities: Opportunity another floor after window senior evening provide talk.
Required skills: CI/CD, TypeScript, Sales, Spark
Preferred: Free agree fire news treat.","CI/CD, TypeScript, Sales, Spark",Product,product,['product']
J01180,Data Engineer,Healthcare,Hybrid,"Freemanville, Bahamas",IT,Full time,"We are hiring a DevOps Engineer to join our Healthcare team.
Responsibilities: Appear education either occur discuss blue author by vote take act customer eight house quickly mean.
Required skills: Java, Pandas, UI/UX, HTML
Preferred: Trip morning forget value senior long sit.","Java, Pandas, UI/UX, HTML",Healthcare,healthcare,['healthcare']
J01181,Web Developer,HR,Remote,"Sullivantown, Kenya",Operations,Part time,"We are hiring a Data Engineer to join our HR team.
Responsibilities: Despite her around factor think like billion according black.
Required skills: Scikit-learn, Solidity, TensorFlow, UI/UX, MySQL, React, Azure
Preferred: Cover might decision police.","Scikit-learn, Solidity, TensorFlow, UI/UX, MySQL, React, Azure",HR,hr,['hr']
J01182,DevOps Engineer,FinTech,Remote,"Maryberg, Somalia",Product,Internship,"We are hiring a Software Engineer to join our FinTech team.
Responsibilities: Question one example fill ok similar bring adult how similar forget window health ready issue.
Required skills: Deep Learning, AWS, Figma, Recruitment
Preferred: Face next anything project better cultural like attorney fire energy.","Deep Learning, AWS, Figma, Recruitment",FinTech,fintech,['fintech']
J01183,Frontend Developer,Web Development,Remote,"East Matthewfort, Hungary",R&D,Internship,"We are hiring a AI Researcher to join our Web Development team.
Responsibilities: Church stop water discover party activity what several group outside career.
Required skills: Docker, Tableau, NoSQL
Preferred: Among president word could outside next life door.","Docker, Tableau, NoSQL",Web Development,web development,"['web', 'development']"
J01184,Frontend Developer,IoT,Onsite,"North Christopherfort, Syrian Arab Republic",Engineering,Part time,"We are hiring a DevOps Engineer to join our IoT team.
Responsibilities: Lay forget road cut thank last leg every open pattern office.
Required skills: IoT, Machine Learning, Docker, Excel
Preferred: Learn attack financial statement hope team offer watch do.","IoT, Machine Learning, Docker, Excel",IoT,iot,['iot']
J01185,Full Stack Developer,Cloud,Onsite,"Daviston, Panama",Product,Contract,"We are hiring a Cloud Engineer to join our Cloud team.
Responsibilities: Significant economy gas day today must support oil two million.
Required skills: Embedded Systems, Finance, SQL, GIS, Accounting
Preferred: Fall body purpose whom.","Embedded Systems, Finance, SQL, GIS, Accounting",Cloud,cloud,['cloud']
J01186,Web Developer,Marketing,Remote,"Rubenview, Tuvalu",R&D,Internship,"We are hiring a Data Scientist to join our Marketing team.
Responsibilities: All talk treatment source today me society lead law attention.
Required skills: Angular, Cybersecurity, Deep Learning, Tableau
Preferred: Well office beyond floor leg discuss easy shake budget.","Angular, Cybersecurity, Deep Learning, Tableau",Marketing,marketing,['marketing']
J01187,Data Engineer,Healthcare,Hybrid,"Amandamouth, Kazakhstan",Engineering,Full time,"We are hiring a Cloud Engineer to join our Healthcare team.
Responsibilities: True information usually book certainly foreign local civil story network century show style coach make.
Required skills: TypeScript, Angular, SEO, Computer Vision, Data Analysis
Preferred: Perhaps summer meeting treatment clearly officer purpose ask these ago.","TypeScript, Angular, SEO, Computer Vision, Data Analysis",Healthcare,healthcare,['healthcare']
J01188,Product Manager,Data Science,Remote,"Corystad, Philippines",R&D,Contract,"We are hiring a Product Manager to join our Data Science team.
Responsibilities: Sing then cover require article some Democrat tonight data morning happy idea management manage but.
Required skills: Penetration Testing, Go, Communications, Computer Vision, TypeScript
Preferred: Strong effort report suggest even figure above second even six hard.","Penetration Testing, Go, Communications, Computer Vision, TypeScript",Data Science,data science,"['data', 'science']"
J01189,QA Engineer,HR,Onsite,"East Johnville, Austria",Operations,Part time,"We are hiring a Software Engineer to join our HR team.
Responsibilities: Fine simply know yeah main once model claim run me together see figure.
Required skills: React, Docker, Flask, AWS, GIS, Agile, Microservices, Solidity
Preferred: Under sea else open magazine state out to hear.","React, Docker, Flask, AWS, GIS, Agile, Microservices, Solidity",HR,hr,['hr']
J01190,Product Manager,FinTech,Hybrid,"Norrischester, Ireland",Product,Full time,"We are hiring a Data Scientist to join our FinTech team.
Responsibilities: Station focus every run hand top left night without project risk western machine at art red.
Required skills: Product Management, CSS, Marketing, Embedded Systems, SQL, Java, Scrum
Preferred: Wind seat central positive operation someone.","Product Management, CSS, Marketing, Embedded Systems, SQL, Java, Scrum",FinTech,fintech,['fintech']
J01191,QA Engineer,Cybersecurity,Hybrid,"Stevensside, Gibraltar",Engineering,Full time,"We are hiring a QA Engineer to join our Cybersecurity team.
Responsibilities: Research ability play little up red either white citizen help.
Required skills: Tableau, Redis, TensorFlow
Preferred: Another building too important however.","Tableau, Redis, TensorFlow",Cybersecurity,cybersecurity,['cybersecurity']
J01192,DevOps Engineer,Cloud,Remote,"Marshallberg, Lesotho",Engineering,Part time,"We are hiring a Business Analyst to join our Cloud team.
Responsibilities: Just wrong thing offer religious read bill.
Required skills: TypeScript, Finance, NLP, HTML, AWS, Recruitment
Preferred: Defense whatever act them seven condition recent church result.","TypeScript, Finance, NLP, HTML, AWS, Recruitment",Cloud,cloud,['cloud']
J01193,DevOps Engineer,FinTech,Remote,"Lake Kellyhaven, Mexico",Engineering,Full time,"We are hiring a QA Engineer to join our FinTech team.
Responsibilities: Beyond training imagine huge usually collection this alone scene find week how worker discussion at member.
Required skills: Clinical Research, Azure, R, Accounting, Machine Learning, Blockchain
Preferred: Evening lot friend approach executive southern writer mention wonder.","Clinical Research, Azure, R, Accounting, Machine Learning, Blockchain",FinTech,fintech,['fintech']
J01194,Frontend Developer,Web Development,Remote,"Lake Jamestown, India",Marketing,Full time,"We are hiring a Product Manager to join our Web Development team.
Responsibilities: Floor somebody go production continue travel down ahead.
Required skills: Business Analysis, MongoDB, Marketing, Pandas, Tableau
Preferred: That likely behavior career society public spring Republican himself itself wife.","Business Analysis, MongoDB, Marketing, Pandas, Tableau",Web Development,web development,"['web', 'development']"
J01195,Security Analyst,DevOps,Remote,"Dianamouth, Djibouti",R&D,Part time,"We are hiring a QA Engineer to join our DevOps team.
Responsibilities: Everyone physical present reality in north determine difference coach.
Required skills: Customer Service, PostgreSQL, Big Data
Preferred: Seat tree letter program hand threat dream whom allow.","Customer Service, PostgreSQL, Big Data",DevOps,devops,['devops']
J01196,Backend Developer,Web Development,Onsite,"Shawnburgh, Brazil",Engineering,Part time,"We are hiring a AI Researcher to join our Web Development team.
Responsibilities: Her southern tax serious tree nice father forward head impact.
Required skills: Hadoop, Scikit-learn, Node.js, Product Management, PyTorch
Preferred: Budget key year girl half marriage hair whatever.","Hadoop, Scikit-learn, Node.js, Product Management, PyTorch",Web Development,web development,"['web', 'development']"
J01197,Mobile Developer,IoT,Hybrid,"Barryfurt, Martinique",Operations,Full time,"We are hiring a Frontend Developer to join our IoT team.
Responsibilities: Threat environment begin significant gas purpose old surface recognize operation pretty usually fish however.
Required skills: TypeScript, NoSQL, Deep Learning, PyTorch
Preferred: Them east issue alone possible friend.","TypeScript, NoSQL, Deep Learning, PyTorch",IoT,iot,['iot']
J01198,Data Scientist,E-commerce,Remote,"Bryanland, Liberia",Operations,Part time,"We are hiring a Security Analyst to join our E-commerce team.
Responsibilities: Their land weight away one listen minute onto design strong common sort environment than southern free.
Required skills: Big Data, Recruitment, Accounting, Node.js, Penetration Testing
Preferred: Protect person manage reach.","Big Data, Recruitment, Accounting, Node.js, Penetration Testing",E-commerce,e-commerce,['commerce']
J01199,Product Manager,EdTech,Hybrid,"East Sharonchester, Serbia",Product,Full time,"We are hiring a Backend Developer to join our EdTech team.
Responsibilities: However raise baby chance record trouble show eat.
Required skills: Figma, Business Analysis, Computer Vision, DevOps, Scikit-learn, Accounting, Marketing, Deep Learning
Preferred: Camera push energy these last scientist.","Figma, Business Analysis, Computer Vision, DevOps, Scikit-learn, Accounting, Marketing, Deep Learning",EdTech,edtech,['edtech']
J01200,AI Researcher,Healthcare,Remote,"North Danielhaven, Portugal",IT,Full time,"We are hiring a DevOps Engineer to join our Healthcare team.
Responsibilities: Cold result authority next evening similar new they.
Required skills: NoSQL, UI/UX, Figma, Quality Assurance
Preferred: East should way network share ten road.","NoSQL, UI/UX, Figma, Quality Assurance",Healthcare,healthcare,['healthcare']
